Timestamp,EAR,Left_EAR,Right_EAR,Eye_State,PERCLOS,Window_Time,Status
2026-08-26 18:43:56.502501,0.269,0.2675,0.2705,EYES CLOSED,100.0,0.48,CALCULATING
2026-08-26 18:43:56.557009,0.2675,0.2675,0.2674,EYES CLOSED,100.0,0.56,CALCULATING
2026-08-26 18:43:56.584338,0.2726,0.2943,0.251,EYES CLOSED,100.0,0.59,CALCULATING
2026-08-26 18:43:56.599458,0.2813,0.3117,0.251,EYES CLOSED,100.0,0.61,CALCULATING
2026-08-26 18:43:56.615404,0.2895,0.3117,0.2674,EYES CLOSED,100.0,0.62,CALCULATING
2026-08-26 18:43:56.641354,0.2783,0.2978,0.2589,EYES CLOSED,100.0,0.65,CALCULATING
2026-08-26 18:43:56.672437,0.2837,0.301,0.2664,EYES CLOSED,100.0,0.68,CALCULATING
2026-08-26 18:43:56.707399,0.2804,0.2943,0.2664,EYES CLOSED,100.0,0.71,CALCULATING
2026-08-26 18:43:56.741786,0.2761,0.2943,0.2579,EYES CLOSED,100.0,0.75,CALCULATING
2026-08-26 18:43:56.773893,0.2715,0.2842,0.2589,EYES CLOSED,100.0,0.78,CALCULATING
2026-08-26 18:43:56.804493,0.2715,0.2842,0.2589,EYES CLOSED,100.0,0.81,CALCULATING
2026-08-26 18:43:56.840698,0.2715,0.2842,0.2589,EYES CLOSED,100.0,0.84,CALCULATING
2026-08-26 18:43:56.881987,0.271,0.2842,0.2579,EYES CLOSED,100.0,0.89,CALCULATING
2026-08-26 18:43:56.912174,0.271,0.2842,0.2579,EYES CLOSED,100.0,0.92,CALCULATING
2026-08-26 18:43:56.942991,0.2663,0.2747,0.2579,EYES CLOSED,100.0,0.95,CALCULATING
2026-08-26 18:43:56.975694,0.2758,0.2842,0.2674,EYES CLOSED,100.0,0.98,CALCULATING
2026-08-26 18:43:57.007423,0.2828,0.2981,0.2674,EYES CLOSED,100.0,1.02,CALCULATING
2026-08-26 18:43:57.039467,0.2874,0.301,0.2738,EYES CLOSED,100.0,1.05,CALCULATING
2026-08-26 18:43:57.076101,0.2947,0.2911,0.2983,EYES CLOSED,100.0,1.08,CALCULATING
2026-08-26 18:43:57.106018,0.2842,0.301,0.2674,EYES CLOSED,100.0,1.11,CALCULATING
2026-08-26 18:43:57.139263,0.2743,0.2747,0.2738,EYES CLOSED,100.0,1.14,CALCULATING
2026-08-26 18:43:57.174475,0.2786,0.2844,0.2728,EYES CLOSED,100.0,1.18,CALCULATING
2026-08-26 18:43:57.204891,0.2836,0.2844,0.2828,EYES CLOSED,100.0,1.21,CALCULATING
2026-08-26 18:43:57.252936,0.2722,0.2717,0.2728,EYES CLOSED,100.0,1.26,CALCULATING
2026-08-26 18:43:57.285104,0.2786,0.2842,0.2729,EYES CLOSED,100.0,1.29,CALCULATING
2026-08-26 18:43:57.316208,0.287,0.3011,0.2728,EYES CLOSED,100.0,1.32,CALCULATING
2026-08-26 18:43:57.347051,0.2984,0.3071,0.2897,EYES CLOSED,100.0,1.35,CALCULATING
2026-08-26 18:43:57.378457,0.2754,0.301,0.2499,EYES CLOSED,100.0,1.38,CALCULATING
2026-08-26 18:43:57.408794,0.2796,0.2844,0.2748,EYES CLOSED,100.0,1.42,CALCULATING
2026-08-26 18:43:57.441109,0.2875,0.3011,0.2738,EYES CLOSED,100.0,1.45,CALCULATING
2026-08-26 18:43:57.473389,0.2857,0.3061,0.2654,EYES CLOSED,100.0,1.48,CALCULATING
2026-08-26 18:43:57.504923,0.3008,0.3291,0.2726,EYES OPEN,98.01,1.51,CALCULATING
2026-08-26 18:43:57.536649,0.2917,0.3179,0.2654,EYES CLOSED,98.05,1.54,CALCULATING
2026-08-26 18:43:57.570207,0.3008,0.3291,0.2726,EYES OPEN,96.09,1.58,CALCULATING
2026-08-26 18:43:57.622906,0.3087,0.3291,0.2884,EYES OPEN,93.21,1.62,CALCULATING
2026-08-26 18:43:57.653707,0.3052,0.322,0.2884,EYES OPEN,91.41,1.66,CALCULATING
2026-08-26 18:43:57.682864,0.2996,0.317,0.2821,EYES CLOSED,91.58,1.69,CALCULATING
2026-08-26 18:43:57.715479,0.2993,0.3177,0.2808,EYES CLOSED,91.73,1.72,CALCULATING
2026-08-26 18:43:57.745473,0.3139,0.3392,0.2887,EYES OPEN,90.08,1.75,CALCULATING
2026-08-26 18:43:57.779646,0.3221,0.3279,0.3162,EYES OPEN,88.36,1.79,CALCULATING
2026-08-26 18:43:57.812053,0.3199,0.3478,0.2921,EYES OPEN,86.92,1.82,CALCULATING
2026-08-26 18:43:57.842586,0.3091,0.3319,0.2862,EYES OPEN,85.38,1.85,CALCULATING
2026-08-26 18:43:57.874344,0.3239,0.3432,0.3046,EYES OPEN,83.95,1.88,CALCULATING
2026-08-26 18:43:57.908300,0.3104,0.3314,0.2895,EYES OPEN,82.5,1.91,CALCULATING
2026-08-26 18:43:57.940074,0.321,0.3274,0.3146,EYES OPEN,81.11,1.95,CALCULATING
2026-08-26 18:43:57.986583,0.3211,0.3398,0.3023,EYES OPEN,79.22,1.99,CALCULATING
2026-08-26 18:43:58.016513,0.3238,0.3331,0.3146,EYES OPEN,77.96,2.02,CALCULATING
2026-08-26 18:43:58.048828,0.327,0.343,0.311,EYES OPEN,76.71,2.06,CALCULATING
2026-08-26 18:43:58.082562,0.322,0.3461,0.2979,EYES OPEN,75.55,2.09,CALCULATING
2026-08-26 18:43:58.116583,0.3239,0.3428,0.305,EYES OPEN,74.43,2.12,CALCULATING
2026-08-26 18:43:58.151725,0.3118,0.3318,0.2919,EYES OPEN,73.3,2.15,CALCULATING
2026-08-26 18:43:58.182861,0.3459,0.3599,0.3318,EYES OPEN,72.2,2.19,CALCULATING
2026-08-26 18:43:58.212869,0.3506,0.3603,0.341,EYES OPEN,71.21,2.22,CALCULATING
2026-08-26 18:43:58.244477,0.3362,0.3561,0.3162,EYES OPEN,70.16,2.25,CALCULATING
2026-08-26 18:43:58.278618,0.3305,0.3416,0.3194,EYES OPEN,69.19,2.28,CALCULATING
2026-08-26 18:43:58.309842,0.3305,0.3416,0.3194,EYES OPEN,68.25,2.31,CALCULATING
2026-08-26 18:43:58.360454,0.3256,0.3318,0.3194,EYES OPEN,66.86,2.36,CALCULATING
2026-08-26 18:43:58.388283,0.3212,0.3318,0.3107,EYES OPEN,65.97,2.39,CALCULATING
2026-08-26 18:43:58.417487,0.3187,0.3268,0.3107,EYES OPEN,65.11,2.42,CALCULATING
2026-08-26 18:43:58.456183,0.324,0.3318,0.3162,EYES OPEN,64.25,2.46,CALCULATING
2026-08-26 18:43:58.489772,0.3326,0.3459,0.3194,EYES OPEN,63.36,2.49,CALCULATING
2026-08-26 18:43:58.519439,0.3429,0.3499,0.3359,EYES OPEN,62.52,2.52,CALCULATING
2026-08-26 18:43:58.553112,0.3418,0.3673,0.3162,EYES OPEN,61.76,2.56,CALCULATING
2026-08-26 18:43:58.582741,0.3406,0.3607,0.3205,EYES OPEN,61.03,2.59,CALCULATING
2026-08-26 18:43:58.616489,0.3337,0.347,0.3205,EYES OPEN,60.26,2.62,CALCULATING
2026-08-26 18:43:58.649310,0.3352,0.3499,0.3205,EYES OPEN,59.54,2.65,CALCULATING
2026-08-26 18:43:58.695736,0.3356,0.3538,0.3174,EYES OPEN,58.51,2.7,CALCULATING
2026-08-26 18:43:58.727378,0.3337,0.3511,0.3162,EYES OPEN,57.83,2.73,CALCULATING
2026-08-26 18:43:58.758811,0.3205,0.3237,0.3174,EYES OPEN,57.17,2.76,CALCULATING
2026-08-26 18:43:58.788743,0.3156,0.3237,0.3076,EYES OPEN,56.53,2.79,CALCULATING
2026-08-26 18:43:58.820629,0.311,0.328,0.2941,EYES OPEN,55.88,2.82,CALCULATING
2026-08-26 18:43:58.851334,0.3141,0.333,0.2951,EYES OPEN,55.25,2.86,CALCULATING
2026-08-26 18:43:58.886317,0.3197,0.3374,0.302,EYES OPEN,54.62,2.89,CALCULATING
2026-08-26 18:43:58.915219,0.312,0.3387,0.2854,EYES OPEN,54.03,2.92,CALCULATING
2026-08-26 18:43:58.946350,0.3253,0.3511,0.2994,EYES OPEN,53.46,2.95,CALCULATING
2026-08-26 18:43:58.981233,0.3138,0.3281,0.2994,EYES OPEN,52.88,2.98,CALCULATING
2026-08-26 18:43:59.015744,0.3203,0.332,0.3087,EYES OPEN,52.3,3.02,CALCULATING
2026-08-26 18:43:59.062682,0.327,0.3404,0.3137,EYES OPEN,51.49,3.07,CALCULATING
2026-08-26 18:43:59.095624,0.3336,0.3403,0.3269,EYES OPEN,50.95,3.1,CALCULATING
2026-08-26 18:43:59.122659,0.3355,0.3442,0.3269,EYES OPEN,50.44,3.13,CALCULATING
2026-08-26 18:43:59.156708,0.331,0.335,0.3269,EYES OPEN,49.94,3.16,CALCULATING
2026-08-26 18:43:59.186947,0.3294,0.335,0.3237,EYES OPEN,49.45,3.19,CALCULATING
2026-08-26 18:43:59.222216,0.3166,0.3221,0.3111,EYES OPEN,48.95,3.22,CALCULATING
2026-08-26 18:43:59.254735,0.3098,0.3094,0.3101,EYES OPEN,48.47,3.26,CALCULATING
2026-08-26 18:43:59.284002,0.3017,0.3135,0.29,EYES OPEN,48.01,3.29,CALCULATING
2026-08-26 18:43:59.317153,0.3192,0.3361,0.3023,EYES OPEN,47.52,3.32,CALCULATING
2026-08-26 18:43:59.348117,0.3107,0.3145,0.3068,EYES OPEN,47.07,3.35,CALCULATING
2026-08-26 18:43:59.379196,0.3151,0.3233,0.3068,EYES OPEN,46.62,3.39,CALCULATING
2026-08-26 18:43:59.425445,0.319,0.3356,0.3023,EYES OPEN,45.98,3.43,CALCULATING
2026-08-26 18:43:59.459220,0.3129,0.331,0.2948,EYES OPEN,45.57,3.46,CALCULATING
2026-08-26 18:43:59.498692,0.3117,0.331,0.2923,EYES OPEN,45.11,3.5,CALCULATING
2026-08-26 18:43:59.532844,0.3192,0.3435,0.2948,EYES OPEN,44.68,3.53,CALCULATING
2026-08-26 18:43:59.563223,0.3214,0.3489,0.2939,EYES OPEN,44.29,3.56,CALCULATING
2026-08-26 18:43:59.593211,0.3184,0.3455,0.2913,EYES OPEN,43.9,3.6,CALCULATING
2026-08-26 18:43:59.625376,0.3128,0.3318,0.2939,EYES OPEN,43.52,3.63,CALCULATING
2026-08-26 18:43:59.653948,0.323,0.3318,0.3143,EYES OPEN,43.16,3.66,CALCULATING
2026-08-26 18:43:59.686434,0.3218,0.3318,0.3117,EYES OPEN,42.78,3.69,CALCULATING
2026-08-26 18:43:59.720362,0.3216,0.3493,0.2939,EYES OPEN,42.41,3.72,CALCULATING
2026-08-26 18:43:59.754286,0.3207,0.3356,0.3058,EYES OPEN,42.04,3.75,CALCULATING
2026-08-26 18:43:59.800342,0.3247,0.3435,0.3058,EYES OPEN,41.51,3.8,CALCULATING
2026-08-26 18:43:59.832985,0.3255,0.3478,0.3033,EYES OPEN,41.15,3.84,CALCULATING
2026-08-26 18:43:59.861989,0.3234,0.3434,0.3033,EYES OPEN,40.85,3.86,CALCULATING
2026-08-26 18:43:59.894718,0.3294,0.3435,0.3153,EYES OPEN,40.5,3.9,CALCULATING
2026-08-26 18:43:59.926570,0.3257,0.3435,0.308,EYES OPEN,40.17,3.93,CALCULATING
2026-08-26 18:43:59.957456,0.3174,0.3435,0.2913,EYES OPEN,39.85,3.96,CALCULATING
2026-08-26 18:43:59.988728,0.3174,0.3435,0.2913,EYES OPEN,39.53,3.99,CALCULATING
2026-08-26 18:44:00.020845,0.3174,0.3435,0.2913,EYES OPEN,39.22,4.02,CALCULATING
2026-08-26 18:44:00.052074,0.3129,0.331,0.2948,EYES OPEN,38.9,4.06,CALCULATING
2026-08-26 18:44:00.082317,0.3172,0.331,0.3033,EYES OPEN,38.61,4.09,CALCULATING
2026-08-26 18:44:00.117783,0.3184,0.331,0.3058,EYES OPEN,38.3,4.12,CALCULATING
2026-08-26 18:44:00.164341,0.3146,0.3356,0.2936,EYES OPEN,37.87,4.17,CALCULATING
2026-08-26 18:44:00.195527,0.3126,0.3316,0.2936,EYES OPEN,37.56,4.2,CALCULATING
2026-08-26 18:44:00.224325,0.3126,0.3316,0.2936,EYES OPEN,37.29,4.23,CALCULATING
2026-08-26 18:44:00.260622,0.3063,0.319,0.2936,EYES OPEN,37.01,4.26,CALCULATING
2026-08-26 18:44:00.296140,0.3067,0.3199,0.2936,EYES OPEN,36.73,4.3,CALCULATING
2026-08-26 18:44:00.327295,0.308,0.3199,0.2961,EYES OPEN,36.45,4.33,CALCULATING
2026-08-26 18:44:00.357291,0.308,0.3199,0.2961,EYES OPEN,36.19,4.36,CALCULATING
2026-08-26 18:44:00.389909,0.3061,0.3187,0.2936,EYES OPEN,35.93,4.39,CALCULATING
2026-08-26 18:44:00.421704,0.308,0.3199,0.2961,EYES OPEN,35.67,4.42,CALCULATING
2026-08-26 18:44:00.451525,0.3172,0.331,0.3033,EYES OPEN,35.42,4.46,CALCULATING
2026-08-26 18:44:00.483672,0.3135,0.331,0.2961,EYES OPEN,35.15,4.49,CALCULATING
2026-08-26 18:44:00.537576,0.3165,0.3271,0.3058,EYES OPEN,34.79,4.54,CALCULATING
2026-08-26 18:44:00.568839,0.3138,0.3316,0.2961,EYES OPEN,34.53,4.57,CALCULATING
2026-08-26 18:44:00.593257,0.316,0.3435,0.2886,EYES OPEN,34.31,4.6,CALCULATING
2026-08-26 18:44:00.634141,0.3139,0.3434,0.2844,EYES OPEN,34.05,4.64,CALCULATING
2026-08-26 18:44:00.669433,0.3247,0.3435,0.3058,EYES OPEN,33.82,4.67,CALCULATING
2026-08-26 18:44:00.699152,0.3175,0.339,0.2961,EYES OPEN,33.57,4.7,CALCULATING
2026-08-26 18:44:00.727079,0.321,0.3435,0.2985,EYES OPEN,33.35,4.73,CALCULATING
2026-08-26 18:44:00.757129,0.3175,0.339,0.2961,EYES OPEN,33.15,4.76,CALCULATING
2026-08-26 18:44:00.791104,0.3179,0.3397,0.2961,EYES OPEN,32.92,4.79,CALCULATING
2026-08-26 18:44:00.822378,0.3197,0.3434,0.2961,EYES OPEN,32.71,4.83,CALCULATING
2026-08-26 18:44:00.853107,0.3141,0.339,0.2891,EYES OPEN,32.49,4.86,CALCULATING
2026-08-26 18:44:00.871360,0.3223,0.3511,0.2936,EYES OPEN,32.39,4.87,CALCULATING
2026-08-26 18:44:00.934703,0.3263,0.3553,0.2973,EYES OPEN,31.97,4.94,CALCULATING
2026-08-26 18:44:00.966586,0.3257,0.3424,0.3089,EYES OPEN,31.76,4.97,CALCULATING
2026-08-26 18:44:00.998867,0.3268,0.3424,0.3111,EYES OPEN,31.56,5.0,CALCULATING
2026-08-26 18:44:01.029563,0.3384,0.3541,0.3227,EYES OPEN,31.37,5.03,CALCULATING
2026-08-26 18:44:01.061465,0.349,0.3753,0.3227,EYES OPEN,31.16,5.06,CALCULATING
2026-08-26 18:44:01.092578,0.349,0.3753,0.3227,EYES OPEN,30.97,5.1,CALCULATING
2026-08-26 18:44:01.123629,0.3615,0.3753,0.3478,EYES OPEN,30.77,5.13,CALCULATING
2026-08-26 18:44:01.153676,0.361,0.3742,0.3478,EYES OPEN,30.59,5.16,CALCULATING
2026-08-26 18:44:01.186052,0.3544,0.3742,0.3347,EYES OPEN,30.4,5.19,CALCULATING
2026-08-26 18:44:01.211198,0.3563,0.3703,0.3424,EYES OPEN,30.27,5.21,CALCULATING
2026-08-26 18:44:01.232354,0.3593,0.3742,0.3444,EYES OPEN,30.17,5.23,CALCULATING
2026-08-26 18:44:01.272593,0.361,0.3742,0.3479,EYES OPEN,29.92,5.27,CALCULATING
2026-08-26 18:44:01.338785,0.3689,0.3805,0.3573,EYES OPEN,29.56,5.34,CALCULATING
2026-08-26 18:44:01.369388,0.3699,0.3805,0.3592,EYES OPEN,29.39,5.37,CALCULATING
2026-08-26 18:44:01.398180,0.369,0.3805,0.3575,EYES OPEN,29.22,5.4,CALCULATING
2026-08-26 18:44:01.444546,0.377,0.3805,0.3734,EYES OPEN,29.04,5.43,CALCULATING
2026-08-26 18:44:01.457526,0.3815,0.4005,0.3625,EYES OPEN,28.88,5.47,CALCULATING
2026-08-26 18:44:01.493569,0.3816,0.3991,0.364,EYES OPEN,28.72,5.5,CALCULATING
2026-08-26 18:44:01.523092,0.3761,0.3991,0.353,EYES OPEN,28.55,5.53,CALCULATING
2026-08-26 18:44:01.553169,0.3761,0.3991,0.353,EYES OPEN,28.39,5.56,CALCULATING
2026-08-26 18:44:01.571289,0.3761,0.3991,0.353,EYES OPEN,28.32,5.57,CALCULATING
2026-08-26 18:44:01.607253,0.3761,0.3991,0.353,EYES OPEN,28.16,5.6,CALCULATING
2026-08-26 18:44:01.640188,0.3779,0.4027,0.353,EYES OPEN,27.98,5.64,CALCULATING
2026-08-26 18:44:01.669849,0.3779,0.4027,0.353,EYES OPEN,27.81,5.68,CALCULATING
2026-08-26 18:44:01.728763,0.3833,0.4027,0.364,EYES OPEN,27.51,5.74,CALCULATING
2026-08-26 18:44:01.760118,0.384,0.404,0.364,EYES OPEN,27.36,5.77,CALCULATING
2026-08-26 18:44:01.793422,0.384,0.404,0.364,EYES OPEN,27.21,5.8,CALCULATING
2026-08-26 18:44:01.831617,0.3781,0.3922,0.364,EYES OPEN,27.06,5.83,CALCULATING
2026-08-26 18:44:01.857661,0.3774,0.3922,0.3625,EYES OPEN,26.91,5.86,CALCULATING
2026-08-26 18:44:01.890313,0.3774,0.3922,0.3625,EYES OPEN,26.76,5.9,CALCULATING
2026-08-26 18:44:01.919835,0.3726,0.3828,0.3625,EYES OPEN,26.62,5.93,CALCULATING
2026-08-26 18:44:01.940853,0.3726,0.3828,0.3625,EYES OPEN,26.54,5.95,CALCULATING
2026-08-26 18:44:01.952495,0.3726,0.3828,0.3625,EYES OPEN,26.48,5.96,CALCULATING
2026-08-26 18:44:02.001242,0.375,0.397,0.353,EYES OPEN,26.27,6.01,CALCULATING
2026-08-26 18:44:02.038193,0.377,0.397,0.3571,EYES OPEN,26.13,6.04,CALCULATING
2026-08-26 18:44:02.096770,0.3644,0.3857,0.3431,EYES OPEN,25.86,6.1,CALCULATING
2026-08-26 18:44:02.135715,0.3644,0.3857,0.3431,EYES OPEN,25.72,6.14,CALCULATING
2026-08-26 18:44:02.169174,0.3554,0.3702,0.3406,EYES OPEN,25.59,6.17,CALCULATING
2026-08-26 18:44:02.198211,0.3477,0.3632,0.3322,EYES OPEN,25.46,6.2,CALCULATING
2026-08-26 18:44:02.228629,0.3478,0.3632,0.3324,EYES OPEN,25.32,6.23,CALCULATING
2026-08-26 18:44:02.257623,0.3456,0.3588,0.3324,EYES OPEN,25.19,6.26,CALCULATING
2026-08-26 18:44:02.292730,0.3456,0.3588,0.3324,EYES OPEN,25.07,6.3,CALCULATING
2026-08-26 18:44:02.312400,0.3442,0.3588,0.3297,EYES OPEN,24.98,6.32,CALCULATING
2026-08-26 18:44:02.330255,0.3442,0.3588,0.3297,EYES OPEN,24.92,6.33,CALCULATING
2026-08-26 18:44:02.373706,0.3471,0.3632,0.3311,EYES OPEN,24.75,6.38,CALCULATING
2026-08-26 18:44:02.408286,0.3522,0.3721,0.3324,EYES OPEN,24.62,6.41,CALCULATING
2026-08-26 18:44:02.440347,0.3545,0.3766,0.3324,EYES OPEN,24.5,6.44,CALCULATING
2026-08-26 18:44:02.468264,0.3522,0.3721,0.3324,EYES OPEN,24.39,6.47,CALCULATING
2026-08-26 18:44:02.534707,0.3411,0.3617,0.3204,EYES OPEN,24.15,6.54,CALCULATING
2026-08-26 18:44:02.566889,0.3411,0.3617,0.3204,EYES OPEN,24.03,6.57,CALCULATING
2026-08-26 18:44:02.604151,0.3355,0.3617,0.3092,EYES OPEN,23.91,6.6,CALCULATING
2026-08-26 18:44:02.628328,0.33,0.3617,0.2983,EYES OPEN,23.8,6.63,CALCULATING
2026-08-26 18:44:02.660957,0.2599,0.3012,0.2185,EYES CLOSED,24.17,6.66,CALCULATING
2026-08-26 18:44:02.682675,0.247,0.2925,0.2014,EYES CLOSED,24.47,6.69,CALCULATING
2026-08-26 18:44:02.703936,0.2433,0.2806,0.2061,EYES CLOSED,24.63,6.71,CALCULATING
2026-08-26 18:44:02.737767,0.2439,0.2858,0.202,EYES CLOSED,25.06,6.74,CALCULATING
2026-08-26 18:44:02.772436,0.2362,0.2858,0.1866,EYES CLOSED,25.44,6.78,CALCULATING
2026-08-26 18:44:02.801598,0.2218,0.257,0.1866,EYES CLOSED,25.78,6.81,CALCULATING
2026-08-26 18:44:02.836677,0.2199,0.2574,0.1825,EYES CLOSED,26.12,6.84,CALCULATING
2026-08-26 18:44:02.863659,0.2287,0.275,0.1825,EYES CLOSED,26.45,6.87,CALCULATING
2026-08-26 18:44:02.927984,0.2297,0.2574,0.202,EYES CLOSED,27.14,6.94,CALCULATING
2026-08-26 18:44:02.962309,0.2157,0.2346,0.1968,EYES CLOSED,27.48,6.97,CALCULATING
2026-08-26 18:44:02.995121,0.2216,0.2463,0.1968,EYES CLOSED,27.82,7.0,CALCULATING
2026-08-26 18:44:03.024291,0.2244,0.2515,0.1974,EYES CLOSED,28.14,7.03,CALCULATING
2026-08-26 18:44:03.038299,0.2244,0.2515,0.1974,EYES CLOSED,28.28,7.05,CALCULATING
2026-08-26 18:44:03.055874,0.2272,0.2571,0.1974,EYES CLOSED,28.46,7.06,CALCULATING
2026-08-26 18:44:03.104722,0.2307,0.2636,0.1978,EYES CLOSED,28.94,7.11,CALCULATING
2026-08-26 18:44:03.135431,0.2224,0.2636,0.1811,EYES CLOSED,29.26,7.14,CALCULATING
2026-08-26 18:44:03.169464,0.2191,0.2463,0.1918,EYES CLOSED,29.58,7.18,CALCULATING
2026-08-26 18:44:03.200061,0.2137,0.2356,0.1918,EYES CLOSED,29.89,7.21,CALCULATING
2026-08-26 18:44:03.233615,0.205,0.2294,0.1806,EYES CLOSED,30.2,7.24,CALCULATING
2026-08-26 18:44:03.297433,0.1974,0.2235,0.1713,EYES CLOSED,30.81,7.3,CALCULATING
2026-08-26 18:44:03.329604,0.1974,0.2235,0.1713,EYES CLOSED,31.11,7.34,CALCULATING
2026-08-26 18:44:03.360315,0.1922,0.2235,0.1608,EYES CLOSED,31.41,7.37,CALCULATING
2026-08-26 18:44:03.393679,0.201,0.2471,0.155,EYES CLOSED,31.7,7.4,CALCULATING
2026-08-26 18:44:03.411989,0.2036,0.2526,0.1545,EYES CLOSED,31.88,7.42,CALCULATING
2026-08-26 18:44:03.427590,0.1987,0.2526,0.1448,EYES CLOSED,32.01,7.43,CALCULATING
2026-08-26 18:44:03.477013,0.1987,0.2526,0.1448,EYES CLOSED,32.44,7.48,CALCULATING
2026-08-26 18:44:03.505893,0.1985,0.2526,0.1444,EYES CLOSED,32.72,7.51,CALCULATING
2026-08-26 18:44:03.537319,0.2054,0.2459,0.165,EYES CLOSED,33.01,7.54,CALCULATING
2026-08-26 18:44:03.568175,0.2056,0.2463,0.165,EYES CLOSED,33.29,7.58,CALCULATING
2026-08-26 18:44:03.600381,0.2109,0.2463,0.1754,EYES CLOSED,33.58,7.61,CALCULATING
2026-08-26 18:44:03.632039,0.2114,0.2463,0.1765,EYES CLOSED,33.85,7.64,CALCULATING
2026-08-26 18:44:03.699569,0.2225,0.2634,0.1816,EYES CLOSED,34.4,7.7,CALCULATING
2026-08-26 18:44:03.728082,0.222,0.263,0.181,EYES CLOSED,34.68,7.74,CALCULATING
2026-08-26 18:44:03.762648,0.2131,0.2599,0.1664,EYES CLOSED,34.95,7.77,CALCULATING
2026-08-26 18:44:03.784344,0.2148,0.2594,0.1702,EYES CLOSED,35.12,7.79,CALCULATING
2026-08-26 18:44:03.799464,0.2109,0.2484,0.1734,EYES CLOSED,35.25,7.8,CALCULATING
2026-08-26 18:44:03.842545,0.1987,0.2388,0.1586,EYES CLOSED,35.61,7.85,CALCULATING
2026-08-26 18:44:03.874780,0.1894,0.2309,0.1478,EYES CLOSED,35.87,7.88,CALCULATING
2026-08-26 18:44:03.906231,0.2187,0.2592,0.1782,EYES CLOSED,36.13,7.91,CALCULATING
2026-08-26 18:44:03.936882,0.2161,0.2526,0.1795,EYES CLOSED,36.38,7.94,CALCULATING
2026-08-26 18:44:03.969797,0.2134,0.2463,0.1806,EYES CLOSED,36.64,7.98,CALCULATING
2026-08-26 18:44:04.002715,0.2134,0.2463,0.1806,EYES CLOSED,36.89,8.01,CALCULATING
2026-08-26 18:44:04.035536,0.2137,0.2469,0.1806,EYES CLOSED,37.14,8.04,CALCULATING
2026-08-26 18:44:04.096828,0.194,0.224,0.164,EYES CLOSED,37.64,8.1,CALCULATING
2026-08-26 18:44:04.130779,0.2066,0.2526,0.1605,EYES CLOSED,37.89,8.14,CALCULATING
2026-08-26 18:44:04.154537,0.2012,0.2309,0.1715,EYES CLOSED,38.06,8.16,CALCULATING
2026-08-26 18:44:04.168914,0.2121,0.2526,0.1715,EYES CLOSED,38.18,8.17,CALCULATING
2026-08-26 18:44:04.209848,0.2187,0.2526,0.1848,EYES CLOSED,38.49,8.22,CALCULATING
2026-08-26 18:44:04.246561,0.2078,0.2306,0.1851,EYES CLOSED,38.73,8.25,CALCULATING
2026-08-26 18:44:04.272692,0.2479,0.2665,0.2292,EYES CLOSED,38.96,8.28,CALCULATING
2026-08-26 18:44:04.305993,0.2491,0.2785,0.2197,EYES CLOSED,39.2,8.31,CALCULATING
2026-08-26 18:44:04.341529,0.2412,0.2666,0.2158,EYES CLOSED,39.43,8.34,CALCULATING
2026-08-26 18:44:04.371032,0.2251,0.2484,0.2018,EYES CLOSED,39.67,8.38,CALCULATING
2026-08-26 18:44:04.401432,0.2384,0.2609,0.2158,EYES CLOSED,39.89,8.41,CALCULATING
2026-08-26 18:44:04.433201,0.2388,0.2877,0.1899,EYES CLOSED,40.12,8.44,CALCULATING
2026-08-26 18:44:04.497745,0.2702,0.3048,0.2356,EYES CLOSED,40.57,8.5,CALCULATING
2026-08-26 18:44:04.525394,0.2585,0.2878,0.2293,EYES CLOSED,40.76,8.53,CALCULATING
2026-08-26 18:44:04.542009,0.2511,0.2897,0.2126,EYES CLOSED,40.87,8.55,CALCULATING
2026-08-26 18:44:04.578129,0.2535,0.2897,0.2174,EYES CLOSED,41.13,8.58,CALCULATING
2026-08-26 18:44:04.610003,0.2464,0.2898,0.2031,EYES CLOSED,41.34,8.62,CALCULATING
2026-08-26 18:44:04.642130,0.2415,0.2763,0.2067,EYES CLOSED,41.56,8.65,CALCULATING
2026-08-26 18:44:04.675042,0.2469,0.2764,0.2174,EYES CLOSED,41.78,8.68,CALCULATING
2026-08-26 18:44:04.703964,0.2758,0.3192,0.2324,EYES CLOSED,41.99,8.71,CALCULATING
2026-08-26 18:44:04.737834,0.2724,0.3124,0.2324,EYES CLOSED,42.21,8.74,CALCULATING
2026-08-26 18:44:04.771201,0.258,0.3069,0.2091,EYES CLOSED,42.42,8.78,CALCULATING
2026-08-26 18:44:04.804430,0.2207,0.2935,0.1479,EYES CLOSED,42.63,8.81,CALCULATING
2026-08-26 18:44:04.832580,0.1581,0.2087,0.1075,EYES CLOSED,42.83,8.84,CALCULATING
2026-08-26 18:44:04.865841,0.1468,0.1951,0.0986,EYES CLOSED,43.04,8.87,CALCULATING
2026-08-26 18:44:04.897293,0.2059,0.2508,0.161,EYES CLOSED,43.25,8.9,CALCULATING
2026-08-26 18:44:04.944343,0.2553,0.2846,0.226,EYES CLOSED,43.55,8.95,CALCULATING
2026-08-26 18:44:04.975044,0.2756,0.3166,0.2345,EYES CLOSED,43.74,8.98,CALCULATING
2026-08-26 18:44:05.011118,0.2763,0.3124,0.2402,EYES CLOSED,43.95,9.02,CALCULATING
2026-08-26 18:44:05.042719,0.2906,0.3209,0.2603,EYES CLOSED,44.14,9.05,CALCULATING
2026-08-26 18:44:05.071572,0.2735,0.3076,0.2394,EYES CLOSED,44.34,9.08,CALCULATING
2026-08-26 18:44:05.104178,0.2898,0.3209,0.2586,EYES CLOSED,44.54,9.11,CALCULATING
2026-08-26 18:44:05.138140,0.2893,0.3166,0.262,EYES CLOSED,44.73,9.14,CALCULATING
2026-08-26 18:44:05.169113,0.298,0.3251,0.2708,EYES CLOSED,44.93,9.18,CALCULATING
2026-08-26 18:44:05.201222,0.2801,0.3122,0.2481,EYES CLOSED,45.12,9.21,CALCULATING
2026-08-26 18:44:05.233863,0.2928,0.3344,0.2511,EYES CLOSED,45.31,9.24,CALCULATING
2026-08-26 18:44:05.265212,0.2882,0.3076,0.2688,EYES CLOSED,45.5,9.27,CALCULATING
2026-08-26 18:44:05.311714,0.2786,0.2992,0.258,EYES CLOSED,45.77,9.32,CALCULATING
2026-08-26 18:44:05.344523,0.291,0.325,0.257,EYES CLOSED,45.96,9.35,CALCULATING
2026-08-26 18:44:05.377723,0.2965,0.3209,0.272,EYES CLOSED,46.15,9.38,CALCULATING
2026-08-26 18:44:05.407751,0.3,0.3302,0.2698,EYES CLOSED,46.33,9.42,CALCULATING
2026-08-26 18:44:05.439949,0.2934,0.3136,0.2731,EYES CLOSED,46.51,9.45,CALCULATING
2026-08-26 18:44:05.474623,0.2933,0.3135,0.2731,EYES CLOSED,46.69,9.48,CALCULATING
2026-08-26 18:44:05.504316,0.2875,0.3193,0.2556,EYES CLOSED,46.87,9.51,CALCULATING
2026-08-26 18:44:05.539553,0.2642,0.2914,0.237,EYES CLOSED,47.05,9.54,CALCULATING
2026-08-26 18:44:05.570211,0.2824,0.3012,0.2637,EYES CLOSED,47.23,9.58,CALCULATING
2026-08-26 18:44:05.603030,0.2837,0.3044,0.263,EYES CLOSED,47.4,9.61,CALCULATING
2026-08-26 18:44:05.635054,0.3006,0.3287,0.2725,EYES OPEN,47.24,9.64,CALCULATING
2026-08-26 18:44:05.681318,0.2953,0.3563,0.2344,EYES CLOSED,47.5,9.69,CALCULATING
2026-08-26 18:44:05.712700,0.2831,0.3008,0.2655,EYES CLOSED,47.68,9.72,CALCULATING
2026-08-26 18:44:05.745828,0.2591,0.2674,0.2508,EYES CLOSED,47.85,9.75,CALCULATING
2026-08-26 18:44:05.778225,0.2639,0.2547,0.2731,EYES CLOSED,48.02,9.78,CALCULATING
2026-08-26 18:44:05.811056,0.2448,0.2544,0.2352,EYES CLOSED,48.19,9.82,CALCULATING
2026-08-26 18:44:05.840444,0.2571,0.2712,0.2429,EYES CLOSED,48.36,9.85,CALCULATING
2026-08-26 18:44:05.877470,0.2157,0.2058,0.2257,EYES CLOSED,48.53,9.88,CALCULATING
2026-08-26 18:44:05.905578,0.2408,0.2393,0.2424,EYES CLOSED,48.69,9.91,CALCULATING
2026-08-26 18:44:05.936250,0.2135,0.2018,0.2253,EYES CLOSED,48.86,9.94,CALCULATING
2026-08-26 18:44:05.968471,0.1891,0.1967,0.1815,EYES CLOSED,49.02,9.98,CALCULATING
2026-08-26 18:44:06.015809,0.1992,0.2086,0.1897,EYES CLOSED,49.26,10.02,CALCULATING
2026-08-26 18:44:06.048548,0.1813,0.1742,0.1884,EYES CLOSED,49.42,10.06,CALCULATING
2026-08-26 18:44:06.083211,0.1902,0.2078,0.1727,EYES CLOSED,49.59,10.09,CALCULATING
2026-08-26 18:44:06.115283,0.2071,0.2416,0.1727,EYES CLOSED,49.75,10.12,CALCULATING
2026-08-26 18:44:06.144804,0.2069,0.216,0.1979,EYES CLOSED,49.9,10.15,CALCULATING
2026-08-26 18:44:06.178510,0.2188,0.256,0.1817,EYES CLOSED,50.06,10.18,CALCULATING
2026-08-26 18:44:06.208342,0.2628,0.2919,0.2337,EYES CLOSED,50.22,10.22,CALCULATING
2026-08-26 18:44:06.241786,0.2314,0.2531,0.2097,EYES CLOSED,50.37,10.25,CALCULATING
2026-08-26 18:44:06.272729,0.2254,0.2392,0.2116,EYES CLOSED,50.53,10.28,CALCULATING
2026-08-26 18:44:06.303204,0.2303,0.2531,0.2075,EYES CLOSED,50.68,10.31,CALCULATING
2026-08-26 18:44:06.337141,0.2129,0.2375,0.1883,EYES CLOSED,50.84,10.34,CALCULATING
2026-08-26 18:44:06.384943,0.2175,0.261,0.174,EYES CLOSED,51.06,10.39,CALCULATING
2026-08-26 18:44:06.421070,0.2043,0.2357,0.173,EYES CLOSED,51.21,10.42,CALCULATING
2026-08-26 18:44:06.447541,0.2102,0.2439,0.1764,EYES CLOSED,51.36,10.46,CALCULATING
2026-08-26 18:44:06.480995,0.2178,0.2639,0.1718,EYES CLOSED,51.51,10.49,CALCULATING
2026-08-26 18:44:06.511916,0.1937,0.2287,0.1586,EYES CLOSED,51.66,10.52,CALCULATING
2026-08-26 18:44:06.546073,0.1923,0.2439,0.1406,EYES CLOSED,51.81,10.55,CALCULATING
2026-08-31 11:05:18,0.2252,0.2840,0.2546,1.9420,EYES OPEN,NO,0.0000
2026-08-31 11:05:18,0.1214,0.1539,0.1376,1.8926,EYES OPEN,NO,0.0000
2026-08-31 11:05:18,0.1175,0.1403,0.1289,1.9272,EYES CLOSED,NO,33.3333
2026-08-31 11:05:18,0.1156,0.1447,0.1302,1.9999,EYES CLOSED,NO,50.0000
2026-08-31 11:05:18,0.1530,0.1763,0.1647,2.0530,EYES CLOSED,NO,60.0000
2026-08-31 11:05:18,0.1998,0.2226,0.2112,2.1447,EYES CLOSED,NO,66.6667
2026-08-31 11:05:18,0.2250,0.2513,0.2382,2.2906,EYES CLOSED,NO,71.4286
2026-08-31 11:05:18,0.2406,0.2739,0.2573,2.3865,EYES CLOSED,NO,75.0000
2026-08-31 11:05:18,0.2526,0.2844,0.2685,2.4679,EYES CLOSED,NO,77.7778
2026-08-31 11:05:18,0.2511,0.2829,0.2670,2.6221,EYES CLOSED,NO,80.0000
2026-08-31 11:05:18,0.2509,0.2858,0.2684,3.2488,EYES CLOSED,NO,81.8182
2026-08-31 11:05:19,0.2515,0.2848,0.2682,3.8071,EYES CLOSED,NO,83.3333
2026-08-31 11:05:19,0.2491,0.2852,0.2672,4.3629,EYES CLOSED,NO,84.6154
2026-08-31 11:05:19,0.2494,0.2866,0.2680,4.8742,EYES CLOSED,NO,85.7143
2026-08-31 11:05:19,0.2481,0.2840,0.2661,5.1967,EYES CLOSED,NO,86.6667
2026-08-31 11:05:19,0.2455,0.2801,0.2628,5.0055,EYES CLOSED,NO,87.5000
2026-08-31 11:05:19,0.2399,0.2745,0.2572,4.8180,EYES CLOSED,NO,88.2353
2026-08-31 11:05:19,0.2383,0.2730,0.2556,4.4818,EYES CLOSED,NO,88.8889
2026-08-31 11:05:19,0.2368,0.2727,0.2548,4.0051,EYES CLOSED,NO,89.4737
2026-08-31 11:05:19,0.2352,0.2722,0.2537,3.5254,EYES CLOSED,NO,90.0000
2026-08-31 11:05:19,0.2354,0.2721,0.2538,3.0109,EYES CLOSED,NO,90.4762
2026-08-31 11:05:19,0.2297,0.2661,0.2479,2.4798,EYES CLOSED,NO,90.9091
2026-08-31 11:05:19,0.2250,0.2595,0.2423,2.0951,EYES CLOSED,NO,91.3043
2026-08-31 11:05:19,0.2219,0.2562,0.2391,1.8617,EYES CLOSED,NO,91.6667
2026-08-31 11:05:19,0.2194,0.2547,0.2370,1.7273,EYES CLOSED,NO,92.0000
2026-08-31 11:05:19,0.2188,0.2536,0.2362,1.6397,EYES CLOSED,NO,92.3077
2026-08-31 11:05:19,0.2181,0.2520,0.2351,1.5995,EYES CLOSED,NO,92.5926
2026-08-31 11:05:19,0.2177,0.2511,0.2344,1.5810,EYES CLOSED,NO,92.8571
2026-08-31 11:05:19,0.2168,0.2495,0.2331,1.5651,EYES CLOSED,NO,93.1034
2026-08-31 11:05:19,0.2161,0.2492,0.2326,1.5498,EYES CLOSED,NO,93.3333
2026-08-31 11:05:19,0.2154,0.2482,0.2318,1.5307,EYES CLOSED,NO,93.5484
2026-08-31 11:05:19,0.2149,0.2471,0.2310,1.4999,EYES CLOSED,NO,93.7500
2026-08-31 11:05:19,0.2129,0.2449,0.2289,1.4572,EYES CLOSED,NO,93.9394
2026-08-31 11:05:19,0.2124,0.2435,0.2280,1.4152,EYES CLOSED,NO,94.1176
2026-08-31 11:05:19,0.2121,0.2437,0.2279,1.3820,EYES CLOSED,NO,94.2857
2026-08-31 11:05:19,0.2111,0.2426,0.2269,1.3550,EYES CLOSED,NO,94.4444
2026-08-31 11:05:20,0.2104,0.2423,0.2263,1.3507,EYES CLOSED,NO,94.5946
2026-08-31 11:05:20,0.2089,0.2408,0.2249,1.3607,EYES CLOSED,NO,94.7368
2026-08-31 11:05:20,0.2068,0.2393,0.2231,1.3719,EYES CLOSED,NO,94.8718
2026-08-31 11:05:20,0.2053,0.2379,0.2216,1.4142,EYES CLOSED,NO,95.0000
2026-08-31 11:05:20,0.2046,0.2375,0.2211,1.4770,EYES CLOSED,NO,95.1220
2026-08-31 11:05:20,0.2039,0.2372,0.2206,1.5418,EYES CLOSED,NO,95.2381
2026-08-31 11:05:20,0.2044,0.2383,0.2213,1.6177,EYES CLOSED,NO,95.3488
2026-08-31 11:05:20,0.2034,0.2376,0.2205,1.7299,EYES CLOSED,NO,95.4545
2026-08-31 11:05:20,0.2026,0.2371,0.2199,1.8269,EYES CLOSED,NO,95.5556
2026-08-31 11:05:20,0.2014,0.2364,0.2189,1.8669,EYES CLOSED,NO,95.6522
2026-08-31 11:05:20,0.2012,0.2360,0.2186,1.8954,EYES CLOSED,NO,95.7447
2026-08-31 11:05:20,0.2018,0.2356,0.2187,1.9621,EYES CLOSED,NO,95.8333
2026-08-31 11:05:20,0.2022,0.2353,0.2187,1.9961,EYES CLOSED,NO,95.9184
2026-08-31 11:05:20,0.2023,0.2352,0.2188,1.9518,EYES CLOSED,NO,96.0000
2026-08-31 11:05:20,0.2027,0.2352,0.2189,1.9124,EYES CLOSED,NO,96.0784
2026-08-31 11:05:20,0.2027,0.2352,0.2190,1.8494,EYES CLOSED,NO,96.1538
2026-08-31 11:05:20,0.2025,0.2350,0.2187,1.7175,EYES CLOSED,NO,96.2264
2026-08-31 11:05:20,0.2021,0.2347,0.2184,1.5644,EYES CLOSED,NO,96.2963
2026-08-31 11:05:20,0.2021,0.2346,0.2183,1.4596,EYES CLOSED,NO,96.3636
2026-08-31 11:05:20,0.2018,0.2341,0.2180,1.3658,EYES CLOSED,NO,96.4286
2026-08-31 11:05:20,0.2025,0.2344,0.2184,1.2857,EYES CLOSED,NO,96.4912
2026-08-31 11:05:20,0.2026,0.2344,0.2185,1.2048,EYES CLOSED,NO,96.5517
2026-08-31 11:05:20,0.2028,0.2345,0.2186,1.1169,EYES CLOSED,NO,96.6102
2026-08-31 11:05:20,0.2028,0.2345,0.2186,1.0379,EYES CLOSED,NO,96.6667
2026-08-31 11:05:20,0.2030,0.2344,0.2187,0.9744,EYES CLOSED,NO,96.7213
2026-08-31 11:05:20,0.2031,0.2342,0.2186,0.9166,EYES CLOSED,NO,96.7742
2026-08-31 11:05:20,0.2028,0.2340,0.2184,0.8762,EYES CLOSED,NO,96.8254
2026-08-31 11:05:20,0.2030,0.2340,0.2185,0.8582,EYES CLOSED,NO,96.8750
2026-08-31 11:05:21,0.2026,0.2339,0.2182,0.8401,EYES CLOSED,NO,96.9231
2026-08-31 11:05:21,0.2013,0.2337,0.2175,0.8256,EYES CLOSED,NO,96.9697
2026-08-31 11:05:21,0.2017,0.2336,0.2176,0.8128,EYES CLOSED,NO,97.0149
2026-08-31 11:05:21,0.2016,0.2332,0.2174,0.8012,EYES CLOSED,NO,97.0588
2026-08-31 11:05:21,0.2014,0.2333,0.2174,0.7889,EYES CLOSED,NO,97.1014
2026-08-31 11:05:21,0.2016,0.2336,0.2176,0.7840,EYES CLOSED,NO,97.1429
2026-08-31 11:05:21,0.2017,0.2342,0.2179,0.7776,EYES CLOSED,NO,97.1831
2026-08-31 11:05:21,0.2024,0.2344,0.2184,0.7703,EYES CLOSED,NO,97.2222
2026-08-31 11:05:21,0.2027,0.2352,0.2190,0.7610,EYES CLOSED,NO,97.2603
2026-08-31 11:05:21,0.2030,0.2359,0.2195,0.7451,EYES CLOSED,NO,97.2973
2026-08-31 11:05:21,0.2032,0.2361,0.2197,0.7130,EYES CLOSED,NO,97.3333
2026-08-31 11:05:21,0.2036,0.2362,0.2199,0.6740,EYES CLOSED,NO,97.3684
2026-08-31 11:05:21,0.2036,0.2361,0.2199,0.6219,EYES CLOSED,NO,97.4026
2026-08-31 11:05:21,0.2035,0.2362,0.2199,0.5702,EYES CLOSED,NO,97.4359
2026-08-31 11:05:21,0.2035,0.2353,0.2194,0.5171,EYES CLOSED,NO,97.4684
2026-08-31 11:05:21,0.2037,0.2360,0.2198,0.4774,EYES CLOSED,NO,97.5000
2026-08-31 11:05:21,0.2036,0.2360,0.2198,0.4452,EYES CLOSED,NO,97.5309
2026-08-31 11:05:21,0.2035,0.2357,0.2196,0.4283,EYES CLOSED,NO,97.5610
2026-08-31 11:05:21,0.2029,0.2352,0.2191,0.4147,EYES CLOSED,NO,97.5904
2026-08-31 11:05:21,0.2012,0.2332,0.2172,0.4141,EYES CLOSED,NO,97.6190
2026-08-31 11:05:21,0.2009,0.2317,0.2163,0.4138,EYES CLOSED,NO,97.6471
2026-08-31 11:05:21,0.2000,0.2304,0.2152,0.4191,EYES CLOSED,NO,97.6744
2026-08-31 11:05:21,0.2002,0.2311,0.2156,0.4248,EYES CLOSED,NO,97.7011
2026-08-31 11:05:21,0.2006,0.2313,0.2160,0.4318,EYES CLOSED,NO,97.7273
2026-08-31 11:05:21,0.2012,0.2317,0.2165,0.4344,EYES CLOSED,NO,97.7528
2026-08-31 11:05:21,0.2012,0.2310,0.2161,0.4395,EYES CLOSED,NO,97.7778
2026-08-31 11:05:22,0.1997,0.2314,0.2155,0.4400,EYES CLOSED,NO,97.8022
2026-08-31 11:05:22,0.1990,0.2307,0.2148,0.4412,EYES CLOSED,NO,97.8261
2026-08-31 11:05:22,0.1986,0.2306,0.2146,0.4409,EYES CLOSED,NO,97.8495
2026-08-31 11:05:22,0.1976,0.2297,0.2137,0.4418,EYES CLOSED,NO,97.8723
2026-08-31 11:05:22,0.1975,0.2294,0.2134,0.4422,EYES CLOSED,NO,97.8947
2026-08-31 11:05:22,0.1974,0.2285,0.2129,0.4405,EYES CLOSED,NO,97.9167
2026-08-31 11:05:22,0.1975,0.2288,0.2132,0.4357,EYES CLOSED,NO,97.9381
2026-08-31 11:05:22,0.1982,0.2286,0.2134,0.4270,EYES CLOSED,NO,97.9592
2026-08-31 11:05:22,0.1985,0.2292,0.2138,0.4175,EYES CLOSED,NO,97.9798
2026-08-31 11:05:22,0.1988,0.2290,0.2139,0.4043,EYES CLOSED,NO,98.0000
2026-08-31 11:05:22,0.1985,0.2290,0.2137,0.3949,EYES CLOSED,NO,98.0198
2026-08-31 11:05:22,0.1968,0.2280,0.2124,0.3882,EYES CLOSED,NO,98.0392
2026-08-31 11:05:22,0.1962,0.2278,0.2120,0.3829,EYES CLOSED,NO,98.0583
2026-08-31 11:05:22,0.1957,0.2274,0.2115,0.3808,EYES CLOSED,NO,98.0769
2026-08-31 11:05:22,0.1955,0.2276,0.2116,0.3829,EYES CLOSED,NO,98.0952
2026-08-31 11:05:22,0.1978,0.2288,0.2133,0.3820,EYES CLOSED,NO,98.1132
2026-08-31 11:05:22,0.1987,0.2298,0.2143,0.3782,EYES CLOSED,NO,98.1308
2026-08-31 11:05:22,0.1995,0.2300,0.2148,0.3759,EYES CLOSED,NO,98.1481
2026-08-31 11:05:22,0.2004,0.2308,0.2156,0.3690,EYES CLOSED,NO,98.1651
2026-08-31 11:05:22,0.2004,0.2310,0.2157,0.3601,EYES CLOSED,NO,98.1818
2026-08-31 11:05:22,0.2006,0.2318,0.2162,0.3534,EYES CLOSED,NO,98.1982
2026-08-31 11:05:22,0.2008,0.2320,0.2164,0.3482,EYES CLOSED,NO,98.2143
2026-08-31 11:05:22,0.2004,0.2325,0.2164,0.3462,EYES CLOSED,NO,98.2301
2026-08-31 11:05:22,0.2006,0.2333,0.2169,0.3459,EYES CLOSED,NO,98.2456
2026-08-31 11:05:22,0.2016,0.2343,0.2180,0.3480,EYES CLOSED,NO,98.2609
2026-08-31 11:05:22,0.2018,0.2341,0.2180,0.3497,EYES CLOSED,NO,98.2759
2026-08-31 11:05:23,0.2013,0.2339,0.2176,0.3497,EYES CLOSED,NO,98.2906
2026-08-31 11:05:23,0.1994,0.2330,0.2162,0.3492,EYES CLOSED,NO,98.3051
2026-08-31 11:05:23,0.1988,0.2312,0.2150,0.3519,EYES CLOSED,NO,98.3193
2026-08-31 11:05:23,0.1985,0.2302,0.2143,0.3539,EYES CLOSED,NO,98.3333
2026-08-31 11:05:23,0.1987,0.2306,0.2147,0.3570,EYES CLOSED,NO,98.3471
2026-08-31 11:05:23,0.1979,0.2301,0.2140,0.3637,EYES CLOSED,NO,98.3607
2026-08-31 11:05:23,0.1974,0.2298,0.2136,0.3674,EYES CLOSED,NO,98.3740
2026-08-31 11:05:23,0.1968,0.2281,0.2124,0.3740,EYES CLOSED,NO,98.3871
2026-08-31 11:05:23,0.1965,0.2279,0.2122,0.3793,EYES CLOSED,NO,98.4000
2026-08-31 11:05:23,0.1768,0.2158,0.1963,0.3827,EYES CLOSED,NO,98.4127
2026-08-31 11:05:23,0.0730,0.1035,0.0883,0.3812,EYES CLOSED,NO,98.4252
2026-08-31 11:05:23,0.0613,0.0825,0.0719,0.3827,EYES CLOSED,NO,98.4375
2026-08-31 11:05:23,0.0598,0.0819,0.0708,0.3794,EYES CLOSED,NO,98.4496
2026-08-31 11:05:23,0.0607,0.0786,0.0696,0.3757,EYES CLOSED,NO,98.4615
2026-08-31 11:05:23,0.0735,0.0933,0.0834,0.3758,EYES CLOSED,NO,98.4733
2026-08-31 11:05:23,0.1132,0.1421,0.1276,0.3791,EYES CLOSED,NO,98.4848
2026-08-31 11:05:23,0.1705,0.1959,0.1832,0.3807,EYES CLOSED,NO,98.4962
2026-08-31 11:05:23,0.2076,0.2294,0.2185,0.3834,EYES CLOSED,NO,98.5075
2026-08-31 11:05:23,0.2334,0.2542,0.2438,0.3869,EYES CLOSED,NO,98.5185
2026-08-31 11:05:23,0.2471,0.2638,0.2555,0.3888,EYES CLOSED,NO,98.5294
2026-08-31 11:05:23,0.2529,0.2697,0.2613,0.3926,EYES CLOSED,NO,98.5401
2026-08-31 11:05:23,0.2574,0.2726,0.2650,0.3960,EYES CLOSED,NO,98.5507
2026-08-31 11:05:23,0.2648,0.2764,0.2706,0.3986,EYES CLOSED,NO,98.5612
2026-08-31 11:05:23,0.2660,0.2770,0.2715,0.4025,EYES CLOSED,NO,98.5714
2026-08-31 11:05:23,0.2788,0.2827,0.2808,0.4058,EYES CLOSED,NO,98.5816
2026-08-31 11:05:23,0.2744,0.2811,0.2777,0.4083,EYES CLOSED,NO,98.5915
2026-08-31 11:05:23,0.2782,0.2883,0.2833,0.4389,EYES CLOSED,NO,98.6014
2026-08-31 11:05:23,0.2799,0.2915,0.2857,0.4637,EYES CLOSED,NO,98.6111
2026-08-31 11:05:24,0.2812,0.2934,0.2873,0.4977,EYES CLOSED,NO,98.6207
2026-08-31 11:05:24,0.2818,0.2937,0.2878,0.5413,EYES CLOSED,NO,98.6301
2026-08-31 11:05:24,0.2818,0.2936,0.2877,0.5896,EYES CLOSED,NO,98.6395
2026-08-31 11:05:24,0.2811,0.2931,0.2871,0.6183,EYES CLOSED,NO,98.6486
2026-08-31 11:05:24,0.2813,0.2930,0.2871,0.6635,EYES CLOSED,NO,98.6577
2026-08-31 11:05:24,0.2811,0.2935,0.2873,0.6960,EYES CLOSED,NO,98.6667
2026-08-31 11:05:24,0.2814,0.2944,0.2879,0.7294,EYES CLOSED,NO,98.6755
2026-08-31 11:05:24,0.2825,0.2965,0.2895,0.7597,EYES CLOSED,NO,98.6842
2026-08-31 11:05:24,0.2804,0.2962,0.2883,0.7844,EYES CLOSED,NO,98.6928
2026-08-31 11:05:24,0.2797,0.2961,0.2879,0.8171,EYES CLOSED,NO,98.7013
2026-08-31 11:05:24,0.2833,0.2964,0.2899,0.8442,EYES CLOSED,NO,98.7097
2026-08-31 11:05:24,0.2850,0.2987,0.2919,0.8490,EYES CLOSED,NO,98.7179
2026-08-31 11:05:24,0.2856,0.2986,0.2921,0.8497,EYES CLOSED,NO,98.7261
2026-08-31 11:05:24,0.2848,0.2970,0.2909,0.8361,EYES CLOSED,NO,98.7342
2026-08-31 11:05:24,0.2846,0.2963,0.2904,0.8034,EYES CLOSED,NO,98.7421
2026-08-31 11:05:24,0.2837,0.2958,0.2897,0.7782,EYES CLOSED,NO,98.7500
2026-08-31 11:05:24,0.2819,0.2954,0.2886,0.7651,EYES CLOSED,NO,98.7578
2026-08-31 11:05:24,0.2830,0.2962,0.2896,0.7536,EYES CLOSED,NO,98.7654
2026-08-31 11:05:24,0.2778,0.2891,0.2835,0.7479,EYES CLOSED,NO,98.7730
2026-08-31 11:05:24,0.1400,0.1654,0.1527,0.7363,EYES CLOSED,NO,98.7805
2026-08-31 11:05:24,0.0941,0.1022,0.0982,0.7233,EYES CLOSED,NO,98.7879
2026-08-31 11:05:24,0.1317,0.1385,0.1351,0.7029,EYES CLOSED,NO,98.7952
2026-08-31 11:05:24,0.1521,0.1614,0.1567,0.6774,EYES CLOSED,NO,98.8024
2026-08-31 11:05:24,0.1862,0.1979,0.1920,0.6561,EYES CLOSED,NO,98.8095
2026-08-31 11:05:24,0.2311,0.2427,0.2369,0.6412,EYES CLOSED,NO,98.8166
2026-08-31 11:05:24,0.2459,0.2584,0.2521,0.6281,EYES CLOSED,NO,98.8235
2026-08-31 11:05:24,0.2601,0.2705,0.2653,0.6206,EYES CLOSED,NO,98.8304
2026-08-31 11:05:25,0.2673,0.2779,0.2726,0.6192,EYES CLOSED,NO,98.8372
2026-08-31 11:05:25,0.2788,0.2909,0.2849,0.6297,EYES CLOSED,NO,98.8439
2026-08-31 11:05:25,0.2812,0.2944,0.2878,0.6389,EYES CLOSED,NO,98.8506
2026-08-31 11:05:25,0.2849,0.2972,0.2910,0.6490,EYES CLOSED,NO,98.8571
2026-08-31 11:05:25,0.2865,0.2989,0.2927,0.6603,EYES CLOSED,NO,98.8636
2026-08-31 11:05:25,0.2867,0.3006,0.2937,0.6694,LEFT EYE CLOSED,NO,98.3051
2026-08-31 11:05:25,0.2892,0.3006,0.2949,0.6600,LEFT EYE CLOSED,NO,97.7528
2026-08-31 11:05:25,0.2903,0.3014,0.2958,0.6477,LEFT EYE CLOSED,NO,97.2067
2026-08-31 11:05:25,0.2899,0.3005,0.2952,0.6333,LEFT EYE CLOSED,NO,96.6667
2026-08-31 11:05:25,0.2896,0.2999,0.2948,0.6164,LEFT EYE CLOSED,NO,96.1326
2026-08-31 11:05:25,0.2900,0.3009,0.2954,0.5966,LEFT EYE CLOSED,NO,95.6044
2026-08-31 11:05:25,0.2899,0.3018,0.2958,0.5824,LEFT EYE CLOSED,NO,95.0820
2026-08-31 11:05:25,0.2896,0.3024,0.2960,0.5699,LEFT EYE CLOSED,NO,94.5652
2026-08-31 11:05:25,0.2893,0.3028,0.2961,0.5570,LEFT EYE CLOSED,NO,94.0541
2026-08-31 11:05:25,0.2891,0.3032,0.2961,0.5482,LEFT EYE CLOSED,NO,93.5484
2026-08-31 11:05:25,0.2888,0.3032,0.2960,0.5383,LEFT EYE CLOSED,NO,93.0481
2026-08-31 11:05:25,0.2888,0.3033,0.2960,0.5291,LEFT EYE CLOSED,NO,92.5532
2026-08-31 11:05:25,0.2876,0.3030,0.2953,0.5200,LEFT EYE CLOSED,NO,92.0635
2026-08-31 11:05:25,0.2866,0.3027,0.2947,0.5125,LEFT EYE CLOSED,NO,91.5789
2026-08-31 11:05:25,0.2863,0.3023,0.2943,0.5071,LEFT EYE CLOSED,NO,91.0995
2026-08-31 11:05:25,0.2859,0.3018,0.2938,0.5135,LEFT EYE CLOSED,NO,90.6250
2026-08-31 11:05:25,0.2855,0.3014,0.2934,0.5277,LEFT EYE CLOSED,NO,90.1554
2026-08-31 11:05:25,0.2849,0.3000,0.2924,0.5557,LEFT EYE CLOSED,NO,89.6907
2026-08-31 11:05:25,0.2837,0.2991,0.2914,0.5885,LEFT EYE CLOSED,NO,89.2308
2026-08-31 11:05:25,0.2827,0.2978,0.2902,0.6221,EYES CLOSED,NO,89.2857
2026-08-31 11:05:25,0.2811,0.2961,0.2886,0.6465,EYES CLOSED,NO,89.3401
2026-08-31 11:05:25,0.2808,0.2960,0.2884,0.6707,EYES CLOSED,NO,89.3939
2026-08-31 11:05:25,0.2807,0.2963,0.2885,0.6836,EYES CLOSED,NO,89.4472
2026-08-31 11:05:25,0.2807,0.2960,0.2883,0.6925,EYES CLOSED,NO,89.5000
2026-08-31 11:05:25,0.2811,0.2961,0.2886,0.6973,EYES CLOSED,NO,89.5522
2026-08-31 11:05:26,0.2813,0.2963,0.2888,0.7055,EYES CLOSED,NO,89.6040
2026-08-31 11:05:26,0.2813,0.2963,0.2888,0.7087,EYES CLOSED,NO,89.6552
2026-08-31 11:05:26,0.2813,0.2966,0.2890,0.7129,EYES CLOSED,NO,89.7059
2026-08-31 11:05:26,0.2812,0.2970,0.2891,0.7171,EYES CLOSED,NO,89.7561
2026-08-31 11:05:26,0.2808,0.2976,0.2892,0.7222,EYES CLOSED,NO,89.8058
2026-08-31 11:05:26,0.2804,0.2980,0.2892,0.7252,EYES CLOSED,NO,89.8551
2026-08-31 11:05:26,0.2794,0.2980,0.2887,0.7257,EYES CLOSED,NO,89.9038
2026-08-31 11:05:26,0.2789,0.2981,0.2885,0.7229,EYES CLOSED,NO,89.9522
2026-08-31 11:05:26,0.2788,0.2982,0.2885,0.7161,EYES CLOSED,NO,90.0000
2026-08-31 11:05:26,0.2784,0.2980,0.2882,0.7046,EYES CLOSED,NO,90.0474
2026-08-31 11:05:26,0.2782,0.2983,0.2882,0.6931,EYES CLOSED,NO,90.0943
2026-08-31 11:05:26,0.2780,0.2981,0.2880,0.6835,EYES CLOSED,NO,90.1408
2026-08-31 11:05:26,0.2782,0.2981,0.2882,0.6757,EYES CLOSED,NO,90.1869
2026-08-31 11:05:26,0.2782,0.2984,0.2883,0.6713,EYES CLOSED,NO,90.2326
2026-08-31 11:05:32,0.2544,0.2773,0.2659,15.6728,EYES OPEN,NO,0.0000
2026-08-31 11:05:32,0.2432,0.2710,0.2571,15.6165,EYES OPEN,NO,0.0000
2026-08-31 11:05:32,0.2428,0.2702,0.2565,15.6107,EYES CLOSED,NO,33.3333
2026-08-31 11:05:32,0.2435,0.2704,0.2570,15.6134,EYES CLOSED,NO,50.0000
2026-08-31 11:05:32,0.2488,0.2705,0.2597,15.6033,EYES CLOSED,NO,60.0000
2026-08-31 11:05:32,0.2470,0.2697,0.2584,15.3534,EYES CLOSED,NO,66.6667
2026-08-31 11:05:32,0.2559,0.2737,0.2648,14.9940,EYES CLOSED,NO,71.4286
2026-08-31 11:05:32,0.2563,0.2720,0.2642,14.3334,EYES CLOSED,NO,75.0000
2026-08-31 11:05:32,0.2535,0.2709,0.2622,13.6209,EYES CLOSED,NO,77.7778
2026-08-31 11:05:32,0.2532,0.2713,0.2622,12.8185,EYES CLOSED,NO,80.0000
2026-08-31 11:05:32,0.2553,0.2729,0.2641,12.2227,EYES CLOSED,NO,81.8182
2026-08-31 11:05:32,0.2523,0.2683,0.2603,11.7536,EYES CLOSED,NO,83.3333
2026-08-31 11:05:32,0.2538,0.2690,0.2614,11.6327,EYES CLOSED,NO,84.6154
2026-08-31 11:05:32,0.2529,0.2689,0.2609,11.5179,EYES CLOSED,NO,85.7143
2026-08-31 11:05:32,0.2538,0.2697,0.2618,11.5105,EYES CLOSED,NO,86.6667
2026-08-31 11:05:32,0.2557,0.2700,0.2628,11.4436,EYES CLOSED,NO,87.5000
2026-08-31 11:05:32,0.2480,0.2586,0.2533,11.2042,EYES CLOSED,NO,88.2353
2026-08-31 11:05:32,0.2289,0.2455,0.2372,10.5522,EYES CLOSED,NO,88.8889
2026-08-31 11:05:32,0.2341,0.2549,0.2445,9.7978,EYES CLOSED,NO,89.4737
2026-08-31 11:05:32,0.2289,0.2536,0.2412,8.8510,EYES CLOSED,NO,90.0000
2026-08-31 11:05:32,0.2411,0.2668,0.2540,7.6964,EYES CLOSED,NO,90.4762
2026-08-31 11:05:32,0.2548,0.2762,0.2655,6.5369,EYES CLOSED,NO,90.9091
2026-08-31 11:05:32,0.2515,0.2702,0.2609,5.7995,EYES CLOSED,NO,91.3043
2026-08-31 11:05:32,0.2547,0.2764,0.2656,4.9174,EYES CLOSED,NO,91.6667
2026-08-31 11:05:32,0.2497,0.2715,0.2606,4.0171,EYES CLOSED,NO,92.0000
2026-08-31 11:05:33,0.2522,0.2695,0.2608,3.1283,EYES CLOSED,NO,92.3077
2026-08-31 11:05:33,0.2607,0.2749,0.2678,2.3401,EYES CLOSED,NO,92.5926
2026-08-31 11:05:33,0.2686,0.2769,0.2727,1.4884,EYES CLOSED,NO,92.8571
2026-08-31 11:05:33,0.2630,0.2703,0.2666,0.8875,EYES CLOSED,NO,93.1034
2026-08-31 11:05:33,0.2635,0.2685,0.2660,0.4936,EYES CLOSED,NO,93.3333
2026-08-31 11:05:33,0.2731,0.2744,0.2738,0.3710,EYES CLOSED,NO,93.5484
2026-08-31 11:05:33,0.2691,0.2778,0.2734,0.3571,EYES CLOSED,NO,93.7500
2026-08-31 11:05:33,0.2189,0.2406,0.2298,0.3283,EYES CLOSED,NO,93.9394
2026-08-31 11:05:33,0.1681,0.1848,0.1765,0.3098,EYES CLOSED,NO,94.1176
2026-08-31 11:05:33,0.1171,0.1358,0.1265,0.3267,EYES CLOSED,NO,94.2857
2026-08-31 11:05:33,0.1066,0.0915,0.0990,0.3261,EYES CLOSED,NO,94.4444
2026-08-31 11:05:33,0.1811,0.1802,0.1806,0.3081,EYES CLOSED,NO,94.5946
2026-08-31 11:05:33,0.2242,0.2266,0.2254,0.3170,EYES CLOSED,NO,94.7368
2026-08-31 11:05:33,0.2375,0.2421,0.2398,0.3235,EYES CLOSED,NO,94.8718
2026-08-31 11:05:33,0.2448,0.2449,0.2448,0.2961,EYES CLOSED,NO,95.0000
2026-08-31 11:05:33,0.2671,0.2581,0.2626,0.2918,EYES CLOSED,NO,95.1220
2026-08-31 11:05:33,0.2821,0.2708,0.2764,0.2764,EYES CLOSED,NO,95.2381
2026-08-31 11:05:33,0.2840,0.2728,0.2784,0.2431,EYES CLOSED,NO,95.3488
2026-08-31 11:05:33,0.2795,0.2728,0.2762,0.2430,EYES CLOSED,NO,95.4545
2026-08-31 11:05:33,0.2803,0.2740,0.2772,0.2375,EYES CLOSED,NO,95.5556
2026-08-31 11:05:33,0.2822,0.2760,0.2791,0.2306,EYES CLOSED,NO,95.6522
2026-08-31 11:05:33,0.2888,0.2816,0.2852,0.2281,EYES CLOSED,NO,95.7447
2026-08-31 11:05:33,0.2928,0.2837,0.2883,0.2276,EYES CLOSED,NO,95.8333
2026-08-31 11:05:33,0.2956,0.2890,0.2923,0.2215,EYES CLOSED,NO,95.9184
2026-08-31 11:05:33,0.2944,0.2816,0.2880,0.2163,EYES CLOSED,NO,96.0000
2026-08-31 11:05:33,0.2904,0.2751,0.2828,0.2169,EYES CLOSED,NO,96.0784
2026-08-31 11:05:33,0.2883,0.2753,0.2818,0.2188,EYES CLOSED,NO,96.1538
2026-08-31 11:05:33,0.2869,0.2745,0.2807,0.2196,EYES CLOSED,NO,96.2264
2026-08-31 11:05:33,0.2875,0.2662,0.2768,0.2234,EYES CLOSED,NO,96.2963
2026-08-31 11:05:33,0.1566,0.1699,0.1633,0.2278,EYES CLOSED,NO,96.3636
2026-08-31 11:05:34,0.0597,0.0361,0.0479,0.2214,EYES CLOSED,NO,96.4286
2026-08-31 11:05:34,0.0691,0.0235,0.0463,0.2169,EYES CLOSED,NO,96.4912
2026-08-31 11:05:34,0.0895,0.0377,0.0636,0.2173,EYES CLOSED,NO,96.5517
2026-08-31 11:05:34,0.1613,0.0952,0.1282,0.2141,EYES CLOSED,NO,96.6102
2026-08-31 11:05:34,0.2556,0.2088,0.2322,0.2030,EYES CLOSED,NO,96.6667
2026-08-31 11:05:34,0.3581,0.3230,0.3406,0.2883,EYES OPEN,NO,95.0820
2026-08-31 11:05:34,0.3469,0.3332,0.3400,0.3510,EYES OPEN,NO,93.5484
2026-08-31 11:05:34,0.3243,0.3272,0.3257,0.7489,EYES OPEN,NO,92.0635
2026-08-31 11:05:34,0.3408,0.3183,0.3295,0.9209,EYES OPEN,NO,90.6250
2026-08-31 11:05:34,0.3454,0.3281,0.3368,1.0081,EYES OPEN,NO,89.2308
2026-08-31 11:05:34,0.2952,0.2834,0.2893,1.0076,EYES OPEN,NO,87.8788
2026-08-31 11:05:34,0.2851,0.2723,0.2787,0.9720,EYES OPEN,NO,86.5672
2026-08-31 11:05:34,0.2859,0.2744,0.2801,0.5973,EYES CLOSED,NO,86.7647
2026-08-31 11:05:34,0.3376,0.3159,0.3268,0.5013,EYES OPEN,NO,85.5072
2026-08-31 11:05:34,0.3075,0.2944,0.3009,0.4853,EYES OPEN,NO,84.2857
2026-08-31 11:05:34,0.3065,0.2909,0.2987,0.4276,EYES OPEN,NO,83.0986
2026-08-31 11:05:34,0.3217,0.3011,0.3114,0.4648,EYES OPEN,NO,81.9444
2026-08-31 11:05:34,0.2985,0.2781,0.2883,0.4467,EYES OPEN,NO,80.8219
2026-08-31 11:05:34,0.2981,0.2807,0.2894,0.3919,EYES OPEN,NO,79.7297
2026-08-31 11:05:34,0.3922,0.3759,0.3841,0.3866,EYES OPEN,NO,78.6667
2026-08-31 11:05:34,0.3499,0.3225,0.3362,0.5564,EYES OPEN,NO,77.6316
2026-08-31 11:05:34,0.0000,0.0000,0.0000,0.0000,NO FACE,NO,77.6316
2026-08-31 11:05:34,0.3506,0.3268,0.3387,0.8519,EYES OPEN,NO,76.6234
2026-08-31 11:05:34,0.3886,0.3596,0.3741,0.8460,EYES OPEN,NO,75.6410
2026-08-31 11:05:34,0.3792,0.3566,0.3679,0.8385,EYES OPEN,NO,74.6835
2026-08-31 11:05:34,0.3784,0.3535,0.3660,0.7933,EYES OPEN,NO,73.7500
2026-08-31 11:05:34,0.3505,0.3016,0.3261,0.8059,EYES OPEN,NO,72.8395
2026-08-31 11:05:34,0.3387,0.3080,0.3234,0.6385,EYES OPEN,NO,71.9512
2026-08-31 11:05:34,0.3037,0.2817,0.2927,0.7154,EYES OPEN,NO,71.0843
2026-08-31 11:05:34,0.3000,0.2796,0.2898,0.7186,EYES OPEN,NO,70.2381
2026-08-31 11:05:34,0.2928,0.2802,0.2865,0.7432,RIGHT EYE CLOSED,NO,69.4118
2026-08-31 11:05:35,0.3767,0.3544,0.3655,0.6181,EYES OPEN,NO,68.6047
2026-08-31 11:05:35,0.3678,0.3500,0.3589,0.4435,EYES OPEN,NO,67.8161
2026-08-31 11:05:35,0.3574,0.3402,0.3488,0.3732,EYES OPEN,NO,67.0455
2026-08-31 11:05:35,0.3565,0.3361,0.3463,0.5196,EYES OPEN,NO,66.2921
2026-08-31 11:05:35,0.3528,0.3357,0.3443,0.5145,EYES OPEN,NO,65.5556
2026-08-31 11:05:35,0.3458,0.3329,0.3393,0.4706,EYES OPEN,NO,64.8352
2026-08-31 11:05:35,0.3060,0.2883,0.2972,0.4703,EYES OPEN,NO,64.1304
2026-08-31 11:05:35,0.2910,0.2756,0.2833,0.4638,EYES OPEN,NO,63.4409
2026-08-31 11:05:35,0.2972,0.2788,0.2880,0.3018,RIGHT EYE CLOSED,NO,62.7660
2026-08-31 11:05:35,0.2906,0.2710,0.2808,0.2739,EYES CLOSED,NO,63.1579
2026-08-31 11:05:35,0.2907,0.2733,0.2820,0.2494,EYES CLOSED,NO,63.5417
2026-08-31 11:05:35,0.2845,0.2715,0.2780,0.2363,EYES CLOSED,NO,63.9175
2026-08-31 11:05:35,0.2873,0.2749,0.2811,0.2406,EYES CLOSED,NO,64.2857
2026-08-31 11:05:35,0.2829,0.2708,0.2769,0.2547,EYES CLOSED,NO,64.6465
2026-08-31 11:05:35,0.2787,0.2693,0.2740,0.2661,EYES CLOSED,NO,65.0000
2026-08-31 11:05:35,0.2795,0.2683,0.2739,0.2714,EYES CLOSED,NO,65.3465
2026-08-31 11:05:35,0.2818,0.2685,0.2752,0.3128,EYES CLOSED,NO,65.6863
2026-08-31 11:05:35,0.2843,0.2688,0.2766,0.3558,EYES CLOSED,NO,66.0194
2026-08-31 11:05:35,0.2850,0.2679,0.2765,0.4012,EYES CLOSED,NO,66.3462
2026-08-31 11:05:35,0.2825,0.2646,0.2736,0.4153,EYES CLOSED,NO,66.6667
2026-08-31 11:05:35,0.2762,0.2580,0.2671,0.4187,EYES CLOSED,NO,66.9811
2026-08-31 11:05:35,0.2814,0.2640,0.2727,0.3922,EYES CLOSED,NO,67.2897
2026-08-31 11:05:35,0.2859,0.2688,0.2773,0.3622,EYES CLOSED,NO,67.5926
2026-08-31 11:05:35,0.3077,0.2885,0.2981,0.3993,RIGHT EYE CLOSED,NO,66.9725
2026-08-31 11:05:35,0.2998,0.2700,0.2849,0.4759,RIGHT EYE CLOSED,NO,66.3636
2026-08-31 11:05:35,0.2705,0.2570,0.2637,0.5011,RIGHT EYE CLOSED,NO,65.7658
2026-08-31 11:05:35,0.2706,0.2557,0.2631,0.5487,EYES CLOSED,NO,66.0714
2026-08-31 11:05:35,0.2426,0.2669,0.2547,0.6407,EYES CLOSED,NO,66.3717
2026-08-31 11:05:36,0.1006,0.1143,0.1074,0.6378,EYES CLOSED,NO,66.6667
2026-08-31 11:05:36,0.0852,0.0801,0.0827,0.6073,EYES CLOSED,NO,66.9565
2026-08-31 11:05:36,0.1160,0.1025,0.1092,0.6499,EYES CLOSED,NO,67.2414
2026-08-31 11:05:36,0.1527,0.1201,0.1364,0.6937,EYES CLOSED,NO,67.5214
2026-08-31 11:05:36,0.1331,0.1149,0.1240,0.6791,EYES CLOSED,NO,67.7966
2026-08-31 11:05:36,0.2318,0.2286,0.2302,0.6408,EYES CLOSED,NO,68.0672
2026-08-31 11:05:36,0.2337,0.2379,0.2358,0.6383,EYES CLOSED,NO,68.3333
2026-08-31 11:05:36,0.2549,0.2552,0.2550,0.6698,EYES CLOSED,NO,68.5950
2026-08-31 11:05:36,0.2613,0.2762,0.2687,0.6710,EYES CLOSED,NO,68.8525
2026-08-31 11:05:36,0.2415,0.2626,0.2521,0.6656,EYES CLOSED,NO,69.1057
2026-08-31 11:05:36,0.2361,0.2557,0.2459,0.6682,EYES CLOSED,NO,69.3548
2026-08-31 11:05:36,0.2364,0.2579,0.2472,0.6821,EYES CLOSED,NO,69.6000
2026-08-31 11:05:36,0.2359,0.2515,0.2437,0.6325,EYES CLOSED,NO,69.8413
2026-08-31 11:05:36,0.2379,0.2478,0.2429,0.5745,EYES CLOSED,NO,70.0787
2026-08-31 11:05:36,0.2315,0.2393,0.2354,0.5426,EYES CLOSED,NO,70.3125
2026-08-31 11:05:36,0.2285,0.2389,0.2337,0.5388,EYES CLOSED,NO,70.5426
2026-08-31 11:05:36,0.2276,0.2422,0.2349,0.5099,EYES CLOSED,NO,70.7692
2026-08-31 11:05:36,0.2392,0.2478,0.2435,0.4924,EYES CLOSED,NO,70.9924
2026-08-31 11:05:36,0.2390,0.2476,0.2433,0.4769,EYES CLOSED,NO,71.2121
2026-08-31 11:05:36,0.2431,0.2569,0.2500,0.4386,EYES CLOSED,NO,71.4286
2026-08-31 11:05:36,0.2473,0.2587,0.2530,0.4126,EYES CLOSED,NO,71.6418
2026-08-31 11:05:36,0.2456,0.2516,0.2486,0.3631,EYES CLOSED,NO,71.8519
2026-08-31 11:05:36,0.2405,0.2491,0.2448,0.3271,EYES CLOSED,NO,72.0588
2026-08-31 11:05:36,0.2513,0.2622,0.2567,0.3149,EYES CLOSED,NO,72.2628
2026-08-31 11:05:36,0.2502,0.2505,0.2504,0.3508,EYES CLOSED,NO,72.4638
2026-08-31 11:05:36,0.2498,0.2450,0.2474,0.3951,EYES CLOSED,NO,72.6619
2026-08-31 11:05:36,0.2455,0.2428,0.2441,0.4513,EYES CLOSED,NO,72.8571
2026-08-31 11:05:36,0.2434,0.2397,0.2416,0.4946,EYES CLOSED,NO,73.0496
2026-08-31 11:05:36,0.2504,0.2544,0.2524,0.5199,EYES CLOSED,NO,73.2394
2026-08-31 11:05:36,0.2398,0.2426,0.2412,0.5458,EYES CLOSED,NO,73.4266
2026-08-31 11:05:36,0.2324,0.2359,0.2342,0.5330,EYES CLOSED,NO,73.6111
2026-08-31 11:05:37,0.1225,0.1136,0.1180,0.5675,EYES CLOSED,NO,73.7931
2026-08-31 11:05:37,0.0791,0.0664,0.0728,0.6473,EYES CLOSED,NO,73.9726
2026-08-31 11:05:37,0.0876,0.0664,0.0770,0.6478,EYES CLOSED,NO,74.1497
2026-08-31 11:05:37,0.0815,0.0639,0.0727,0.6073,EYES CLOSED,NO,74.3243
2026-08-31 11:05:37,0.1614,0.1051,0.1333,0.5940,EYES CLOSED,NO,74.4966
2026-08-31 11:05:37,0.2444,0.1716,0.2080,0.5537,EYES CLOSED,NO,74.6667
2026-08-31 11:05:37,0.2508,0.1818,0.2163,0.4590,EYES CLOSED,NO,74.8344
2026-08-31 11:05:37,0.2513,0.1923,0.2218,0.4762,EYES CLOSED,NO,75.0000
2026-08-31 11:05:37,0.2450,0.1971,0.2211,0.5057,EYES CLOSED,NO,75.1634
2026-08-31 11:05:37,0.2537,0.2190,0.2363,0.5059,EYES CLOSED,NO,75.3247
2026-08-31 11:05:37,0.2649,0.2605,0.2627,0.4891,EYES CLOSED,NO,75.4839
2026-08-31 11:05:37,0.2644,0.2667,0.2656,0.4853,EYES CLOSED,NO,75.6410
2026-08-31 11:05:37,0.2639,0.2748,0.2693,0.4586,EYES CLOSED,NO,75.7962
2026-08-31 11:05:37,0.2916,0.2766,0.2841,0.4177,EYES CLOSED,NO,75.9494
2026-08-31 11:05:37,0.3012,0.2715,0.2864,0.3958,RIGHT EYE CLOSED,NO,75.4717
2026-08-31 11:05:37,0.3027,0.2716,0.2872,0.3749,RIGHT EYE CLOSED,NO,75.0000
2026-08-31 11:05:37,0.2995,0.2707,0.2851,0.3522,RIGHT EYE CLOSED,NO,74.5342
2026-08-31 11:05:37,0.2946,0.2711,0.2828,0.3217,RIGHT EYE CLOSED,NO,74.0741
2026-08-31 11:05:37,0.2937,0.2702,0.2819,0.3038,EYES CLOSED,NO,74.2331
2026-08-31 11:05:37,0.2963,0.2685,0.2824,0.3036,EYES CLOSED,NO,74.3902
2026-08-31 11:05:37,0.2976,0.2681,0.2828,0.3170,EYES CLOSED,NO,74.5455
2026-08-31 11:05:37,0.2824,0.2555,0.2689,0.3246,EYES CLOSED,NO,74.6988
2026-08-31 11:05:37,0.2743,0.2483,0.2613,0.4007,EYES CLOSED,NO,74.8503
2026-08-31 11:05:37,0.2715,0.2446,0.2580,0.5079,EYES CLOSED,NO,75.0000
2026-08-31 11:05:37,0.2717,0.2767,0.2742,0.7275,EYES CLOSED,NO,75.1479
2026-08-31 11:05:37,0.2474,0.2941,0.2708,0.9145,EYES CLOSED,NO,75.2941
2026-08-31 11:05:37,0.2756,0.3365,0.3061,1.2827,LEFT EYE CLOSED,NO,74.8538
2026-08-31 11:05:37,0.2598,0.3213,0.2906,1.5420,LEFT EYE CLOSED,NO,74.4186
2026-08-31 11:05:37,0.3273,0.4603,0.3938,1.6946,EYES OPEN,NO,73.9884
2026-08-31 11:05:37,0.2960,0.4300,0.3630,1.7542,EYES OPEN,NO,73.5632
2026-08-31 11:05:38,0.3426,0.5170,0.4298,1.5810,EYES OPEN,NO,73.1429
2026-08-31 11:05:38,0.3858,0.6149,0.5004,1.2995,EYES OPEN,NO,72.7273
2026-08-31 11:05:38,0.3934,0.6189,0.5062,1.0551,EYES OPEN,NO,72.3164
2026-08-31 11:05:38,0.4148,0.7299,0.5724,0.8922,EYES OPEN,NO,71.9101
2026-08-31 11:05:38,0.3828,0.8046,0.5937,0.6749,EYES OPEN,NO,71.5084
2026-08-31 11:05:38,0.3989,0.8104,0.6047,0.7348,EYES OPEN,NO,71.1111
2026-08-31 11:05:38,0.4138,0.8298,0.6218,0.7476,EYES OPEN,NO,70.7182
2026-08-31 11:05:38,0.4171,0.8736,0.6454,0.7727,EYES OPEN,NO,70.3297
2026-08-31 11:05:38,0.3917,0.8085,0.6001,0.8004,EYES OPEN,NO,69.9454
2026-08-31 11:05:38,0.3911,0.8150,0.6030,0.8727,EYES OPEN,NO,69.5652
2026-08-31 11:05:38,0.2310,0.4732,0.3521,0.8359,EYES OPEN,NO,69.1892
2026-08-31 11:05:38,0.1999,0.4248,0.3124,0.7742,EYES OPEN,NO,68.8172
2026-08-31 11:05:38,0.0649,0.2593,0.1621,1.0298,LEFT EYE CLOSED,NO,68.4492
2026-08-31 11:05:38,0.1007,0.1720,0.1363,1.1232,LEFT EYE CLOSED,NO,68.0851
2026-08-31 11:05:38,0.0878,0.1936,0.1407,1.3604,EYES CLOSED,NO,68.2540
2026-08-31 11:05:38,0.0920,0.1644,0.1282,1.5229,EYES CLOSED,NO,68.4211
2026-08-31 11:05:38,0.0988,0.1272,0.1130,1.7755,EYES CLOSED,NO,68.5864
2026-08-31 11:05:38,0.1075,0.1236,0.1156,1.6573,EYES CLOSED,NO,68.7500
2026-08-31 11:05:38,0.1475,0.1224,0.1350,1.9557,EYES CLOSED,NO,68.9119
2026-08-31 11:05:38,0.1590,0.1315,0.1452,1.9294,EYES CLOSED,NO,69.0722
2026-08-31 11:05:38,0.1922,0.1333,0.1628,1.7980,EYES CLOSED,NO,69.2308
2026-08-31 11:05:38,0.1777,0.1171,0.1474,1.5639,EYES CLOSED,NO,69.3878
2026-08-31 11:05:38,0.2112,0.1461,0.1786,1.3671,EYES CLOSED,NO,69.5431
2026-08-31 11:05:38,0.2040,0.1456,0.1748,0.9428,EYES CLOSED,NO,69.6970
2026-08-31 11:05:38,0.2312,0.1664,0.1988,0.6532,EYES CLOSED,NO,69.8492
2026-08-31 11:05:38,0.2515,0.1854,0.2185,0.6134,EYES CLOSED,NO,70.0000
2026-08-31 11:05:38,0.2546,0.1886,0.2216,0.5923,EYES CLOSED,NO,70.1493
2026-08-31 11:05:38,0.2532,0.1829,0.2181,0.6065,EYES CLOSED,NO,70.2970
2026-08-31 11:05:38,0.2757,0.1847,0.2302,0.6374,EYES CLOSED,NO,70.4433
2026-08-31 11:05:38,0.2667,0.1809,0.2238,0.6958,EYES CLOSED,NO,70.5882
2026-08-31 11:05:39,0.2739,0.1871,0.2305,0.7978,EYES CLOSED,NO,70.7317
2026-08-31 11:05:39,0.2370,0.1645,0.2007,0.8478,EYES CLOSED,NO,70.8738
2026-08-31 11:05:39,0.2621,0.1853,0.2237,0.8581,EYES CLOSED,NO,71.0145
2026-08-31 11:05:39,0.2573,0.1845,0.2209,0.8035,EYES CLOSED,NO,71.1538
2026-08-31 11:05:39,0.2751,0.1937,0.2344,0.7207,EYES CLOSED,NO,71.2919
2026-08-31 11:05:39,0.2776,0.1977,0.2377,0.6042,EYES CLOSED,NO,71.4286
2026-08-31 11:05:39,0.2710,0.2041,0.2375,0.5312,EYES CLOSED,NO,71.5640
2026-08-31 11:05:39,0.2972,0.2277,0.2625,0.4917,EYES CLOSED,NO,71.6981
2026-08-31 11:05:39,0.2951,0.2353,0.2652,0.4975,EYES CLOSED,NO,71.8310
2026-08-31 11:05:39,0.2950,0.2444,0.2697,0.5397,EYES CLOSED,NO,71.9626
2026-08-31 11:05:39,0.2705,0.2365,0.2535,0.6231,EYES CLOSED,NO,72.0930
2026-08-31 11:05:39,0.2705,0.2434,0.2569,0.7363,EYES CLOSED,NO,72.2222
2026-08-31 11:05:39,0.2746,0.2528,0.2637,0.7952,EYES CLOSED,NO,72.3502
2026-08-31 11:05:39,0.2721,0.2414,0.2568,0.8202,EYES CLOSED,NO,72.4771
2026-08-31 11:05:39,0.2890,0.2610,0.2750,0.8247,EYES CLOSED,NO,72.6027
2026-08-31 11:05:39,0.2926,0.2568,0.2747,0.9454,EYES CLOSED,NO,72.7273
2026-08-31 11:05:39,0.2963,0.2495,0.2729,0.9043,EYES CLOSED,NO,72.8507
2026-08-31 11:05:39,0.2942,0.2503,0.2723,0.8847,EYES CLOSED,NO,72.9730
2026-08-31 11:05:39,0.2928,0.2443,0.2685,0.8498,EYES CLOSED,NO,73.0942
2026-08-31 11:05:39,0.2714,0.2400,0.2557,0.8294,EYES CLOSED,NO,73.2143
2026-08-31 11:05:39,0.2685,0.2493,0.2589,0.6453,EYES CLOSED,NO,73.3333
2026-08-31 11:05:39,0.2766,0.2665,0.2715,0.5961,EYES CLOSED,NO,73.4513
2026-08-31 11:05:39,0.2888,0.2787,0.2838,0.5899,EYES CLOSED,NO,73.5683
2026-08-31 11:05:39,0.2773,0.2629,0.2701,0.5739,EYES CLOSED,NO,73.6842
2026-08-31 11:05:39,0.2679,0.2692,0.2685,0.5203,EYES CLOSED,NO,73.7991
2026-08-31 11:05:39,0.2808,0.2909,0.2859,0.5008,EYES CLOSED,NO,73.9130
2026-08-31 11:05:39,0.2861,0.2911,0.2886,0.5001,EYES CLOSED,NO,74.0260
2026-08-31 11:05:46,0.2870,0.2765,0.2817,0.4411,EYES OPEN,NO,0.0000
2026-08-31 11:05:46,0.2846,0.2718,0.2782,0.3933,EYES OPEN,NO,0.0000
2026-08-31 11:05:46,0.2838,0.2701,0.2770,0.3722,EYES CLOSED,NO,33.3333
2026-08-31 11:05:46,0.2833,0.2696,0.2764,0.3676,EYES CLOSED,NO,50.0000
2026-08-31 11:05:46,0.2823,0.2691,0.2757,0.3646,EYES CLOSED,NO,60.0000
2026-08-31 11:05:46,0.2847,0.2730,0.2789,0.3585,EYES CLOSED,NO,66.6667
2026-08-31 11:05:46,0.2854,0.2740,0.2797,0.3720,EYES CLOSED,NO,71.4286
2026-08-31 11:05:46,0.2858,0.2728,0.2793,0.3867,EYES CLOSED,NO,75.0000
2026-08-31 11:05:46,0.2855,0.2720,0.2787,0.3947,EYES CLOSED,NO,77.7778
2026-08-31 11:05:47,0.2806,0.2691,0.2748,0.3879,EYES CLOSED,NO,80.0000
2026-08-31 11:05:47,0.2783,0.2667,0.2725,0.3662,EYES CLOSED,NO,81.8182
2026-08-31 11:05:47,0.2775,0.2660,0.2717,0.3444,EYES CLOSED,NO,83.3333
2026-08-31 11:05:47,0.2784,0.2663,0.2724,0.3243,EYES CLOSED,NO,84.6154
2026-08-31 11:05:47,0.2761,0.2638,0.2699,0.3063,EYES CLOSED,NO,85.7143
2026-08-31 11:05:47,0.2764,0.2637,0.2701,0.3040,EYES CLOSED,NO,86.6667
2026-08-31 11:05:47,0.2766,0.2640,0.2703,0.3055,EYES CLOSED,NO,87.5000
2026-08-31 11:05:47,0.2766,0.2644,0.2705,0.3081,EYES CLOSED,NO,88.2353
2026-08-31 11:05:47,0.2775,0.2660,0.2718,0.3119,EYES CLOSED,NO,88.8889
2026-08-31 11:05:47,0.2781,0.2666,0.2724,0.3160,EYES CLOSED,NO,89.4737
2026-08-31 11:05:47,0.2776,0.2661,0.2719,0.3200,EYES CLOSED,NO,90.0000
2026-08-31 11:05:47,0.2774,0.2661,0.2718,0.3239,EYES CLOSED,NO,90.4762
2026-08-31 11:05:47,0.2772,0.2660,0.2716,0.3267,EYES CLOSED,NO,90.9091
2026-08-31 11:05:47,0.2767,0.2664,0.2716,0.3296,EYES CLOSED,NO,91.3043
2026-08-31 11:05:47,0.2764,0.2666,0.2715,0.3318,EYES CLOSED,NO,91.6667
2026-08-31 11:05:47,0.2766,0.2666,0.2716,0.3327,EYES CLOSED,NO,92.0000
2026-08-31 11:05:47,0.2767,0.2675,0.2721,0.3304,EYES CLOSED,NO,92.3077
2026-08-31 11:05:47,0.2761,0.2669,0.2715,0.3266,EYES CLOSED,NO,92.5926
2026-08-31 11:05:47,0.2762,0.2664,0.2713,0.3220,EYES CLOSED,NO,92.8571
2026-08-31 11:05:47,0.2766,0.2670,0.2718,0.3170,EYES CLOSED,NO,93.1034
2026-08-31 11:05:47,0.2767,0.2672,0.2719,0.3117,EYES CLOSED,NO,93.3333
2026-08-31 11:05:47,0.2765,0.2675,0.2720,0.3084,EYES CLOSED,NO,93.5484
2026-08-31 11:05:47,0.2779,0.2695,0.2737,0.3070,EYES CLOSED,NO,93.7500
2026-08-31 11:05:47,0.2782,0.2698,0.2740,0.3054,EYES CLOSED,NO,93.9394
2026-08-31 11:05:47,0.2786,0.2715,0.2750,0.3035,EYES CLOSED,NO,94.1176
2026-08-31 11:05:47,0.2789,0.2714,0.2752,0.3012,EYES CLOSED,NO,94.2857
2026-08-31 11:05:47,0.2793,0.2714,0.2753,0.2991,EYES CLOSED,NO,94.4444
2026-08-31 11:05:47,0.2791,0.2708,0.2749,0.2960,EYES CLOSED,NO,94.5946
2026-08-31 11:05:47,0.2786,0.2701,0.2744,0.2905,EYES CLOSED,NO,94.7368
2026-08-31 11:05:47,0.2791,0.2707,0.2749,0.2856,EYES CLOSED,NO,94.8718
2026-08-31 11:05:48,0.2792,0.2709,0.2751,0.2816,EYES CLOSED,NO,95.0000
2026-08-31 11:05:48,0.2792,0.2710,0.2751,0.2788,EYES CLOSED,NO,95.1220
2026-08-31 11:05:48,0.2791,0.2709,0.2750,0.2789,EYES CLOSED,NO,95.2381
2026-08-31 11:05:48,0.2792,0.2709,0.2751,0.2784,EYES CLOSED,NO,95.3488
2026-08-31 11:05:48,0.2794,0.2715,0.2755,0.2897,EYES CLOSED,NO,95.4545
2026-08-31 11:05:48,0.2794,0.2717,0.2756,0.2997,EYES CLOSED,NO,95.5556
2026-08-31 11:05:48,0.2797,0.2723,0.2760,0.3013,EYES CLOSED,NO,95.6522
2026-08-31 11:05:48,0.2798,0.2724,0.2761,0.3122,EYES CLOSED,NO,95.7447
2026-08-31 11:05:48,0.2799,0.2725,0.2762,0.3244,EYES CLOSED,NO,95.8333
2026-08-31 11:05:48,0.2800,0.2726,0.2763,0.3312,EYES CLOSED,NO,95.9184
2026-08-31 11:05:48,0.2801,0.2726,0.2764,0.3353,EYES CLOSED,NO,96.0000
2026-08-31 11:05:48,0.2805,0.2702,0.2754,0.3571,EYES CLOSED,NO,96.0784
2026-08-31 11:05:48,0.2802,0.2681,0.2742,0.3711,EYES CLOSED,NO,96.1538
2026-08-31 11:05:48,0.1875,0.1764,0.1820,0.3959,EYES CLOSED,NO,96.2264
2026-08-31 11:05:48,0.1694,0.1584,0.1639,0.4172,EYES CLOSED,NO,96.2963
2026-08-31 11:05:48,0.0847,0.0589,0.0718,0.4737,EYES CLOSED,NO,96.3636
2026-08-31 11:05:48,0.1027,0.0835,0.0931,0.7023,EYES CLOSED,NO,96.4286
2026-08-31 11:05:48,0.1081,0.0860,0.0970,1.0278,EYES CLOSED,NO,96.4912
2026-08-31 11:05:48,0.1398,0.1128,0.1263,1.5723,EYES CLOSED,NO,96.5517
2026-08-31 11:05:48,0.2104,0.1754,0.1929,2.7741,EYES CLOSED,NO,96.6102
2026-08-31 11:05:48,0.2263,0.1934,0.2098,4.0631,EYES CLOSED,NO,96.6667
2026-08-31 11:05:48,0.2473,0.2255,0.2364,6.1938,EYES CLOSED,NO,96.7213
2026-08-31 11:05:48,0.2664,0.2475,0.2570,9.2388,EYES CLOSED,NO,96.7742
2026-08-31 11:05:48,0.2743,0.2611,0.2677,12.6768,EYES CLOSED,NO,96.8254
2026-08-31 11:05:48,0.2796,0.2644,0.2720,15.6126,EYES CLOSED,NO,96.8750
2026-08-31 11:05:48,0.2885,0.2686,0.2785,19.0781,EYES CLOSED,NO,96.9231
2026-08-31 11:05:48,0.2897,0.2695,0.2796,21.6518,EYES CLOSED,NO,96.9697
2026-08-31 11:05:48,0.2901,0.2697,0.2799,23.7452,EYES CLOSED,NO,97.0149
2026-08-31 11:05:48,0.2942,0.2758,0.2850,26.2337,EYES CLOSED,NO,97.0588
2026-08-31 11:05:48,0.2949,0.2772,0.2860,28.6605,EYES CLOSED,NO,97.1014
2026-08-31 11:05:49,0.2973,0.2797,0.2885,31.3159,EYES CLOSED,NO,97.1429
2026-08-31 11:05:49,0.2981,0.2796,0.2888,34.4217,EYES CLOSED,NO,97.1831
2026-08-31 11:05:49,0.2989,0.2796,0.2892,37.0790,EYES CLOSED,NO,97.2222
2026-08-31 11:05:49,0.2987,0.2802,0.2895,39.3540,EYES CLOSED,YES,97.2603
2026-08-31 11:05:49,0.2975,0.2787,0.2881,42.2943,EYES CLOSED,YES,97.2973
2026-08-31 11:05:49,0.2971,0.2785,0.2878,44.6240,EYES CLOSED,YES,97.3333
2026-08-31 11:05:49,0.2973,0.2786,0.2879,47.1441,EYES CLOSED,YES,97.3684
2026-08-31 11:05:49,0.2976,0.2774,0.2875,49.6542,EYES CLOSED,YES,97.4026
2026-08-31 11:05:49,0.2970,0.2772,0.2871,51.5959,EYES CLOSED,YES,97.4359
2026-08-31 11:05:49,0.2969,0.2772,0.2870,53.1811,EYES CLOSED,YES,97.4684
2026-08-31 11:05:49,0.3004,0.2834,0.2919,55.5206,RIGHT EYE CLOSED,YES,96.2500
2026-08-31 11:05:49,0.3010,0.2851,0.2931,57.1771,RIGHT EYE CLOSED,YES,95.0617
2026-08-31 11:05:49,0.3036,0.2854,0.2945,59.5062,RIGHT EYE CLOSED,YES,93.9024
2026-08-31 11:05:49,0.3027,0.2824,0.2926,62.8945,RIGHT EYE CLOSED,YES,92.7711
2026-08-31 11:05:49,0.3011,0.2806,0.2908,66.0888,RIGHT EYE CLOSED,YES,91.6667
2026-08-31 11:05:49,0.3018,0.2811,0.2914,68.6760,RIGHT EYE CLOSED,YES,90.5882
2026-08-31 11:05:49,0.3053,0.2827,0.2940,71.9690,RIGHT EYE CLOSED,YES,89.5349
2026-08-31 11:05:49,0.3052,0.2823,0.2938,74.6948,RIGHT EYE CLOSED,YES,88.5057
2026-08-31 11:05:49,0.3065,0.2855,0.2960,76.2109,RIGHT EYE CLOSED,YES,87.5000
2026-08-31 11:05:49,0.3030,0.2867,0.2949,77.4439,RIGHT EYE CLOSED,YES,86.5169
2026-08-31 11:05:49,0.3032,0.2870,0.2951,78.3397,RIGHT EYE CLOSED,YES,85.5556
2026-08-31 11:05:49,0.3021,0.2848,0.2934,78.8112,RIGHT EYE CLOSED,YES,84.6154
2026-08-31 11:05:49,0.3019,0.2836,0.2928,78.9580,RIGHT EYE CLOSED,YES,83.6957
2026-08-31 11:05:49,0.3021,0.2836,0.2928,79.1675,RIGHT EYE CLOSED,YES,82.7957
2026-08-31 11:05:49,0.3018,0.2836,0.2927,78.9794,RIGHT EYE CLOSED,YES,81.9149
2026-08-31 11:05:49,0.3004,0.2834,0.2919,76.2380,RIGHT EYE CLOSED,YES,81.0526
2026-08-31 11:05:49,0.2998,0.2835,0.2917,73.6948,RIGHT EYE CLOSED,YES,80.2083
2026-08-31 11:05:49,0.2984,0.2832,0.2908,69.4007,RIGHT EYE CLOSED,YES,79.3814
2026-08-31 11:05:49,0.2954,0.2796,0.2875,64.2988,EYES CLOSED,YES,79.5918
2026-08-31 11:05:50,0.2942,0.2800,0.2871,59.0217,EYES CLOSED,YES,79.7980
2026-08-31 11:05:50,0.2932,0.2782,0.2857,56.1177,EYES CLOSED,YES,80.0000
2026-08-31 11:05:50,0.2927,0.2776,0.2852,52.1976,EYES CLOSED,YES,80.1980
2026-08-31 11:05:50,0.2918,0.2774,0.2846,50.1249,EYES CLOSED,YES,80.3922
2026-08-31 11:05:50,0.2912,0.2780,0.2846,48.4820,EYES CLOSED,YES,80.5825
2026-08-31 11:05:50,0.2886,0.2760,0.2823,47.3477,EYES CLOSED,YES,80.7692
2026-08-31 11:05:50,0.2875,0.2751,0.2813,46.3389,EYES CLOSED,YES,80.9524
2026-08-31 11:05:50,0.2869,0.2751,0.2810,45.5118,EYES CLOSED,YES,81.1321
2026-08-31 11:05:50,0.2854,0.2741,0.2798,44.3467,EYES CLOSED,YES,81.3084
2026-08-31 11:05:50,0.2846,0.2737,0.2791,43.5704,EYES CLOSED,YES,81.4815
2026-08-31 11:05:50,0.2856,0.2750,0.2803,42.1056,EYES CLOSED,YES,81.6514
2026-08-31 11:05:50,0.2858,0.2747,0.2802,38.5273,EYES CLOSED,YES,81.8182
2026-08-31 11:05:50,0.2825,0.2736,0.2781,35.0052,EYES CLOSED,YES,81.9820
2026-08-31 11:05:50,0.2821,0.2761,0.2791,30.6449,EYES CLOSED,YES,82.1429
2026-08-31 11:05:50,0.2701,0.2641,0.2671,24.6505,EYES CLOSED,YES,82.3009
2026-08-31 11:05:50,0.2681,0.2629,0.2655,19.1835,EYES CLOSED,NO,82.4561
2026-08-31 11:05:50,0.2680,0.2611,0.2646,14.6471,EYES CLOSED,NO,82.6087
2026-08-31 11:05:50,0.2760,0.2696,0.2728,9.5109,EYES CLOSED,NO,82.7586
2026-08-31 11:05:50,0.2701,0.2674,0.2687,5.5414,EYES CLOSED,NO,82.9060
2026-08-31 11:05:50,0.2624,0.2662,0.2643,3.2520,EYES CLOSED,NO,83.0508
2026-08-31 11:05:50,0.2480,0.2704,0.2592,1.2213,EYES CLOSED,NO,83.1933
2026-08-31 11:05:50,0.2517,0.2725,0.2621,0.3561,EYES CLOSED,NO,83.3333
2026-08-31 11:05:50,0.2417,0.2744,0.2580,0.2912,EYES CLOSED,NO,83.4711
2026-08-31 11:05:50,0.2424,0.2834,0.2629,0.3021,EYES CLOSED,NO,83.6066
2026-08-31 11:05:50,0.2378,0.2798,0.2588,0.2602,EYES CLOSED,NO,83.7398
2026-08-31 11:05:50,0.2488,0.2943,0.2715,0.2702,EYES CLOSED,NO,83.8710
2026-08-31 11:05:50,0.2364,0.2761,0.2563,0.3338,EYES CLOSED,NO,84.0000
2026-08-31 11:05:50,0.2435,0.2757,0.2596,0.3716,EYES CLOSED,NO,84.1270
2026-08-31 11:05:50,0.2370,0.2721,0.2545,0.4119,EYES CLOSED,NO,84.2520
2026-08-31 11:05:50,0.2380,0.2786,0.2583,0.4959,EYES CLOSED,NO,84.3750
2026-08-31 11:05:50,0.2406,0.2834,0.2620,0.5864,EYES CLOSED,NO,84.4961
2026-08-31 11:05:51,0.0773,0.1193,0.0983,0.6572,EYES CLOSED,NO,84.6154
2026-08-31 11:05:51,0.0444,0.0672,0.0558,0.7756,EYES CLOSED,NO,84.7328
2026-08-31 11:05:51,0.0412,0.0698,0.0555,0.8818,EYES CLOSED,NO,84.8485
2026-08-31 11:05:51,0.0342,0.0905,0.0624,0.9139,EYES CLOSED,NO,84.9624
2026-08-31 11:05:51,0.1491,0.2054,0.1772,0.8701,EYES CLOSED,NO,85.0746
2026-08-31 11:05:51,0.1671,0.2229,0.1950,0.7703,EYES CLOSED,NO,85.1852
2026-08-31 11:05:51,0.1909,0.2505,0.2207,0.6400,EYES CLOSED,NO,85.2941
2026-08-31 11:05:51,0.2136,0.2753,0.2444,0.5152,EYES CLOSED,NO,85.4015
2026-08-31 11:05:51,0.2221,0.2776,0.2499,0.4378,EYES CLOSED,NO,85.5072
2026-08-31 11:05:51,0.2410,0.3072,0.2741,0.3826,LEFT EYE CLOSED,NO,84.8921
2026-08-31 11:05:51,0.2508,0.3146,0.2827,0.3474,LEFT EYE CLOSED,NO,84.2857
2026-08-31 11:05:51,0.2575,0.3131,0.2853,0.3153,LEFT EYE CLOSED,NO,83.6879
2026-08-31 11:05:51,0.2608,0.3236,0.2922,0.2727,LEFT EYE CLOSED,NO,83.0986
2026-08-31 11:05:51,0.2614,0.3195,0.2905,0.2342,LEFT EYE CLOSED,NO,82.5175
2026-08-31 11:05:51,0.2625,0.3143,0.2884,0.2388,LEFT EYE CLOSED,NO,81.9444
2026-08-31 11:05:51,0.2635,0.3125,0.2880,0.2325,LEFT EYE CLOSED,NO,81.3793
2026-08-31 11:05:51,0.2629,0.3063,0.2846,0.2629,LEFT EYE CLOSED,NO,80.8219
2026-08-31 11:05:51,0.2622,0.3077,0.2849,0.2895,LEFT EYE CLOSED,NO,80.2721
2026-08-31 11:05:51,0.2585,0.3057,0.2821,0.3091,LEFT EYE CLOSED,NO,79.7297
2026-08-31 11:05:51,0.2573,0.3047,0.2810,0.3175,LEFT EYE CLOSED,NO,79.1946
2026-08-31 11:05:51,0.2560,0.3049,0.2804,0.3265,LEFT EYE CLOSED,NO,78.6667
2026-08-31 11:05:51,0.2460,0.2970,0.2715,0.3158,LEFT EYE CLOSED,NO,78.1457
2026-08-31 11:05:51,0.2476,0.2903,0.2689,0.2903,LEFT EYE CLOSED,NO,77.6316
2026-08-31 11:05:51,0.2494,0.2924,0.2709,0.2717,EYES CLOSED,NO,77.7778
2026-08-31 11:05:51,0.2504,0.2920,0.2712,0.2614,EYES CLOSED,NO,77.9221
2026-08-31 11:05:51,0.2567,0.2945,0.2756,0.2727,EYES CLOSED,NO,78.0645
2026-08-31 11:05:51,0.2667,0.2979,0.2823,0.2937,EYES CLOSED,NO,78.2051
2026-08-31 11:05:51,0.2677,0.2889,0.2783,0.3014,EYES CLOSED,NO,78.3439
2026-08-31 11:05:51,0.2667,0.2791,0.2729,0.3112,EYES CLOSED,NO,78.4810
2026-08-31 11:05:51,0.2697,0.2819,0.2758,0.3232,EYES CLOSED,NO,78.6164
2026-08-31 11:05:52,0.2682,0.2750,0.2716,0.3256,EYES CLOSED,NO,78.7500
2026-08-31 11:05:52,0.2766,0.2789,0.2777,0.3065,EYES CLOSED,NO,78.8820
2026-08-31 11:05:52,0.2806,0.2813,0.2810,0.3180,EYES CLOSED,NO,79.0123
2026-08-31 11:05:52,0.2871,0.2875,0.2873,0.3235,EYES CLOSED,NO,79.1411
2026-08-31 11:05:52,0.2841,0.2854,0.2847,0.3198,EYES CLOSED,NO,79.2683
2026-08-31 11:05:52,0.2860,0.2858,0.2859,0.3246,EYES CLOSED,NO,79.3939
2026-08-31 11:05:52,0.2822,0.2857,0.2839,0.3316,EYES CLOSED,NO,79.5181
2026-08-31 11:05:52,0.2819,0.2863,0.2841,0.3304,EYES CLOSED,NO,79.6407
2026-08-31 11:05:52,0.2791,0.2838,0.2815,0.3315,EYES CLOSED,NO,79.7619
2026-08-31 11:05:52,0.2798,0.2806,0.2802,0.3336,EYES CLOSED,NO,79.8817
2026-08-31 11:05:52,0.2824,0.2800,0.2812,0.3162,EYES CLOSED,NO,80.0000
2026-08-31 11:05:52,0.2821,0.2794,0.2807,0.3015,EYES CLOSED,NO,80.1170
2026-08-31 11:05:52,0.2825,0.2809,0.2817,0.2977,EYES CLOSED,NO,80.2326
2026-08-31 11:05:52,0.2853,0.2826,0.2840,0.2945,EYES CLOSED,NO,80.3468
2026-08-31 11:05:52,0.2861,0.2836,0.2849,0.2931,EYES CLOSED,NO,80.4598
2026-08-31 11:05:52,0.2864,0.2846,0.2855,0.2995,EYES CLOSED,NO,80.5714
2026-08-31 11:05:52,0.2858,0.2850,0.2854,0.3090,EYES CLOSED,NO,80.6818
2026-08-31 11:05:52,0.2855,0.2856,0.2856,0.3124,EYES CLOSED,NO,80.7910
2026-08-31 11:05:52,0.2846,0.2861,0.2854,0.3139,EYES CLOSED,NO,80.8989
2026-08-31 11:05:52,0.2844,0.2864,0.2854,0.3131,EYES CLOSED,NO,81.0056
2026-08-31 11:05:52,0.2847,0.2869,0.2858,0.3126,EYES CLOSED,NO,81.1111
2026-08-31 11:05:52,0.2842,0.2866,0.2854,0.3102,EYES CLOSED,NO,81.2155
2026-08-31 11:05:52,0.2844,0.2851,0.2848,0.3072,EYES CLOSED,NO,81.3187
2026-08-31 11:05:52,0.2843,0.2849,0.2846,0.3041,EYES CLOSED,NO,81.4208
2026-08-31 11:05:52,0.2834,0.2840,0.2837,0.3005,EYES CLOSED,NO,81.5217
2026-08-31 11:05:52,0.2835,0.2844,0.2840,0.2951,EYES CLOSED,NO,81.6216
2026-08-31 11:05:52,0.2833,0.2844,0.2838,0.2923,EYES CLOSED,NO,81.7204
2026-08-31 11:05:52,0.2830,0.2842,0.2836,0.2911,EYES CLOSED,NO,81.8182
2026-08-31 11:05:52,0.2826,0.2840,0.2833,0.2908,EYES CLOSED,NO,81.9149
2026-08-31 11:05:52,0.2818,0.2835,0.2826,0.2899,EYES CLOSED,NO,82.0106
2026-08-31 11:05:53,0.2806,0.2820,0.2813,0.2909,EYES CLOSED,NO,82.1053
2026-08-31 11:05:53,0.2803,0.2816,0.2809,0.2919,EYES CLOSED,NO,82.1990
2026-08-31 11:05:53,0.2797,0.2810,0.2804,0.2962,EYES CLOSED,NO,82.2917
2026-08-31 11:05:53,0.2778,0.2788,0.2783,0.2975,EYES CLOSED,NO,82.3834
2026-08-31 11:05:53,0.2769,0.2773,0.2771,0.2953,EYES CLOSED,NO,82.4742
2026-08-31 11:05:53,0.2766,0.2769,0.2768,0.2920,EYES CLOSED,NO,82.5641
2026-08-31 11:05:53,0.2764,0.2764,0.2764,0.2894,EYES CLOSED,NO,82.6531
2026-08-31 11:05:53,0.2765,0.2765,0.2765,0.2815,EYES CLOSED,NO,82.7411
2026-08-31 11:05:53,0.2758,0.2764,0.2761,0.2757,EYES CLOSED,NO,82.8283
2026-08-31 11:05:53,0.2752,0.2762,0.2757,0.2744,EYES CLOSED,NO,82.9146
2026-08-31 11:05:53,0.2752,0.2762,0.2757,0.2740,EYES CLOSED,NO,83.0000
2026-08-31 11:05:53,0.2751,0.2763,0.2757,0.2714,EYES CLOSED,NO,83.0846
2026-08-31 11:05:53,0.2747,0.2758,0.2752,0.2705,EYES CLOSED,NO,83.1683
2026-08-31 11:05:53,0.2747,0.2759,0.2753,0.2703,EYES CLOSED,NO,83.2512
2026-08-31 11:05:53,0.2732,0.2762,0.2747,0.2673,EYES CLOSED,NO,83.3333
2026-08-31 11:05:53,0.2719,0.2766,0.2742,0.2623,EYES CLOSED,NO,83.4146
2026-08-31 11:05:53,0.2721,0.2773,0.2747,0.2533,EYES CLOSED,NO,83.4951
2026-08-31 11:05:53,0.2721,0.2774,0.2748,0.2416,EYES CLOSED,NO,83.5749
2026-08-31 11:05:53,0.2717,0.2777,0.2747,0.2295,EYES CLOSED,NO,83.6538
2026-08-31 11:05:53,0.2706,0.2770,0.2738,0.2241,EYES CLOSED,NO,83.7321
2026-08-31 11:05:53,0.2705,0.2767,0.2736,0.2225,EYES CLOSED,NO,83.8095
2026-08-31 11:05:53,0.2703,0.2759,0.2731,0.2272,EYES CLOSED,NO,83.8863
2026-08-31 11:05:53,0.2703,0.2762,0.2732,0.2341,EYES CLOSED,NO,83.9623
2026-08-31 11:05:53,0.2708,0.2768,0.2738,0.2413,EYES CLOSED,NO,84.0376
2026-08-31 11:05:53,0.2712,0.2770,0.2741,0.2473,EYES CLOSED,NO,84.1121
2026-08-31 11:05:53,0.2713,0.2770,0.2742,0.2519,EYES CLOSED,NO,84.1860
2026-08-31 11:05:53,0.2706,0.2768,0.2737,0.2561,EYES CLOSED,NO,84.2593
2026-08-31 11:05:53,0.2681,0.2762,0.2722,0.2581,EYES CLOSED,NO,84.3318
2026-08-31 11:05:53,0.2695,0.2791,0.2743,0.2529,EYES CLOSED,NO,84.4037
2026-08-31 11:05:53,0.2676,0.2791,0.2733,0.2462,EYES CLOSED,NO,84.4749
2026-08-31 11:05:54,0.2708,0.2896,0.2802,0.2391,EYES CLOSED,NO,84.5455
2026-08-31 11:05:54,0.2727,0.2854,0.2790,0.2597,EYES CLOSED,NO,84.6154
2026-08-31 11:05:54,0.2709,0.2807,0.2758,0.2837,EYES CLOSED,NO,84.6847
2026-08-31 11:05:54,0.2555,0.2687,0.2621,0.3677,EYES CLOSED,NO,84.7534
2026-08-31 11:05:54,0.2534,0.2635,0.2584,0.4917,EYES CLOSED,NO,84.8214
2026-08-31 11:05:54,0.0744,0.1036,0.0890,0.6035,EYES CLOSED,NO,84.8889
2026-08-31 11:05:54,0.0555,0.0681,0.0618,0.6008,EYES CLOSED,NO,84.9558
2026-08-31 11:05:54,0.0680,0.0605,0.0643,0.6447,EYES CLOSED,NO,85.0220
2026-08-31 11:05:54,0.1074,0.1213,0.1143,0.6143,EYES CLOSED,NO,85.0877
2026-08-31 11:05:54,0.2187,0.2243,0.2215,0.5410,EYES CLOSED,NO,85.1528
2026-08-31 11:05:54,0.2472,0.2507,0.2490,0.5148,EYES CLOSED,NO,85.2174
2026-08-31 11:05:54,0.2486,0.2555,0.2520,0.5580,EYES CLOSED,NO,85.2814
2026-08-31 11:05:54,0.2635,0.2793,0.2714,0.5595,EYES CLOSED,NO,85.3448
2026-08-31 11:05:54,0.2573,0.2739,0.2656,0.5540,EYES CLOSED,NO,85.4077
2026-08-31 11:05:54,0.2737,0.2850,0.2794,0.5875,EYES CLOSED,NO,85.4701
2026-08-31 11:05:54,0.2801,0.2887,0.2844,0.6127,EYES CLOSED,NO,85.5319
2026-08-31 11:05:54,0.2698,0.2817,0.2758,0.6593,EYES CLOSED,NO,85.5932
2026-08-31 11:05:54,0.2785,0.2790,0.2788,0.6354,EYES CLOSED,NO,85.6540
2026-08-31 11:05:54,0.2646,0.2720,0.2683,0.6715,EYES CLOSED,NO,85.7143
2026-08-31 11:05:54,0.2602,0.2681,0.2642,0.7099,EYES CLOSED,NO,85.7741
2026-08-31 11:05:54,0.2713,0.2670,0.2691,0.6563,EYES CLOSED,NO,85.8333
2026-08-31 11:05:54,0.2678,0.2663,0.2670,0.6100,EYES CLOSED,NO,85.8921
2026-08-31 11:05:54,0.2639,0.2635,0.2637,0.6600,EYES CLOSED,NO,85.9504
2026-08-31 11:05:54,0.2687,0.2656,0.2672,0.7115,EYES CLOSED,NO,86.0082
2026-08-31 11:05:54,0.2738,0.2710,0.2724,0.7086,EYES CLOSED,NO,86.0656
2026-08-31 11:05:54,0.2798,0.2771,0.2784,0.7375,EYES CLOSED,NO,86.1224
2026-08-31 11:05:54,0.2783,0.2791,0.2787,0.7469,EYES CLOSED,NO,86.1789
2026-08-31 11:05:54,0.2772,0.2768,0.2770,0.7276,EYES CLOSED,NO,86.2348
2026-08-31 11:05:54,0.2780,0.2770,0.2775,0.6836,EYES CLOSED,NO,86.2903
2026-08-31 11:05:54,0.2800,0.2779,0.2790,0.6732,EYES CLOSED,NO,86.3454
2026-08-31 11:05:55,0.2808,0.2750,0.2779,0.6827,EYES CLOSED,NO,86.4000
2026-08-31 11:05:55,0.2801,0.2738,0.2769,0.6819,EYES CLOSED,NO,86.4542
2026-08-31 11:05:55,0.2787,0.2704,0.2746,0.6724,EYES CLOSED,NO,86.5079
2026-08-31 11:05:55,0.2813,0.2715,0.2764,0.6287,EYES CLOSED,NO,86.5613
2026-08-31 11:05:55,0.2797,0.2713,0.2755,0.5441,EYES CLOSED,NO,86.6142
2026-08-31 11:05:55,0.2790,0.2712,0.2751,0.4679,EYES CLOSED,NO,86.6667
2026-08-31 11:05:55,0.2789,0.2724,0.2756,0.4000,EYES CLOSED,NO,86.7188
2026-08-31 11:05:55,0.2789,0.2721,0.2755,0.3380,EYES CLOSED,NO,86.7704
2026-08-31 11:05:55,0.2798,0.2734,0.2766,0.3183,EYES CLOSED,NO,86.8217
2026-08-31 11:05:55,0.2784,0.2711,0.2748,0.3120,EYES CLOSED,NO,86.8726
2026-08-31 11:05:55,0.2782,0.2705,0.2744,0.3099,EYES CLOSED,NO,86.9231
2026-08-31 11:05:55,0.2793,0.2711,0.2752,0.3337,EYES CLOSED,NO,86.9732
2026-08-31 11:05:55,0.2781,0.2710,0.2745,0.3550,EYES CLOSED,NO,87.0229
2026-08-31 11:05:55,0.2774,0.2705,0.2739,0.3648,EYES CLOSED,NO,87.0722
2026-08-31 11:05:55,0.2764,0.2693,0.2728,0.3802,EYES CLOSED,NO,87.1212
2026-08-31 11:05:55,0.2784,0.2694,0.2739,0.3892,EYES CLOSED,NO,87.1698
2026-08-31 11:05:55,0.2791,0.2693,0.2742,0.3830,EYES CLOSED,NO,87.2180
2026-08-31 11:05:55,0.2792,0.2694,0.2743,0.3786,EYES CLOSED,NO,87.2659
2026-08-31 11:05:55,0.2796,0.2702,0.2749,0.3659,EYES CLOSED,NO,87.3134
2026-08-31 11:05:55,0.2794,0.2700,0.2747,0.3578,EYES CLOSED,NO,87.3606
2026-08-31 11:05:55,0.2775,0.2685,0.2730,0.3581,EYES CLOSED,NO,87.4074
2026-08-31 11:05:55,0.2773,0.2687,0.2730,0.3609,EYES CLOSED,NO,87.4539
2026-08-31 11:05:55,0.2772,0.2683,0.2727,0.3644,EYES CLOSED,NO,87.5000
2026-08-31 11:05:55,0.2776,0.2690,0.2733,0.3675,EYES CLOSED,NO,87.5458
2026-08-31 11:05:55,0.2778,0.2690,0.2734,0.3707,EYES CLOSED,NO,87.5912
2026-08-31 11:05:55,0.2778,0.2691,0.2735,0.3738,EYES CLOSED,NO,87.6364
2026-08-31 11:05:55,0.2780,0.2698,0.2739,0.3747,EYES CLOSED,NO,87.6812
2026-08-31 11:05:55,0.2782,0.2700,0.2741,0.3782,EYES CLOSED,NO,87.7256
2026-08-31 11:05:55,0.2780,0.2699,0.2739,0.3866,EYES CLOSED,NO,87.7698
2026-08-31 11:05:55,0.2780,0.2701,0.2741,0.3955,EYES CLOSED,NO,87.8136
2026-08-31 11:05:56,0.2785,0.2703,0.2744,0.4036,EYES CLOSED,NO,87.8571
2026-08-31 11:05:56,0.2788,0.2707,0.2747,0.4116,EYES CLOSED,NO,87.9004
2026-08-31 11:05:56,0.2786,0.2707,0.2746,0.4171,EYES CLOSED,NO,87.9433
2026-08-31 11:05:56,0.2788,0.2708,0.2748,0.4225,EYES CLOSED,NO,87.9859
2026-08-31 11:05:56,0.2789,0.2709,0.2749,0.4272,EYES CLOSED,NO,88.0282
2026-08-31 11:05:56,0.2790,0.2708,0.2749,0.4335,EYES CLOSED,NO,88.0702
2026-08-31 11:05:56,0.2806,0.2717,0.2762,0.4469,EYES CLOSED,NO,88.1119
2026-08-31 11:05:56,0.2814,0.2721,0.2767,0.4614,EYES CLOSED,NO,88.1533
2026-08-31 11:05:56,0.2831,0.2732,0.2782,0.4768,EYES CLOSED,NO,88.1944
2026-08-31 11:05:56,0.2846,0.2746,0.2796,0.4900,EYES CLOSED,NO,88.2353
2026-08-31 11:05:56,0.2850,0.2751,0.2800,0.5012,EYES CLOSED,NO,88.2759
2026-08-31 11:05:56,0.2852,0.2758,0.2805,0.5017,EYES CLOSED,NO,88.3162
2026-08-31 11:05:56,0.2845,0.2750,0.2797,0.4951,EYES CLOSED,NO,88.3562
2026-08-31 11:05:56,0.2844,0.2750,0.2797,0.4860,EYES CLOSED,NO,88.3959
2026-08-31 11:05:56,0.2848,0.2749,0.2799,0.4747,EYES CLOSED,NO,88.4354
2026-08-31 11:05:56,0.2840,0.2727,0.2783,0.4608,EYES CLOSED,NO,88.4746
2026-08-31 11:05:56,0.2838,0.2720,0.2779,0.4511,EYES CLOSED,NO,88.5135
2026-08-31 11:05:56,0.2840,0.2710,0.2775,0.4465,EYES CLOSED,NO,88.5522
2026-08-31 11:05:56,0.2824,0.2681,0.2752,0.4527,EYES CLOSED,NO,88.5906
2026-08-31 11:05:56,0.2816,0.2671,0.2744,0.4665,EYES CLOSED,NO,88.6288
2026-08-31 11:05:56,0.2806,0.2666,0.2736,0.4852,EYES CLOSED,NO,88.6667
2026-08-31 11:05:56,0.2800,0.2662,0.2731,0.5036,EYES CLOSED,NO,88.7043
2026-08-31 11:05:56,0.2799,0.2661,0.2730,0.5308,EYES CLOSED,NO,88.7417
2026-08-31 11:05:56,0.2778,0.2642,0.2710,0.5366,EYES CLOSED,NO,88.7789
2026-08-31 11:05:56,0.2752,0.2622,0.2687,0.5348,EYES CLOSED,NO,88.8158
2026-08-31 11:05:56,0.2745,0.2617,0.2681,0.5296,EYES CLOSED,NO,88.8525
2026-08-31 11:05:56,0.2744,0.2615,0.2679,0.5255,EYES CLOSED,NO,88.8889
2026-08-31 11:05:56,0.2744,0.2606,0.2675,0.5147,EYES CLOSED,NO,88.9251
2026-08-31 11:05:56,0.2737,0.2602,0.2670,0.5157,EYES CLOSED,NO,88.9610
2026-08-31 11:05:56,0.2731,0.2598,0.2665,0.5175,EYES CLOSED,NO,88.9968
2026-08-31 11:05:57,0.2712,0.2580,0.2646,0.5018,EYES CLOSED,NO,89.0323
2026-08-31 11:05:57,0.2707,0.2574,0.2641,0.4808,EYES CLOSED,NO,89.0675
2026-08-31 11:05:57,0.2696,0.2574,0.2635,0.4596,EYES CLOSED,NO,89.1026
2026-08-31 11:05:57,0.2690,0.2574,0.2632,0.4391,EYES CLOSED,NO,89.1374
2026-08-31 11:05:57,0.2682,0.2567,0.2625,0.4223,EYES CLOSED,NO,89.1720
2026-08-31 11:05:57,0.2675,0.2564,0.2620,0.4226,EYES CLOSED,NO,89.2063
2026-08-31 11:05:57,0.2667,0.2547,0.2607,0.4318,EYES CLOSED,NO,89.2405
2026-08-31 11:05:57,0.2666,0.2544,0.2605,0.4397,EYES CLOSED,NO,89.2744
2026-08-31 11:05:57,0.2667,0.2543,0.2605,0.4465,EYES CLOSED,NO,89.3082
2026-08-31 11:05:57,0.2670,0.2533,0.2601,0.4466,EYES CLOSED,NO,89.3417
2026-08-31 11:05:57,0.2671,0.2528,0.2599,0.4478,EYES CLOSED,NO,89.3750
2026-08-31 11:05:57,0.2673,0.2524,0.2598,0.4432,EYES CLOSED,NO,89.4081
2026-08-31 11:05:57,0.2677,0.2518,0.2598,0.4407,EYES CLOSED,NO,89.4410
2026-08-31 11:05:57,0.2674,0.2517,0.2595,0.4416,EYES CLOSED,NO,89.4737
2026-08-31 11:05:57,0.2671,0.2516,0.2594,0.4533,EYES CLOSED,NO,89.5062
2026-08-31 11:05:57,0.2670,0.2517,0.2593,0.4662,EYES CLOSED,NO,89.5385
2026-08-31 11:05:57,0.2677,0.2521,0.2599,0.4842,EYES CLOSED,NO,89.5706
2026-08-31 11:05:57,0.2680,0.2529,0.2605,0.4981,EYES CLOSED,NO,89.6024
2026-08-31 11:05:57,0.2782,0.2565,0.2674,0.5129,EYES CLOSED,NO,89.6341
2026-08-31 11:05:57,0.2800,0.2576,0.2688,0.5238,EYES CLOSED,NO,89.6657
2026-08-31 11:05:57,0.2852,0.2629,0.2741,0.5367,EYES CLOSED,NO,89.6970
2026-08-31 11:05:57,0.2900,0.2692,0.2796,0.5512,EYES CLOSED,NO,89.7281
2026-08-31 11:05:57,0.2916,0.2718,0.2817,0.5678,EYES CLOSED,NO,89.7590
2026-08-31 11:05:57,0.2936,0.2747,0.2841,0.5799,EYES CLOSED,NO,89.7898
2026-08-31 11:05:57,0.2968,0.2793,0.2880,0.5824,EYES CLOSED,NO,89.8204
2026-08-31 11:05:57,0.2973,0.2801,0.2887,0.5788,EYES CLOSED,NO,89.8507
2026-08-31 11:05:57,0.2969,0.2833,0.2901,0.5623,EYES CLOSED,NO,89.8810
2026-08-31 11:05:57,0.2975,0.2852,0.2913,0.5419,EYES CLOSED,NO,89.9110
2026-08-31 11:05:57,0.2978,0.2862,0.2920,0.5156,EYES CLOSED,NO,89.9408
2026-08-31 11:05:57,0.2978,0.2865,0.2922,0.5234,EYES CLOSED,NO,89.9705
2026-08-31 11:05:58,0.2985,0.2869,0.2927,0.5362,EYES CLOSED,NO,90.0000
2026-08-31 11:05:58,0.2986,0.2868,0.2927,0.5518,EYES CLOSED,NO,90.0293
2026-08-31 11:05:58,0.2995,0.2878,0.2937,0.5631,EYES CLOSED,NO,90.0585
2026-08-31 11:05:58,0.3012,0.2888,0.2950,0.5740,RIGHT EYE CLOSED,NO,89.7959
2026-08-31 11:05:58,0.3016,0.2890,0.2953,0.5543,RIGHT EYE CLOSED,NO,89.5349
2026-08-31 11:05:58,0.3017,0.2892,0.2955,0.5323,RIGHT EYE CLOSED,NO,89.2754
2026-08-31 11:05:58,0.3017,0.2893,0.2955,0.5114,RIGHT EYE CLOSED,NO,89.0173
2026-08-31 11:05:58,0.3015,0.2892,0.2953,0.4876,RIGHT EYE CLOSED,NO,88.7608
2026-08-31 11:05:58,0.3015,0.2888,0.2951,0.4666,RIGHT EYE CLOSED,NO,88.5057
2026-08-31 11:05:58,0.3015,0.2890,0.2952,0.4475,RIGHT EYE CLOSED,NO,88.2521
2026-08-31 11:05:58,0.3018,0.2889,0.2954,0.4280,RIGHT EYE CLOSED,NO,88.0000
2026-08-31 11:05:58,0.2982,0.2880,0.2931,0.4086,RIGHT EYE CLOSED,NO,87.7493
2026-08-31 11:05:58,0.0786,0.0641,0.0713,0.3886,RIGHT EYE CLOSED,NO,87.5000
2026-08-31 11:05:58,0.0596,0.0464,0.0530,0.3705,EYES CLOSED,NO,87.5354
2026-08-31 11:05:58,0.0762,0.0728,0.0745,0.3530,EYES CLOSED,NO,87.5706
2026-08-31 11:05:58,0.1443,0.1576,0.1510,0.3372,EYES CLOSED,NO,87.6056
2026-08-31 11:05:58,0.1740,0.1915,0.1827,0.3227,EYES CLOSED,NO,87.6404
2026-08-31 11:05:58,0.2191,0.2277,0.2234,0.3165,EYES CLOSED,NO,87.6751
2026-08-31 11:05:58,0.2400,0.2455,0.2427,0.3109,EYES CLOSED,NO,87.7095
2026-08-31 11:05:58,0.2785,0.2785,0.2785,0.3066,EYES CLOSED,NO,87.7437
2026-08-31 11:05:58,0.3029,0.2982,0.3005,0.2995,RIGHT EYE CLOSED,NO,87.5000
2026-08-31 11:05:58,0.3083,0.3015,0.3049,0.2926,EYES OPEN,NO,87.2576
2026-08-31 11:05:58,0.3102,0.3018,0.3060,0.2914,EYES OPEN,NO,87.0166
2026-08-31 11:05:58,0.3154,0.3035,0.3095,0.2932,EYES OPEN,NO,86.7769
2026-08-31 11:05:58,0.3179,0.3057,0.3118,0.2957,EYES OPEN,NO,86.5385
2026-08-31 11:05:58,0.3183,0.3060,0.3121,0.3007,EYES OPEN,NO,86.3014
2026-08-31 11:05:58,0.3195,0.3061,0.3128,0.3050,EYES OPEN,NO,86.0656
2026-08-31 11:05:58,0.3191,0.3058,0.3125,0.3042,EYES OPEN,NO,85.8311
2026-08-31 11:05:58,0.3192,0.3060,0.3126,0.3011,EYES OPEN,NO,85.5978
2026-08-31 11:05:58,0.3188,0.3051,0.3119,0.2981,EYES OPEN,NO,85.3659
2026-08-31 11:05:59,0.3185,0.3046,0.3116,0.2946,EYES OPEN,NO,85.1351
2026-08-31 11:05:59,0.3184,0.3043,0.3113,0.2909,EYES OPEN,NO,84.9057
2026-08-31 11:05:59,0.3176,0.3040,0.3108,0.2909,EYES OPEN,NO,84.6774
2026-08-31 11:05:59,0.3172,0.3041,0.3107,0.2916,EYES OPEN,NO,84.4504
2026-08-31 11:05:59,0.3173,0.3045,0.3109,0.2924,EYES OPEN,NO,84.2246
2026-08-31 11:05:59,0.3165,0.3039,0.3102,0.2936,EYES OPEN,NO,84.0000
2026-08-31 11:05:59,0.3165,0.3037,0.3101,0.2952,EYES OPEN,NO,83.7766
2026-08-31 11:05:59,0.3166,0.3037,0.3102,0.2945,EYES OPEN,NO,83.5544
2026-08-31 11:05:59,0.3164,0.3034,0.3099,0.2936,EYES OPEN,NO,83.3333
2026-08-31 11:05:59,0.3160,0.3032,0.3096,0.2922,EYES OPEN,NO,83.1135
2026-08-31 11:05:59,0.3157,0.3030,0.3094,0.2912,EYES OPEN,NO,82.8947
2026-08-31 11:05:59,0.3159,0.3031,0.3095,0.2899,EYES OPEN,NO,82.6772
2026-08-31 11:05:59,0.3159,0.3032,0.3096,0.2887,EYES OPEN,NO,82.4607
2026-08-31 11:05:59,0.3150,0.3021,0.3086,0.2869,EYES OPEN,NO,82.2454
2026-08-31 11:05:59,0.3124,0.2990,0.3057,0.2856,EYES OPEN,NO,82.0312
2026-08-31 11:05:59,0.3117,0.2978,0.3048,0.2845,EYES OPEN,NO,81.8182
2026-08-31 11:05:59,0.3101,0.2959,0.3030,0.2833,RIGHT EYE CLOSED,NO,81.6062
2026-08-31 11:05:59,0.3062,0.2914,0.2988,0.2817,RIGHT EYE CLOSED,NO,81.3953
2026-08-31 11:05:59,0.3026,0.2876,0.2951,0.2815,RIGHT EYE CLOSED,NO,81.1856
2026-08-31 11:05:59,0.3016,0.2865,0.2940,0.2816,RIGHT EYE CLOSED,NO,80.9769
2026-08-31 11:05:59,0.3004,0.2861,0.2932,0.2820,RIGHT EYE CLOSED,NO,80.7692
2026-08-31 11:05:59,0.2995,0.2850,0.2922,0.2841,RIGHT EYE CLOSED,NO,80.5627
2026-08-31 11:05:59,0.2983,0.2836,0.2909,0.2883,RIGHT EYE CLOSED,NO,80.3571
2026-08-31 11:05:59,0.2922,0.2802,0.2862,0.2942,EYES CLOSED,NO,80.4071
2026-08-31 11:05:59,0.2891,0.2784,0.2838,0.3005,EYES CLOSED,NO,80.4569
2026-08-31 11:05:59,0.2841,0.2756,0.2798,0.3060,EYES CLOSED,NO,80.5063
2026-08-31 11:05:59,0.2757,0.2710,0.2733,0.3106,EYES CLOSED,NO,80.5556
2026-08-31 11:05:59,0.2741,0.2704,0.2722,0.3139,EYES CLOSED,NO,80.6045
2026-08-31 11:05:59,0.2711,0.2695,0.2703,0.3139,EYES CLOSED,NO,80.6533
2026-08-31 11:05:59,0.2673,0.2682,0.2677,0.3175,EYES CLOSED,NO,80.7018
2026-08-31 11:06:00,0.2657,0.2672,0.2664,0.3211,EYES CLOSED,NO,80.7500
2026-08-31 11:06:00,0.2645,0.2666,0.2656,0.3252,EYES CLOSED,NO,80.7980
2026-08-31 11:06:00,0.2642,0.2663,0.2653,0.3286,EYES CLOSED,NO,80.8458
2026-08-31 11:06:00,0.2637,0.2655,0.2646,0.3316,EYES CLOSED,NO,80.8933
2026-08-31 11:06:00,0.2630,0.2649,0.2640,0.3318,EYES CLOSED,NO,80.9406
2026-08-31 11:06:00,0.2655,0.2650,0.2652,0.3351,EYES CLOSED,NO,80.9877
2026-08-31 11:06:00,0.2672,0.2653,0.2663,0.3404,EYES CLOSED,NO,81.0345
2026-08-31 11:06:00,0.2729,0.2705,0.2717,0.3467,EYES CLOSED,NO,81.0811
2026-08-31 11:06:00,0.2946,0.2904,0.2925,0.3570,EYES CLOSED,NO,81.1275
2026-08-31 11:06:00,0.3025,0.2968,0.2996,0.3660,RIGHT EYE CLOSED,NO,80.9291
2026-08-31 11:06:00,0.3136,0.3053,0.3094,0.3735,EYES OPEN,NO,80.7317
2026-08-31 11:06:00,0.3320,0.3207,0.3263,0.3838,EYES OPEN,NO,80.5353
2026-08-31 11:06:00,0.3437,0.3311,0.3374,0.3911,EYES OPEN,NO,80.3398
2026-08-31 11:06:00,0.3480,0.3349,0.3414,0.3951,EYES OPEN,NO,80.1453
2026-08-31 11:06:00,0.3529,0.3389,0.3459,0.4041,EYES OPEN,NO,79.9517
2026-08-31 11:06:00,0.3547,0.3404,0.3475,0.4127,EYES OPEN,NO,79.7590
2026-08-31 11:06:00,0.3582,0.3449,0.3516,0.4178,EYES OPEN,NO,79.5673
2026-08-31 11:06:00,0.3627,0.3490,0.3559,0.4215,EYES OPEN,NO,79.3765
2026-08-31 11:06:00,0.3638,0.3501,0.3569,0.4244,EYES OPEN,NO,79.1866
2026-08-31 11:06:00,0.3669,0.3517,0.3593,0.4213,EYES OPEN,NO,78.9976
2026-08-31 11:06:00,0.3696,0.3538,0.3617,0.4151,EYES OPEN,NO,78.8095
2026-08-31 11:06:00,0.3708,0.3547,0.3628,0.4047,EYES OPEN,NO,78.6223
2026-08-31 11:06:00,0.3718,0.3558,0.3638,0.3979,EYES OPEN,NO,78.4360
2026-08-31 11:06:00,0.3734,0.3578,0.3656,0.3853,EYES OPEN,NO,78.2506
2026-08-31 11:06:00,0.3739,0.3597,0.3668,0.3713,EYES OPEN,NO,78.0660
2026-08-31 11:06:00,0.3742,0.3607,0.3674,0.3560,EYES OPEN,NO,77.8824
2026-08-31 11:06:00,0.3752,0.3618,0.3685,0.3431,EYES OPEN,NO,77.6995
2026-08-31 11:06:00,0.3752,0.3619,0.3686,0.3293,EYES OPEN,NO,77.5176
2026-08-31 11:06:00,0.3699,0.3565,0.3632,0.3204,EYES OPEN,NO,77.3364
2026-08-31 11:06:00,0.3589,0.3429,0.3509,0.3135,EYES OPEN,NO,77.1562
2026-08-31 11:06:01,0.3548,0.3379,0.3463,0.3080,EYES OPEN,NO,76.9767
2026-08-31 11:06:01,0.3436,0.3237,0.3337,0.3052,EYES OPEN,NO,76.7981
2026-08-31 11:06:01,0.3183,0.3002,0.3093,0.3079,EYES OPEN,NO,76.6204
2026-08-31 11:06:01,0.3111,0.2930,0.3021,0.3129,EYES OPEN,NO,76.4434
2026-08-31 11:06:01,0.3027,0.2843,0.2935,0.3190,EYES OPEN,NO,76.2673
2026-08-31 11:06:01,0.2899,0.2727,0.2813,0.3280,RIGHT EYE CLOSED,NO,76.0920
2026-08-31 11:06:01,0.2873,0.2713,0.2793,0.3354,RIGHT EYE CLOSED,NO,75.9174
2026-08-31 11:06:01,0.2811,0.2645,0.2728,0.3419,EYES CLOSED,NO,75.9725
2026-08-31 11:06:01,0.2762,0.2605,0.2683,0.3538,EYES CLOSED,NO,76.0274
2026-08-31 11:06:01,0.2751,0.2586,0.2669,0.3661,EYES CLOSED,NO,76.0820
2026-08-31 11:06:01,0.2704,0.2536,0.2620,0.3784,EYES CLOSED,NO,76.1364
2026-08-31 11:06:01,0.2663,0.2485,0.2574,0.3840,EYES CLOSED,NO,76.1905
2026-08-31 11:06:01,0.2644,0.2462,0.2553,0.3824,EYES CLOSED,NO,76.2443
2026-08-31 11:06:01,0.2632,0.2460,0.2546,0.3735,EYES CLOSED,NO,76.2980
2026-08-31 11:06:01,0.2635,0.2465,0.2550,0.3635,EYES CLOSED,NO,76.3514
2026-08-31 11:06:01,0.2633,0.2470,0.2552,0.3529,EYES CLOSED,NO,76.4045
2026-08-31 11:06:01,0.2642,0.2480,0.2561,0.3477,EYES CLOSED,NO,76.4574
2026-08-31 11:06:01,0.2758,0.2643,0.2701,0.3479,EYES CLOSED,NO,76.5101
2026-08-31 11:06:01,0.2791,0.2706,0.2749,0.3488,EYES CLOSED,NO,76.5625
2026-08-31 11:06:01,0.2972,0.2936,0.2954,0.3477,EYES CLOSED,NO,76.6147
2026-08-31 11:06:01,0.3212,0.3175,0.3193,0.3468,EYES OPEN,NO,76.4444
2026-08-31 11:06:01,0.3253,0.3213,0.3233,0.3465,EYES OPEN,NO,76.2749
2026-08-31 11:06:01,0.3370,0.3310,0.3340,0.3454,EYES OPEN,NO,76.1062
2026-08-31 11:06:01,0.3451,0.3399,0.3425,0.3406,EYES OPEN,NO,75.9382
2026-08-31 11:06:01,0.3474,0.3420,0.3447,0.3362,EYES OPEN,NO,75.7709
2026-08-31 11:06:01,0.3519,0.3451,0.3485,0.3306,EYES OPEN,NO,75.6044
2026-08-31 11:06:01,0.3563,0.3474,0.3519,0.3225,EYES OPEN,NO,75.4386
2026-08-31 11:06:01,0.3571,0.3479,0.3525,0.3133,EYES OPEN,NO,75.2735
2026-08-31 11:06:01,0.3567,0.3463,0.3515,0.3057,EYES OPEN,NO,75.1092
2026-08-31 11:06:02,0.3557,0.3443,0.3500,0.2967,EYES OPEN,NO,74.9455
2026-08-31 11:06:02,0.3554,0.3441,0.3497,0.2868,EYES OPEN,NO,74.7826
2026-08-31 11:06:02,0.3547,0.3428,0.3487,0.2777,EYES OPEN,NO,74.6204
2026-08-31 11:06:02,0.3514,0.3385,0.3449,0.2693,EYES OPEN,NO,74.4589
2026-08-31 11:06:02,0.3491,0.3358,0.3425,0.2630,EYES OPEN,NO,74.2981
2026-08-31 11:06:02,0.3405,0.3260,0.3333,0.2600,EYES OPEN,NO,74.1379
2026-08-31 11:06:02,0.3208,0.3047,0.3127,0.2599,EYES OPEN,NO,73.9785
2026-08-31 11:06:02,0.3095,0.2930,0.3013,0.2626,EYES OPEN,NO,73.8197
2026-08-31 11:06:02,0.3023,0.2842,0.2932,0.2669,EYES OPEN,NO,73.6617
2026-08-31 11:06:02,0.2899,0.2738,0.2819,0.2732,RIGHT EYE CLOSED,NO,73.5043
2026-08-31 11:06:02,0.2866,0.2711,0.2788,0.2795,RIGHT EYE CLOSED,NO,73.3475
2026-08-31 11:06:02,0.2833,0.2682,0.2758,0.2858,EYES CLOSED,NO,73.4043
2026-08-31 11:06:02,0.2734,0.2601,0.2667,0.2927,EYES CLOSED,NO,73.4607
2026-08-31 11:06:02,0.2716,0.2596,0.2656,0.2988,EYES CLOSED,NO,73.5169
2026-08-31 11:06:02,0.2703,0.2592,0.2648,0.3051,EYES CLOSED,NO,73.5729
2026-08-31 11:06:02,0.2690,0.2573,0.2631,0.3107,EYES CLOSED,NO,73.6287
2026-08-31 11:06:02,0.2686,0.2567,0.2627,0.3158,EYES CLOSED,NO,73.6842
2026-08-31 11:06:02,0.2681,0.2562,0.2622,0.3219,EYES CLOSED,NO,73.7395
2026-08-31 11:06:02,0.2680,0.2556,0.2618,0.3274,EYES CLOSED,NO,73.7945
2026-08-31 11:06:02,0.2680,0.2554,0.2617,0.3304,EYES CLOSED,NO,73.8494
2026-08-31 11:06:02,0.2681,0.2550,0.2616,0.3337,EYES CLOSED,NO,73.9040
2026-08-31 11:06:02,0.2712,0.2624,0.2668,0.3395,EYES CLOSED,NO,73.9583
2026-08-31 11:06:02,0.2720,0.2643,0.2681,0.3439,EYES CLOSED,NO,74.0125
2026-08-31 11:06:02,0.2795,0.2718,0.2756,0.3514,EYES CLOSED,NO,74.0664
2026-08-31 11:06:02,0.2916,0.2848,0.2882,0.3636,EYES CLOSED,NO,74.1201
2026-08-31 11:06:02,0.2950,0.2885,0.2918,0.3770,EYES CLOSED,NO,74.1736
2026-08-31 11:06:02,0.3009,0.2928,0.2969,0.3870,RIGHT EYE CLOSED,NO,74.0206
2026-08-31 11:06:02,0.3126,0.3031,0.3078,0.3941,EYES OPEN,NO,73.8683
2026-08-31 11:06:02,0.3171,0.3073,0.3122,0.3986,EYES OPEN,NO,73.7166
2026-08-31 11:06:02,0.3241,0.3136,0.3188,0.3988,EYES OPEN,NO,73.5656
2026-08-31 11:06:02,0.3300,0.3196,0.3248,0.4015,EYES OPEN,NO,73.4151
2026-08-31 11:06:03,0.3327,0.3219,0.3273,0.4053,EYES OPEN,NO,73.2653
2026-08-31 11:06:03,0.3357,0.3253,0.3305,0.4097,EYES OPEN,NO,73.1161
2026-08-31 11:06:03,0.3370,0.3248,0.3309,0.4108,EYES OPEN,NO,72.9675
2026-08-31 11:06:03,0.3375,0.3247,0.3311,0.4113,EYES OPEN,NO,72.8195
2026-08-31 11:06:03,0.3356,0.3218,0.3287,0.4050,EYES OPEN,NO,72.6721
2026-08-31 11:06:03,0.3240,0.3058,0.3149,0.4025,EYES OPEN,NO,72.5253
2026-08-31 11:06:03,0.3203,0.3003,0.3103,0.4001,EYES OPEN,NO,72.3790
2026-08-31 11:06:03,0.3018,0.2765,0.2891,0.4003,EYES OPEN,NO,72.2334
2026-08-31 11:06:03,0.2834,0.2541,0.2687,0.4025,EYES OPEN,NO,72.0884
2026-08-31 11:06:03,0.2794,0.2445,0.2620,0.4101,RIGHT EYE CLOSED,NO,71.9439
2026-08-31 11:06:03,0.2759,0.2403,0.2581,0.4165,EYES CLOSED,NO,72.0000
2026-08-31 11:06:03,0.2681,0.2376,0.2529,0.4289,EYES CLOSED,NO,72.0559
2026-08-31 11:06:03,0.2657,0.2361,0.2509,0.4457,EYES CLOSED,NO,72.1116
2026-08-31 11:06:03,0.2644,0.2355,0.2500,0.4643,EYES CLOSED,NO,72.1670
2026-08-31 11:06:03,0.2634,0.2353,0.2493,0.4833,EYES CLOSED,NO,72.2222
2026-08-31 11:06:03,0.2611,0.2350,0.2481,0.4984,EYES CLOSED,NO,72.2772
2026-08-31 11:06:03,0.2601,0.2320,0.2461,0.5089,EYES CLOSED,NO,72.3320
2026-08-31 11:06:03,0.2603,0.2314,0.2459,0.5140,EYES CLOSED,NO,72.3866
2026-08-31 11:06:03,0.2603,0.2316,0.2460,0.5155,EYES CLOSED,NO,72.4409
2026-08-31 11:06:03,0.2602,0.2321,0.2462,0.5139,EYES CLOSED,NO,72.4951
2026-08-31 11:06:03,0.2017,0.1961,0.1989,0.5097,EYES CLOSED,NO,72.5490
2026-08-31 11:06:03,0.1885,0.1853,0.1869,0.5034,EYES CLOSED,NO,72.6027
2026-08-31 11:06:03,0.1491,0.1320,0.1405,0.4925,EYES CLOSED,NO,72.6562
2026-08-31 11:06:03,0.1717,0.1611,0.1664,0.4846,EYES CLOSED,NO,72.7096
2026-08-31 11:06:03,0.1794,0.1713,0.1754,0.4787,EYES CLOSED,NO,72.7626
2026-08-31 11:06:03,0.1847,0.1784,0.1815,0.4765,EYES CLOSED,NO,72.8155
2026-08-31 11:06:03,0.1949,0.1889,0.1919,0.4766,EYES CLOSED,NO,72.8682
2026-08-31 11:06:03,0.2313,0.2236,0.2275,0.4829,EYES CLOSED,NO,72.9207
2026-08-31 11:06:03,0.2672,0.2584,0.2628,0.4871,EYES CLOSED,NO,72.9730
2026-08-31 11:06:03,0.2905,0.2835,0.2870,0.4870,EYES CLOSED,NO,73.0250
2026-08-31 11:06:04,0.2939,0.2884,0.2911,0.4846,EYES CLOSED,NO,73.0769
2026-08-31 11:06:04,0.2973,0.2892,0.2932,0.4796,EYES CLOSED,NO,73.1286
2026-08-31 11:06:04,0.3011,0.2916,0.2963,0.4717,RIGHT EYE CLOSED,NO,72.9885
2026-08-31 11:06:04,0.3027,0.2921,0.2974,0.4608,RIGHT EYE CLOSED,NO,72.8489
2026-08-31 11:06:04,0.3030,0.2919,0.2975,0.4518,RIGHT EYE CLOSED,NO,72.7099
2026-08-31 11:06:04,0.2997,0.2898,0.2947,0.4450,RIGHT EYE CLOSED,NO,72.5714
2026-08-31 11:06:04,0.2992,0.2905,0.2948,0.4417,RIGHT EYE CLOSED,NO,72.4335
2026-08-31 11:06:04,0.1265,0.0984,0.1124,0.4399,EYES CLOSED,NO,72.4858
2026-08-31 11:06:04,0.0896,0.0640,0.0768,0.4326,EYES CLOSED,NO,72.5379
2026-08-31 11:06:04,0.0644,0.0459,0.0551,0.4163,EYES CLOSED,NO,72.5898
2026-08-31 11:06:04,0.0896,0.0727,0.0812,0.3921,EYES CLOSED,NO,72.6415
2026-08-31 11:06:04,0.1564,0.1616,0.1590,0.3671,EYES CLOSED,NO,72.6930
2026-08-31 11:06:04,0.1790,0.1812,0.1801,0.3453,EYES CLOSED,NO,72.7444
2026-08-31 11:06:04,0.2088,0.2139,0.2113,0.3338,EYES CLOSED,NO,72.7955
2026-08-31 11:06:04,0.2295,0.2315,0.2305,0.3328,EYES CLOSED,NO,72.8464
2026-08-31 11:06:04,0.2395,0.2381,0.2388,0.3400,EYES CLOSED,NO,72.8972
2026-08-31 11:06:04,0.2400,0.2380,0.2390,0.3462,EYES CLOSED,NO,72.9478
2026-08-31 11:06:04,0.2393,0.2357,0.2375,0.3571,EYES CLOSED,NO,72.9981
2026-08-31 11:06:04,0.2381,0.2342,0.2362,0.3718,EYES CLOSED,NO,73.0483
2026-08-31 11:06:04,0.2348,0.2327,0.2337,0.3854,EYES CLOSED,NO,73.0983
2026-08-31 11:06:04,0.2324,0.2317,0.2321,0.3975,EYES CLOSED,NO,73.1481
2026-08-31 11:06:04,0.2292,0.2286,0.2289,0.4094,EYES CLOSED,NO,73.1978
2026-08-31 11:06:04,0.2281,0.2257,0.2269,0.4171,EYES CLOSED,NO,73.2472
2026-08-31 11:06:04,0.2288,0.2233,0.2261,0.4184,EYES CLOSED,NO,73.2965
2026-08-31 11:06:04,0.2289,0.2223,0.2256,0.4205,EYES CLOSED,NO,73.3456
2026-08-31 11:06:04,0.2244,0.2189,0.2217,0.4230,EYES CLOSED,NO,73.3945
2026-08-31 11:06:04,0.2216,0.2156,0.2186,0.4209,EYES CLOSED,NO,73.4432
2026-08-31 11:06:04,0.2205,0.2149,0.2177,0.4183,EYES CLOSED,NO,73.4918
2026-08-31 11:06:04,0.2185,0.2096,0.2140,0.4136,EYES CLOSED,NO,73.5401
2026-08-31 11:06:04,0.2175,0.2078,0.2127,0.4113,EYES CLOSED,NO,73.5883
2026-08-31 11:06:04,0.2098,0.2016,0.2057,0.4043,EYES CLOSED,NO,73.6364
2026-08-31 11:06:05,0.2321,0.2217,0.2269,0.4180,EYES CLOSED,NO,73.6842
2026-08-31 11:06:05,0.2376,0.2236,0.2306,0.4372,EYES CLOSED,NO,73.7319
2026-08-31 11:06:05,0.2484,0.2330,0.2407,0.4571,EYES CLOSED,NO,73.7794
2026-08-31 11:06:05,0.2508,0.2390,0.2449,0.4770,EYES CLOSED,NO,73.8267
2026-08-31 11:06:05,0.2546,0.2420,0.2483,0.4995,EYES CLOSED,NO,73.8739
2026-08-31 11:06:05,0.2558,0.2428,0.2493,0.5036,EYES CLOSED,NO,73.9209
2026-08-31 11:06:05,0.2581,0.2450,0.2515,0.5028,EYES CLOSED,NO,73.9677
2026-08-31 11:06:05,0.2604,0.2505,0.2555,0.5096,EYES CLOSED,NO,74.0143
2026-08-31 11:06:05,0.2619,0.2528,0.2573,0.5129,EYES CLOSED,NO,74.0608
2026-08-31 11:06:05,0.2655,0.2567,0.2611,0.5244,EYES CLOSED,NO,74.1071
2026-08-31 11:06:05,0.2663,0.2576,0.2620,0.5392,EYES CLOSED,NO,74.1533
2026-08-31 11:06:05,0.2734,0.2656,0.2695,0.5474,EYES CLOSED,NO,74.1993
2026-08-31 11:06:05,0.2803,0.2713,0.2758,0.5498,EYES CLOSED,NO,74.2451
2026-08-31 11:06:05,0.2823,0.2734,0.2778,0.5531,EYES CLOSED,NO,74.2908
2026-08-31 11:06:05,0.2858,0.2756,0.2807,0.5503,EYES CLOSED,NO,74.3363
2026-08-31 11:06:05,0.2892,0.2800,0.2846,0.5456,EYES CLOSED,NO,74.3816
2026-08-31 11:06:05,0.2923,0.2843,0.2883,0.5431,EYES CLOSED,NO,74.4268
2026-08-31 11:06:05,0.2931,0.2852,0.2891,0.5400,EYES CLOSED,NO,74.4718
2026-08-31 11:06:05,0.2942,0.2860,0.2901,0.5344,EYES CLOSED,NO,74.5167
2026-08-31 11:06:05,0.2969,0.2873,0.2921,0.5254,EYES CLOSED,NO,74.5614
2026-08-31 11:06:05,0.2974,0.2877,0.2925,0.5169,EYES CLOSED,NO,74.6060
2026-08-31 11:06:05,0.3004,0.2900,0.2952,0.5081,RIGHT EYE CLOSED,NO,74.4755
2026-08-31 11:06:05,0.3016,0.2907,0.2962,0.4995,RIGHT EYE CLOSED,NO,74.3455
2026-08-31 11:06:05,0.3042,0.2918,0.2980,0.4915,RIGHT EYE CLOSED,NO,74.2160
2026-08-31 11:06:05,0.3085,0.2941,0.3013,0.4836,RIGHT EYE CLOSED,NO,74.0870
2026-08-31 11:06:05,0.3098,0.2960,0.3029,0.4762,RIGHT EYE CLOSED,NO,73.9583
2026-08-31 11:06:05,0.3124,0.2982,0.3053,0.4718,RIGHT EYE CLOSED,NO,73.8302
2026-08-31 11:06:05,0.3213,0.3092,0.3152,0.4693,EYES OPEN,NO,73.7024
2026-08-31 11:06:05,0.3322,0.3199,0.3261,0.4715,EYES OPEN,NO,73.5751
2026-08-31 11:06:06,0.3352,0.3233,0.3293,0.4766,EYES OPEN,NO,73.4483
2026-08-31 11:06:06,0.3371,0.3284,0.3327,0.4779,EYES OPEN,NO,73.3219
2026-08-31 11:06:06,0.3387,0.3298,0.3343,0.4769,EYES OPEN,NO,73.1959
2026-08-31 11:06:06,0.3390,0.3302,0.3346,0.4745,EYES OPEN,NO,73.0703
2026-08-31 11:06:06,0.3371,0.3281,0.3326,0.4707,EYES OPEN,NO,72.9452
2026-08-31 11:06:06,0.3367,0.3276,0.3321,0.4685,EYES OPEN,NO,72.8205
2026-08-31 11:06:06,0.3325,0.3232,0.3279,0.4717,EYES OPEN,NO,72.6962
2026-08-31 11:06:06,0.3078,0.2918,0.2998,0.4789,EYES OPEN,NO,72.5724
2026-08-31 11:06:06,0.3006,0.2796,0.2901,0.4892,EYES OPEN,NO,72.4490
2026-08-31 11:06:06,0.2886,0.2637,0.2761,0.5003,RIGHT EYE CLOSED,NO,72.3260
2026-08-31 11:06:06,0.2788,0.2536,0.2662,0.5106,RIGHT EYE CLOSED,NO,72.2034
2026-08-31 11:06:06,0.2739,0.2477,0.2608,0.5196,EYES CLOSED,NO,72.2504
2026-08-31 11:06:06,0.2724,0.2467,0.2595,0.5259,EYES CLOSED,NO,72.2973
2026-08-31 11:06:06,0.2682,0.2413,0.2548,0.5286,EYES CLOSED,NO,72.3440
2026-08-31 11:06:06,0.2665,0.2398,0.2532,0.5306,EYES CLOSED,NO,72.3906
2026-08-31 11:06:06,0.2640,0.2390,0.2515,0.5333,EYES CLOSED,NO,72.4370
2026-08-31 11:06:06,0.2592,0.2333,0.2462,0.5395,EYES CLOSED,NO,72.4832
2026-08-31 11:06:06,0.2559,0.2310,0.2435,0.5471,EYES CLOSED,NO,72.5293
2026-08-31 11:06:06,0.2548,0.2304,0.2426,0.5537,EYES CLOSED,NO,72.5753
2026-08-31 11:06:06,0.2537,0.2305,0.2421,0.5501,EYES CLOSED,NO,72.6210
2026-08-31 11:06:06,0.2535,0.2304,0.2419,0.5424,EYES CLOSED,NO,72.6667
2026-08-31 11:06:06,0.2517,0.2306,0.2412,0.5281,EYES CLOSED,NO,72.7121
2026-08-31 11:06:06,0.2529,0.2293,0.2411,0.5129,EYES CLOSED,NO,72.7575
2026-08-31 11:06:06,0.2536,0.2314,0.2425,0.5053,EYES CLOSED,NO,72.8027
2026-08-31 11:06:06,0.2542,0.2307,0.2425,0.5094,EYES CLOSED,NO,72.8477
2026-08-31 11:06:06,0.2529,0.2301,0.2415,0.5150,EYES CLOSED,NO,72.8926
2026-08-31 11:06:06,0.2520,0.2301,0.2411,0.5245,EYES CLOSED,NO,72.9373
2026-08-31 11:06:06,0.2500,0.2273,0.2387,0.5267,EYES CLOSED,NO,72.9819
2026-08-31 11:06:06,0.2481,0.2234,0.2358,0.5212,EYES CLOSED,NO,73.0263
2026-08-31 11:06:06,0.2472,0.2220,0.2346,0.5117,EYES CLOSED,NO,73.0706
2026-08-31 11:06:07,0.2446,0.2155,0.2301,0.5025,EYES CLOSED,NO,73.1148
2026-08-31 11:06:07,0.1418,0.1110,0.1264,0.4689,EYES CLOSED,NO,73.1588
2026-08-31 11:06:07,0.1279,0.1049,0.1164,0.4369,EYES CLOSED,NO,73.2026
2026-08-31 11:06:07,0.1020,0.0656,0.0838,0.3990,EYES CLOSED,NO,73.2463
2026-08-31 11:06:07,0.1088,0.0717,0.0902,0.3668,EYES CLOSED,NO,73.2899
2026-08-31 11:06:07,0.1463,0.1313,0.1388,0.3238,EYES CLOSED,NO,73.3333
2026-08-31 11:06:07,0.1610,0.1584,0.1597,0.3007,EYES CLOSED,NO,73.3766
2026-08-31 11:06:07,0.1901,0.1898,0.1900,0.2792,EYES CLOSED,NO,73.4198
2026-08-31 11:06:07,0.2135,0.2112,0.2124,0.2634,EYES CLOSED,NO,73.4628
2026-08-31 11:06:07,0.2162,0.2261,0.2211,0.2440,EYES CLOSED,NO,73.5057
2026-08-31 11:06:07,0.0960,0.0703,0.0832,0.2382,EYES CLOSED,NO,73.5484
2026-08-31 11:06:07,0.0865,0.0638,0.0751,0.2355,EYES CLOSED,NO,73.5910
2026-08-31 11:06:07,0.1061,0.0914,0.0988,0.2330,EYES CLOSED,NO,73.6334
2026-08-31 11:06:07,0.2192,0.2119,0.2156,0.2402,EYES CLOSED,NO,73.6758
2026-08-31 11:06:07,0.2448,0.2341,0.2394,0.2543,EYES CLOSED,NO,73.7179
2026-08-31 11:06:07,0.2800,0.2706,0.2753,0.2708,EYES CLOSED,NO,73.7600
2026-08-31 11:06:07,0.3001,0.2898,0.2949,0.2989,RIGHT EYE CLOSED,NO,73.6422
2026-08-31 11:06:07,0.3088,0.2963,0.3026,0.3347,RIGHT EYE CLOSED,NO,73.5247
2026-08-31 11:06:07,0.3076,0.2957,0.3017,0.3625,RIGHT EYE CLOSED,NO,73.4076
2026-08-31 11:06:07,0.3062,0.2966,0.3014,0.3896,RIGHT EYE CLOSED,NO,73.2909
2026-08-31 11:06:07,0.3046,0.2957,0.3002,0.4145,RIGHT EYE CLOSED,NO,73.1746
2026-08-31 11:06:07,0.3035,0.2961,0.2998,0.4316,RIGHT EYE CLOSED,NO,73.0586
2026-08-31 11:06:07,0.3018,0.2947,0.2982,0.4472,RIGHT EYE CLOSED,NO,72.9430
2026-08-31 11:06:07,0.3001,0.2936,0.2968,0.4639,RIGHT EYE CLOSED,NO,72.8278
2026-08-31 11:06:07,0.2997,0.2928,0.2962,0.4736,RIGHT EYE CLOSED,NO,72.7129
2026-08-31 11:06:07,0.3008,0.2912,0.2960,0.4964,RIGHT EYE CLOSED,NO,72.5984
2026-08-31 11:06:07,0.3008,0.2905,0.2956,0.5220,RIGHT EYE CLOSED,NO,72.4843
2026-08-31 11:06:07,0.3010,0.2906,0.2958,0.5411,RIGHT EYE CLOSED,NO,72.3705
2026-08-31 11:06:07,0.2967,0.2872,0.2919,0.5386,RIGHT EYE CLOSED,NO,72.2571
2026-08-31 11:06:07,0.2947,0.2857,0.2902,0.5316,RIGHT EYE CLOSED,NO,72.1440
2026-08-31 11:06:07,0.2965,0.2851,0.2908,0.5211,EYES CLOSED,NO,72.1875
2026-08-31 11:06:08,0.2968,0.2845,0.2907,0.4926,EYES CLOSED,NO,72.2309
2026-08-31 11:06:08,0.2968,0.2839,0.2903,0.4653,EYES CLOSED,NO,72.2741
2026-08-31 11:06:08,0.2966,0.2845,0.2905,0.4573,EYES CLOSED,NO,72.3173
2026-08-31 11:06:08,0.2947,0.2827,0.2887,0.4467,EYES CLOSED,NO,72.3602
2026-08-31 11:06:08,0.2941,0.2828,0.2884,0.4223,EYES CLOSED,NO,72.4031
2026-08-31 11:06:08,0.2933,0.2829,0.2881,0.4116,EYES CLOSED,NO,72.4458
2026-08-31 11:06:08,0.2922,0.2820,0.2871,0.4024,EYES CLOSED,NO,72.4884
2026-08-31 11:06:08,0.2924,0.2821,0.2872,0.3943,EYES CLOSED,NO,72.5309
2026-08-31 11:06:08,0.2920,0.2811,0.2866,0.3926,EYES CLOSED,NO,72.5732
2026-08-31 11:06:08,0.2918,0.2811,0.2864,0.3893,EYES CLOSED,NO,72.6154
2026-08-31 11:06:08,0.2921,0.2814,0.2867,0.3812,EYES CLOSED,NO,72.6575
2026-08-31 11:06:08,0.2927,0.2818,0.2873,0.3737,EYES CLOSED,NO,72.6994
2026-08-31 11:06:08,0.2920,0.2812,0.2866,0.3750,EYES CLOSED,NO,72.7412
2026-08-31 11:06:08,0.2916,0.2809,0.2862,0.3787,EYES CLOSED,NO,72.7829
2026-08-31 11:06:08,0.2918,0.2805,0.2862,0.3863,EYES CLOSED,NO,72.8244
2026-08-31 11:06:08,0.2925,0.2803,0.2864,0.3991,EYES CLOSED,NO,72.8659
2026-08-31 11:06:08,0.2929,0.2803,0.2866,0.4117,EYES CLOSED,NO,72.9072
2026-08-31 11:06:08,0.2935,0.2809,0.2872,0.4164,EYES CLOSED,NO,72.9483
2026-08-31 11:06:08,0.2948,0.2822,0.2885,0.4319,EYES CLOSED,NO,72.9894
2026-08-31 11:06:08,0.2950,0.2822,0.2886,0.4497,EYES CLOSED,NO,73.0303
2026-08-31 11:06:08,0.2955,0.2825,0.2890,0.4726,EYES CLOSED,NO,73.0711
2026-08-31 11:06:08,0.2944,0.2820,0.2882,0.4988,EYES CLOSED,NO,73.1118
2026-08-31 11:06:08,0.2948,0.2821,0.2884,0.5245,EYES CLOSED,NO,73.1523
2026-08-31 11:06:08,0.2958,0.2832,0.2895,0.5288,EYES CLOSED,NO,73.1928
2026-08-31 11:06:08,0.2952,0.2836,0.2894,0.5289,EYES CLOSED,NO,73.2331
2026-08-31 11:06:08,0.2951,0.2839,0.2895,0.5209,EYES CLOSED,NO,73.2733
2026-08-31 11:06:08,0.2951,0.2839,0.2895,0.5106,EYES CLOSED,NO,73.3133
2026-08-31 11:06:08,0.2957,0.2842,0.2900,0.5023,EYES CLOSED,NO,73.3533
2026-08-31 11:06:08,0.2962,0.2845,0.2903,0.5054,EYES CLOSED,NO,73.3931
2026-08-31 11:06:09,0.2965,0.2846,0.2906,0.5084,EYES CLOSED,NO,73.4328
2026-08-31 11:06:09,0.2965,0.2860,0.2912,0.5078,EYES CLOSED,NO,73.4724
2026-08-31 11:06:09,0.2966,0.2866,0.2916,0.5069,EYES CLOSED,NO,73.5119
2026-08-31 11:06:09,0.3006,0.2886,0.2946,0.5034,RIGHT EYE CLOSED,NO,73.4027
2026-08-31 11:06:09,0.3118,0.2956,0.3037,0.4978,RIGHT EYE CLOSED,NO,73.2938
2026-08-31 11:06:09,0.3139,0.2967,0.3053,0.4934,RIGHT EYE CLOSED,NO,73.1852
2026-08-31 11:06:09,0.3164,0.2980,0.3072,0.4931,RIGHT EYE CLOSED,NO,73.0769
2026-08-31 11:06:09,0.3191,0.3000,0.3095,0.4913,RIGHT EYE CLOSED,NO,72.9690
2026-08-31 11:06:09,0.3192,0.2995,0.3094,0.4894,RIGHT EYE CLOSED,NO,72.8614
2026-08-31 11:06:09,0.3178,0.2991,0.3085,0.4870,RIGHT EYE CLOSED,NO,72.7541
2026-08-31 11:06:09,0.2639,0.2496,0.2567,0.4841,RIGHT EYE CLOSED,NO,72.6471
2026-08-31 11:06:09,0.2552,0.2453,0.2503,0.4809,RIGHT EYE CLOSED,NO,72.5404
2026-08-31 11:06:09,0.2372,0.2319,0.2346,0.4788,EYES CLOSED,NO,72.5806
2026-08-31 11:06:09,0.2311,0.2285,0.2298,0.4763,EYES CLOSED,NO,72.6208
2026-08-31 11:06:09,0.2316,0.2289,0.2303,0.4747,EYES CLOSED,NO,72.6608
2026-08-31 11:06:09,0.2355,0.2272,0.2313,0.4814,EYES CLOSED,NO,72.7007
2026-08-31 11:06:09,0.2010,0.1824,0.1917,0.4784,EYES CLOSED,NO,72.7405
2026-08-31 11:06:09,0.1972,0.1731,0.1852,0.4568,EYES CLOSED,NO,72.7802
2026-08-31 11:06:09,0.2256,0.1911,0.2083,0.4635,EYES CLOSED,NO,72.8198
2026-08-31 11:06:09,0.2517,0.2176,0.2346,0.4654,EYES CLOSED,NO,72.8592
2026-08-31 11:06:09,0.2492,0.2133,0.2312,0.4426,EYES CLOSED,NO,72.8986
2026-08-31 11:06:09,0.2548,0.2018,0.2283,0.4824,EYES CLOSED,NO,72.9378
2026-08-31 11:06:09,0.2455,0.2256,0.2355,0.6508,EYES CLOSED,NO,72.9769
2026-08-31 11:06:09,0.2450,0.2224,0.2337,0.9576,EYES CLOSED,NO,73.0159
2026-08-31 11:06:09,0.2601,0.2437,0.2519,1.0483,EYES CLOSED,NO,73.0548
2026-08-31 11:06:09,0.2516,0.2319,0.2417,1.0956,EYES CLOSED,NO,73.0935
2026-08-31 11:06:09,0.2498,0.2219,0.2358,1.1082,EYES CLOSED,NO,73.1322
2026-08-31 11:06:09,0.2492,0.2210,0.2351,0.9569,EYES CLOSED,NO,73.1707
2026-08-31 11:06:09,0.2356,0.2093,0.2225,0.6842,EYES CLOSED,NO,73.2092
2026-08-31 11:06:09,0.2338,0.1998,0.2168,0.6147,EYES CLOSED,NO,73.2475
2026-08-31 11:06:10,0.2450,0.2132,0.2291,0.5860,EYES CLOSED,NO,73.2857
2026-08-31 11:06:10,0.2496,0.2272,0.2384,0.5997,EYES CLOSED,NO,73.3238
2026-08-31 11:06:10,0.2498,0.2181,0.2339,0.6458,EYES CLOSED,NO,73.3618
1788154828.4455035,0.2537,0.2472,0.2504,PARTIALLY CLOSED,0.0377,NORMAL,100.0,DROWSY
1788154829.4475796,0.3228,0.305,0.3139,EYES OPEN,0.0366,NORMAL,92.86,ALERT
1788154830.488067,0.3785,0.3684,0.3734,EYES OPEN,0.168,NORMAL,55.93,ALERT
1788154831.4949756,0.211,0.1665,0.1887,PARTIALLY CLOSED,0.0597,NORMAL,62.92,ALERT
1788154832.502083,0.341,0.325,0.333,EYES OPEN,0.0367,NORMAL,63.87,ALERT
1788154833.5220966,0.0682,0.037,0.0526,EYES CLOSED,0.039,NORMAL,54.0,EYES CLOSED
1788154834.5488791,0.2719,0.2574,0.2647,PARTIALLY CLOSED,0.0549,NORMAL,58.01,ALERT
1788154835.5562122,0.3306,0.3088,0.3197,EYES OPEN,0.2605,NORMAL,61.61,ALERT
1788154836.5742111,0.3183,0.2963,0.3073,EYES OPEN,0.4726,YAWNING,53.72,YAWNING
1788154837.5835822,0.3212,0.2961,0.3087,EYES OPEN,0.4506,YAWNING,47.79,YAWNING
1788154838.613353,0.2832,0.2643,0.2737,PARTIALLY CLOSED,0.0359,NORMAL,49.83,ALERT
1788154839.622014,0.0636,0.0673,0.0655,EYES CLOSED,0.1076,NORMAL,54.35,EYES CLOSED
1788154840.6604037,0.3149,0.2915,0.3032,EYES OPEN,0.2688,NORMAL,54.67,ALERT
1788154841.6679246,0.3627,0.336,0.3494,EYES OPEN,0.423,NORMAL,51.9,ALERT
1788154842.6936233,0.295,0.2726,0.2838,PARTIALLY CLOSED,0.5713,YAWNING,48.94,YAWNING
1788154843.719563,0.2679,0.2602,0.2641,PARTIALLY CLOSED,0.7364,YAWNING,52.41,YAWNING
1788154844.7243748,0.303,0.274,0.2885,PARTIALLY CLOSED,0.5553,YAWNING,55.35,YAWNING
1788154845.7348115,0.3085,0.2702,0.2893,PARTIALLY CLOSED,0.1984,NORMAL,57.95,ALERT
1788154846.788094,0.2934,0.2567,0.275,PARTIALLY CLOSED,0.2895,NORMAL,60.4,ALERT
1788154847.7888505,0.277,0.2534,0.2652,PARTIALLY CLOSED,0.5616,YAWNING,62.46,YAWNING
1788154848.7893834,0.3041,0.2654,0.2847,PARTIALLY CLOSED,0.3602,NORMAL,64.31,ALERT
1788154849.7998652,0.1601,0.1507,0.1554,PARTIALLY CLOSED,0.4775,YAWNING,65.99,YAWNING
1788154850.815179,0.1744,0.1532,0.1638,PARTIALLY CLOSED,0.4689,YAWNING,67.56,YAWNING
1788154851.8470647,0.2974,0.2605,0.279,PARTIALLY CLOSED,0.1677,NORMAL,69.0,ALERT
1788154986.6596017,0.2881,0.2487,0.2684,PARTIALLY CLOSED,0.0531,NORMAL,100.0,DROWSY
1788154987.7092779,0.3235,0.3,0.3118,EYES OPEN,0.0369,NORMAL,78.12,ALERT
1788154988.748224,0.2526,0.2438,0.2482,PARTIALLY CLOSED,0.06,NORMAL,49.21,ALERT
1788154989.7571096,0.1458,0.1444,0.1451,EYES CLOSED,0.2485,NORMAL,41.49,EYES CLOSED
1788154990.7643871,0.3548,0.3214,0.3381,EYES OPEN,0.444,NORMAL,34.68,ALERT
1788154991.7695,0.2425,0.2053,0.2239,PARTIALLY CLOSED,0.4482,NORMAL,42.21,ALERT
1788154992.8128448,0.3184,0.2971,0.3078,EYES OPEN,0.7029,YAWNING,48.65,YAWNING
1788154993.8191452,0.3087,0.2919,0.3003,EYES OPEN,0.814,YAWNING,45.83,YAWNING
1788154994.829185,0.2734,0.2518,0.2626,PARTIALLY CLOSED,0.8429,YAWNING,49.59,YAWNING
1788154995.8669045,0.1823,0.1595,0.1709,PARTIALLY CLOSED,0.6299,YAWNING,51.62,YAWNING
1788154996.875231,0.1937,0.1747,0.1842,PARTIALLY CLOSED,0.289,NORMAL,56.35,ALERT
1788154997.8964236,0.2127,0.1997,0.2062,PARTIALLY CLOSED,0.0383,NORMAL,60.36,ALERT
1788154998.9254527,0.2849,0.2424,0.2636,PARTIALLY CLOSED,0.0371,NORMAL,63.69,ALERT
1788154999.9320974,0.3843,0.3883,0.3863,EYES OPEN,0.0333,NORMAL,61.65,ALERT
1788155000.9420874,0.3658,0.3397,0.3528,EYES OPEN,0.0379,NORMAL,57.34,ALERT
1788155001.9621608,0.4115,0.3693,0.3904,EYES OPEN,0.0372,NORMAL,55.22,ALERT
1788155002.9871285,0.2021,0.1556,0.1788,PARTIALLY CLOSED,0.0367,NORMAL,54.99,ALERT
1788155004.011475,0.1421,0.0992,0.1206,EYES CLOSED,0.0371,NORMAL,57.58,EYES CLOSED
1788155005.0337358,0.2595,0.2813,0.2704,PARTIALLY CLOSED,0.0414,NORMAL,59.96,ALERT
1788155006.043539,0.3614,0.3102,0.3358,EYES OPEN,0.0366,NORMAL,58.59,ALERT
1788155007.052385,0.3013,0.2783,0.2898,PARTIALLY CLOSED,0.0381,NORMAL,57.59,ALERT
1788155008.0709946,0.311,0.286,0.2985,PARTIALLY CLOSED,0.0567,NORMAL,59.56,ALERT
1788155009.1173487,0.2177,0.1776,0.1977,PARTIALLY CLOSED,0.0833,NORMAL,58.31,ALERT
1788155010.1238682,0.3282,0.3057,0.317,EYES OPEN,0.079,NORMAL,56.74,ALERT
