Timestamp	Left_EAR	Right_EAR	Average_EAR	Eye_Status	MAR	MAR_Threshold	Yawn_Status	PERCLOS	Blink_Rate	Blink_Status	Drowsiness_Status
2026-08-24 13:14:01					0.218106	0.15	NO YAWN				
2026-08-24 13:14:01					0.210023	0.15	NO YAWN				
2026-08-24 13:14:01					0.218907	0.15	NO YAWN				
2026-08-24 13:14:01					0.218907	0.15	NO YAWN				
2026-08-24 13:14:01					0.210901	0.15	NO YAWN				
2026-08-24 13:14:01					0.216032	0.15	NO YAWN				
2026-08-24 13:14:01					0.218263	0.15	NO YAWN				
2026-08-24 13:14:01					0.218263	0.15	NO YAWN				
2026-08-24 13:14:01					0.224365	0.15	NO YAWN				
2026-08-24 13:14:01					0.215002	0.15	NO YAWN				
2026-08-24 13:14:01					0.217686	0.15	NO YAWN				
2026-08-24 13:14:01					0.218819	0.15	NO YAWN				
2026-08-24 13:14:01					0.214458	0.15	NO YAWN				
2026-08-24 13:14:01					0.219606	0.15	NO YAWN				
2026-08-24 13:14:01					0.21658	0.15	NO YAWN				
2026-08-24 13:14:01					0.223779	0.15	NO YAWN				
2026-08-24 13:14:01					0.220079	0.15	NO YAWN				
2026-08-24 13:14:01					0.221834	0.15	NO YAWN				
2026-08-24 13:14:01					0.221834	0.15	NO YAWN				
2026-08-24 13:14:01					0.22678	0.15	NO YAWN				
2026-08-24 13:14:01					0.223111	0.15	NO YAWN				
2026-08-24 13:14:01					0.22862	0.15	NO YAWN				
2026-08-24 13:14:01					0.237023	0.15	NO YAWN				
2026-08-24 13:14:02					0.22505	0.15	NO YAWN				
2026-08-24 13:14:02					0.229947	0.15	NO YAWN				
2026-08-24 13:14:02					0.235211	0.15	NO YAWN				
2026-08-24 13:14:02					0.23924	0.15	NO YAWN				
2026-08-24 13:14:02					0.25458	0.15	NO YAWN				
2026-08-24 13:14:02					0.25458	0.15	NO YAWN				
2026-08-24 13:14:02					0.263777	0.15	NO YAWN				
2026-08-24 13:14:02					0.265867	0.15	NO YAWN				
2026-08-24 13:14:02					0.267619	0.15	YAWNING				
2026-08-24 13:14:02					0.268934	0.15	YAWNING				
2026-08-24 13:14:02					0.296083	0.15	YAWNING				
2026-08-24 13:14:02					0.297213	0.15	YAWNING				
2026-08-24 13:14:02					0.297047	0.15	YAWNING				
2026-08-24 13:14:02					0.30483	0.15	YAWNING				
2026-08-24 13:14:02					0.306864	0.15	YAWNING				
2026-08-24 13:14:02					0.335071	0.15	YAWNING				
2026-08-24 13:14:02					0.335071	0.15	YAWNING				
2026-08-24 13:14:02					0.328666	0.15	YAWNING				
2026-08-24 13:14:02					0.340163	0.15	YAWNING				
2026-08-24 13:14:02					0.336481	0.15	YAWNING				
2026-08-24 13:14:02					0.346641	0.15	YAWNING				
2026-08-24 13:14:02					0.347493	0.15	YAWNING				
2026-08-24 13:14:02					0.366354	0.15	YAWNING				
2026-08-24 13:14:02					0.369136	0.15	YAWNING				
2026-08-24 13:14:02					0.371324	0.15	YAWNING				
2026-08-24 13:14:02					0.37816	0.15	YAWNING				
2026-08-24 13:14:02					0.393632	0.15	YAWNING				
2026-08-24 13:14:02					0.393632	0.15	YAWNING				
2026-08-24 13:14:02					0.398715	0.15	YAWNING				
2026-08-24 13:14:02					0.4084	0.15	YAWNING				
2026-08-24 13:14:03					0.412668	0.15	YAWNING				
2026-08-24 13:14:03					0.414403	0.15	YAWNING				
2026-08-24 13:14:03					0.433789	0.15	YAWNING				
2026-08-24 13:14:03					0.43934	0.15	YAWNING				
2026-08-24 13:14:03					0.441662	0.15	YAWNING				
2026-08-24 13:14:03					0.444804	0.15	YAWNING				
2026-08-24 13:14:03					0.453448	0.15	YAWNING				
2026-08-24 13:14:03					0.45036	0.15	YAWNING				
2026-08-24 13:14:03					0.446053	0.15	YAWNING				
2026-08-24 13:14:03					0.448381	0.15	YAWNING				
2026-08-24 13:14:03					0.447543	0.15	YAWNING				
2026-08-24 13:14:03					0.433647	0.15	YAWNING				
2026-08-24 13:14:03					0.444302	0.15	YAWNING				
2026-08-24 13:14:03					0.448527	0.15	YAWNING				
2026-08-24 13:14:03					0.459104	0.15	YAWNING				
2026-08-24 13:14:03					0.458952	0.15	YAWNING				
2026-08-24 13:14:03					0.457406	0.15	YAWNING				
2026-08-24 13:14:03					0.456281	0.15	YAWNING				
2026-08-24 13:14:03					0.457782	0.15	YAWNING				
2026-08-24 13:14:03					0.454717	0.15	YAWNING				
2026-08-24 13:14:03					0.459142	0.15	YAWNING				
2026-08-24 13:14:03					0.454044	0.15	YAWNING				
2026-08-24 13:14:03					0.461995	0.15	YAWNING				
2026-08-24 13:14:03					0.464528	0.15	YAWNING				
2026-08-24 13:14:03					0.461529	0.15	YAWNING				
2026-08-24 13:14:03					0.471787	0.15	YAWNING				
2026-08-24 13:14:03					0.469518	0.15	YAWNING				
2026-08-24 13:14:03					0.472013	0.15	YAWNING				
2026-08-24 13:14:03					0.474426	0.15	YAWNING				
2026-08-24 13:14:04					0.478128	0.15	YAWNING				
2026-08-24 13:14:04					0.481033	0.15	YAWNING				
2026-08-24 13:14:04					0.480252	0.15	YAWNING				
2026-08-24 13:14:04					0.480874	0.15	YAWNING				
2026-08-24 13:14:04					0.480295	0.15	YAWNING				
2026-08-24 13:14:04					0.466568	0.15	YAWNING				
2026-08-24 13:14:04					0.46947	0.15	YAWNING				
2026-08-24 13:14:04					0.46198	0.15	YAWNING				
2026-08-24 13:14:04					0.467357	0.15	YAWNING				
2026-08-24 13:14:04					0.476477	0.15	YAWNING				
2026-08-24 13:14:04					0.481733	0.15	YAWNING				
2026-08-24 13:14:04					0.478825	0.15	YAWNING				
2026-08-24 13:14:04					0.479499	0.15	YAWNING				
2026-08-24 13:14:04					0.485167	0.15	YAWNING				
2026-08-24 13:14:04					0.473544	0.15	YAWNING				
2026-08-24 13:14:04					0.486026	0.15	YAWNING				
2026-08-24 13:14:04					0.490144	0.15	YAWNING				
2026-08-24 13:14:04					0.481457	0.15	YAWNING				
2026-08-24 13:14:04					0.481457	0.15	YAWNING				
2026-08-24 13:14:04					0.478807	0.15	YAWNING				
2026-08-24 13:14:04					0.46583	0.15	YAWNING				
2026-08-24 13:14:04					0.46583	0.15	YAWNING				
2026-08-24 13:14:04					0.475561	0.15	YAWNING				
2026-08-24 13:14:04					0.477929	0.15	YAWNING				
2026-08-24 13:14:04					0.477929	0.15	YAWNING				
2026-08-24 13:14:04					0.466047	0.15	YAWNING				
2026-08-24 13:14:04					0.466047	0.15	YAWNING				
2026-08-24 13:14:04					0.459111	0.15	YAWNING				
2026-08-24 13:14:04					0.461553	0.15	YAWNING				
2026-08-24 13:14:05					0.467117	0.15	YAWNING				
2026-08-24 13:14:05					0.467117	0.15	YAWNING				
2026-08-24 13:14:05					0.458658	0.15	YAWNING				
2026-08-24 13:14:05					0.449718	0.15	YAWNING				
2026-08-24 13:14:05					0.449718	0.15	YAWNING				
2026-08-24 13:14:05					0.44834	0.15	YAWNING				
2026-08-24 13:14:05					0.44834	0.15	YAWNING				
2026-08-24 13:14:05					0.450545	0.15	YAWNING				
2026-08-24 13:14:05					0.437415	0.15	YAWNING				
2026-08-24 13:14:05					0.437415	0.15	YAWNING				
2026-08-24 13:14:05					0.449104	0.15	YAWNING				
2026-08-24 13:14:05					0.450143	0.15	YAWNING				
2026-08-24 13:14:05					0.455607	0.15	YAWNING				
2026-08-24 13:14:05					0.455607	0.15	YAWNING				
2026-08-24 13:14:05					0.455303	0.15	YAWNING				
2026-08-24 13:14:05					0.462884	0.15	YAWNING				
2026-08-24 13:14:05					0.462884	0.15	YAWNING				
2026-08-24 13:14:05					0.473306	0.15	YAWNING				
2026-08-24 13:14:05					0.473306	0.15	YAWNING				
2026-08-24 13:14:05					0.47834	0.15	YAWNING				
2026-08-24 13:14:05					0.494746	0.15	YAWNING				
2026-08-24 13:14:05					0.494746	0.15	YAWNING				
2026-08-24 13:14:05					0.48909	0.15	YAWNING				
2026-08-24 13:14:05					0.488564	0.15	YAWNING				
2026-08-24 13:14:05					0.485793	0.15	YAWNING				
2026-08-24 13:14:05					0.485793	0.15	YAWNING				
2026-08-24 13:14:05					0.483728	0.15	YAWNING				
2026-08-24 13:14:05					0.480562	0.15	YAWNING				
2026-08-24 13:14:05					0.480562	0.15	YAWNING				
2026-08-24 13:14:05					0.480882	0.15	YAWNING				
2026-08-24 13:14:05					0.480882	0.15	YAWNING				
2026-08-24 13:14:06					0.480698	0.15	YAWNING				
2026-08-24 13:14:06					0.475068	0.15	YAWNING				
2026-08-24 13:14:06					0.475068	0.15	YAWNING				
2026-08-24 13:14:06					0.471308	0.15	YAWNING				
2026-08-24 13:14:06					0.465349	0.15	YAWNING				
2026-08-24 13:14:06					0.459439	0.15	YAWNING				
2026-08-24 13:14:06					0.459439	0.15	YAWNING				
2026-08-24 13:14:06					0.455302	0.15	YAWNING				
2026-08-24 13:14:06					0.456769	0.15	YAWNING				
2026-08-24 13:14:06					0.456769	0.15	YAWNING				
2026-08-24 13:14:06					0.455291	0.15	YAWNING				
2026-08-24 13:14:06					0.455291	0.15	YAWNING				
2026-08-24 13:14:06					0.459165	0.15	YAWNING				
2026-08-24 13:14:06					0.459215	0.15	YAWNING				
2026-08-24 13:14:06					0.459215	0.15	YAWNING				
2026-08-24 13:14:06					0.461511	0.15	YAWNING				
2026-08-24 13:14:06					0.458531	0.15	YAWNING				
2026-08-24 13:14:06					0.459459	0.15	YAWNING				
2026-08-24 13:14:06					0.459459	0.15	YAWNING				
2026-08-24 13:14:06					0.455892	0.15	YAWNING				
2026-08-24 13:14:06					0.455892	0.15	YAWNING				
2026-08-24 13:14:06					0.450345	0.15	YAWNING				
2026-08-24 13:14:06					0.452439	0.15	YAWNING				
2026-08-24 13:14:06					0.452439	0.15	YAWNING				
2026-08-24 13:14:06					0.448431	0.15	YAWNING				
2026-08-24 13:14:06					0.449122	0.15	YAWNING				
2026-08-24 13:14:06					0.449122	0.15	YAWNING				
2026-08-24 13:14:06					0.455403	0.15	YAWNING				
2026-08-24 13:14:06					0.449993	0.15	YAWNING				
2026-08-24 13:14:07					0.450165	0.15	YAWNING				
2026-08-24 13:14:07					0.450165	0.15	YAWNING				
2026-08-24 13:14:07					0.453929	0.15	YAWNING				
2026-08-24 13:14:07					0.453929	0.15	YAWNING				
2026-08-24 13:14:07					0.453639	0.15	YAWNING				
2026-08-24 13:14:07					0.453422	0.15	YAWNING				
2026-08-24 13:14:07					0.453422	0.15	YAWNING				
2026-08-24 13:14:07					0.456002	0.15	YAWNING				
2026-08-24 13:14:07					0.457432	0.15	YAWNING				
2026-08-24 13:14:07					0.457432	0.15	YAWNING				
2026-08-24 13:14:07					0.464386	0.15	YAWNING				
2026-08-24 13:14:07					0.464395	0.15	YAWNING				
2026-08-24 13:14:07					0.462696	0.15	YAWNING				
2026-08-24 13:14:07					0.462696	0.15	YAWNING				
2026-08-24 13:14:07					0.465279	0.15	YAWNING				
2026-08-24 13:14:07					0.465279	0.15	YAWNING				
2026-08-24 13:14:07					0.46847	0.15	YAWNING				
2026-08-24 13:14:07					0.46717	0.15	YAWNING				
2026-08-24 13:14:07					0.46717	0.15	YAWNING				
2026-08-24 13:14:07					0.461746	0.15	YAWNING				
2026-08-24 13:14:07					0.462364	0.15	YAWNING				
2026-08-24 13:14:07					0.462364	0.15	YAWNING				
2026-08-24 13:14:07					0.470206	0.15	YAWNING				
2026-08-24 13:14:07					0.4685	0.15	YAWNING				
2026-08-24 13:14:07					0.469193	0.15	YAWNING				
2026-08-24 13:14:07					0.469193	0.15	YAWNING				
2026-08-24 13:14:07					0.471166	0.15	YAWNING				
2026-08-24 13:14:07					0.471166	0.15	YAWNING				
2026-08-24 13:14:07					0.465778	0.15	YAWNING				
2026-08-24 13:14:07					0.468048	0.15	YAWNING				
2026-08-24 13:14:07					0.468048	0.15	YAWNING				
2026-08-24 13:14:08					0.46696	0.15	YAWNING				
2026-08-24 13:14:08					0.467978	0.15	YAWNING				
2026-08-24 13:14:08					0.467978	0.15	YAWNING				
2026-08-24 13:14:08					0.464057	0.15	YAWNING				
2026-08-24 13:14:08					0.460047	0.15	YAWNING				
2026-08-24 13:14:08					0.460047	0.15	YAWNING				
2026-08-24 13:14:08					0.454737	0.15	YAWNING				
2026-08-24 13:14:08					0.450112	0.15	YAWNING				
2026-08-24 13:14:08					0.450112	0.15	YAWNING				
2026-08-24 13:14:08					0.440448	0.15	YAWNING				
2026-08-24 13:14:08					0.444423	0.15	YAWNING				
2026-08-24 13:14:08					0.444423	0.15	YAWNING				
2026-08-24 13:14:08					0.441959	0.15	YAWNING				
2026-08-24 13:14:08					0.449878	0.15	YAWNING				
2026-08-24 13:14:08					0.449878	0.15	YAWNING				
2026-08-24 13:14:08					0.453318	0.15	YAWNING				
2026-08-24 13:14:08					0.45114	0.15	YAWNING				
2026-08-24 13:14:08					0.45114	0.15	YAWNING				
2026-08-24 13:14:08					0.45136	0.15	YAWNING				
2026-08-24 13:14:08					0.453081	0.15	YAWNING				
2026-08-24 13:14:08					0.453081	0.15	YAWNING				
2026-08-24 13:14:08					0.449696	0.15	YAWNING				
2026-08-24 13:14:08					0.44818	0.15	YAWNING				
2026-08-24 13:14:08					0.44818	0.15	YAWNING				
2026-08-24 13:14:08					0.451145	0.15	YAWNING				
2026-08-24 13:14:08					0.454519	0.15	YAWNING				
2026-08-24 13:14:08					0.454519	0.15	YAWNING				
2026-08-24 13:14:08					0.450023	0.15	YAWNING				
2026-08-24 13:14:08					0.450981	0.15	YAWNING				
2026-08-24 13:14:08					0.450981	0.15	YAWNING				
2026-08-24 13:14:09					0.447135	0.15	YAWNING				
2026-08-24 13:14:09					0.449028	0.15	YAWNING				
2026-08-24 13:14:09					0.449028	0.15	YAWNING				
2026-08-24 13:14:09					0.454405	0.15	YAWNING				
2026-08-24 13:14:09					0.447816	0.15	YAWNING				
2026-08-24 13:14:09					0.447816	0.15	YAWNING				
2026-08-24 13:14:09					0.451844	0.15	YAWNING				
2026-08-24 13:14:09					0.448545	0.15	YAWNING				
2026-08-24 13:14:09					0.448545	0.15	YAWNING				
2026-08-24 13:14:09					0.444144	0.15	YAWNING				
2026-08-24 13:14:09					0.446816	0.15	YAWNING				
2026-08-24 13:14:09					0.446816	0.15	YAWNING				
2026-08-24 13:14:09					0.442507	0.15	YAWNING				
2026-08-24 13:14:09					0.450649	0.15	YAWNING				
2026-08-24 13:14:09					0.450649	0.15	YAWNING				
2026-08-24 13:14:09					0.454832	0.15	YAWNING				
2026-08-24 13:14:09					0.455696	0.15	YAWNING				
2026-08-24 13:14:09					0.455696	0.15	YAWNING				
2026-08-24 13:14:09					0.450409	0.15	YAWNING				
2026-08-24 13:14:09					0.454922	0.15	YAWNING				
2026-08-24 13:14:09					0.454922	0.15	YAWNING				
2026-08-24 13:14:09					0.458782	0.15	YAWNING				
2026-08-24 13:14:09					0.462594	0.15	YAWNING				
2026-08-24 13:14:09					0.462594	0.15	YAWNING				
2026-08-24 13:14:09					0.474005	0.15	YAWNING				
2026-08-24 13:14:09					0.475784	0.15	YAWNING				
2026-08-24 13:14:09					0.475784	0.15	YAWNING				
2026-08-24 13:14:09					0.490763	0.15	YAWNING				
2026-08-24 13:14:09					0.4858	0.15	YAWNING				
2026-08-24 13:14:09					0.4858	0.15	YAWNING				
2026-08-24 13:14:10					0.505511	0.15	YAWNING				
2026-08-24 13:14:10					0.487525	0.15	YAWNING				
2026-08-24 13:14:10					0.487525	0.15	YAWNING				
2026-08-24 13:14:10					0.471215	0.15	YAWNING				
2026-08-24 13:14:10					0.46692	0.15	YAWNING				
2026-08-24 13:14:10					0.46692	0.15	YAWNING				
2026-08-24 13:14:10					0.465429	0.15	YAWNING				
2026-08-24 13:14:10					0.47177	0.15	YAWNING				
2026-08-24 13:14:10					0.47177	0.15	YAWNING				
2026-08-24 13:14:10					0.476398	0.15	YAWNING				
2026-08-24 13:14:10					0.467709	0.15	YAWNING				
2026-08-24 13:14:10					0.467709	0.15	YAWNING				
2026-08-24 13:14:10					0.468801	0.15	YAWNING				
2026-08-24 13:14:10					0.468801	0.15	YAWNING				
2026-08-24 13:14:10					0.47338	0.15	YAWNING				
2026-08-24 13:14:10					0.472103	0.15	YAWNING				
2026-08-24 13:14:10					0.469264	0.15	YAWNING				
2026-08-24 13:14:10					0.469264	0.15	YAWNING				
2026-08-24 13:14:10					0.466615	0.15	YAWNING				
2026-08-24 13:14:10					0.474367	0.15	YAWNING				
2026-08-24 13:14:10					0.474367	0.15	YAWNING				
2026-08-24 13:14:10					0.475446	0.15	YAWNING				
2026-08-24 13:14:10					0.475509	0.15	YAWNING				
2026-08-24 13:14:10					0.475509	0.15	YAWNING				
2026-08-24 13:14:10					0.4753	0.15	YAWNING				
2026-08-24 13:14:10					0.4753	0.15	YAWNING				
2026-08-24 13:14:10					0.474929	0.15	YAWNING				
2026-08-24 13:14:10					0.473073	0.15	YAWNING				
2026-08-24 13:14:10					0.477124	0.15	YAWNING				
2026-08-24 13:14:11					0.477124	0.15	YAWNING				
2026-08-24 13:14:11					0.469835	0.15	YAWNING				
2026-08-24 13:14:11					0.467999	0.15	YAWNING				
2026-08-24 13:14:11					0.467999	0.15	YAWNING				
2026-08-24 13:14:11					0.474244	0.15	YAWNING				
2026-08-24 13:14:11					0.47692	0.15	YAWNING				
2026-08-24 13:14:11					0.47692	0.15	YAWNING				
2026-08-24 13:14:11					0.485911	0.15	YAWNING				
2026-08-24 13:14:11					0.485911	0.15	YAWNING				
2026-08-24 13:14:11					0.483379	0.15	YAWNING				
2026-08-24 13:14:11					0.479378	0.15	YAWNING				
2026-08-24 13:14:11					0.486217	0.15	YAWNING				
2026-08-24 13:14:11					0.486217	0.15	YAWNING				
2026-08-24 13:14:11					0.489196	0.15	YAWNING				
2026-08-24 13:14:11					0.488649	0.15	YAWNING				
2026-08-24 13:14:11					0.488649	0.15	YAWNING				
2026-08-24 13:14:11					0.489547	0.15	YAWNING				
2026-08-24 13:14:11					0.495613	0.15	YAWNING				
2026-08-24 13:14:11					0.495613	0.15	YAWNING				
2026-08-24 13:14:11					0.489723	0.15	YAWNING				
2026-08-24 13:14:11					0.489723	0.15	YAWNING				
2026-08-24 13:14:11					0.497355	0.15	YAWNING				
2026-08-24 13:14:11					0.496864	0.15	YAWNING				
2026-08-24 13:14:11					0.492728	0.15	YAWNING				
2026-08-24 13:14:11					0.492728	0.15	YAWNING				
2026-08-24 13:14:11					0.495366	0.15	YAWNING				
2026-08-24 13:14:11					0.499797	0.15	YAWNING				
2026-08-24 13:14:11					0.499797	0.15	YAWNING				
2026-08-24 13:14:11					0.497972	0.15	YAWNING				
2026-08-24 13:14:11					0.497972	0.15	YAWNING				
2026-08-24 13:14:11					0.496517	0.15	YAWNING				
2026-08-24 13:14:12					0.494713	0.15	YAWNING				
2026-08-24 13:14:12					0.494713	0.15	YAWNING				
2026-08-24 13:14:12					0.505844	0.15	YAWNING				
2026-08-24 13:14:12					0.502328	0.15	YAWNING				
2026-08-24 13:14:12					0.509803	0.15	YAWNING				
2026-08-24 13:14:12					0.509803	0.15	YAWNING				
2026-08-24 13:14:12					0.516161	0.15	YAWNING				
2026-08-24 13:14:12					0.526374	0.15	YAWNING				
2026-08-24 13:14:12					0.526374	0.15	YAWNING				
2026-08-24 13:14:12					0.531534	0.15	YAWNING				
2026-08-24 13:14:12					0.531534	0.15	YAWNING				
2026-08-24 13:14:12					0.549707	0.15	YAWNING				
2026-08-24 13:14:12					0.557664	0.15	YAWNING				
2026-08-24 13:14:12					0.557664	0.15	YAWNING				
2026-08-24 13:14:12					0.556813	0.15	YAWNING				
2026-08-24 13:14:12					0.557339	0.15	YAWNING				
2026-08-24 13:14:12					0.565655	0.15	YAWNING				
2026-08-24 13:14:12					0.565655	0.15	YAWNING				
2026-08-24 13:14:12					0.571019	0.15	YAWNING				
2026-08-24 13:14:12					0.567095	0.15	YAWNING				
2026-08-24 13:14:12					0.567095	0.15	YAWNING				
2026-08-24 13:14:12					0.558072	0.15	YAWNING				
2026-08-24 13:14:12					0.558072	0.15	YAWNING				
2026-08-24 13:14:12					0.563432	0.15	YAWNING				
2026-08-24 13:14:12					0.564574	0.15	YAWNING				
2026-08-24 13:14:12					0.564574	0.15	YAWNING				
2026-08-24 13:14:12					0.563609	0.15	YAWNING				
2026-08-24 13:14:12					0.574754	0.15	YAWNING				
2026-08-24 13:14:12					0.574901	0.15	YAWNING				
2026-08-24 13:14:13					0.574901	0.15	YAWNING				
2026-08-24 13:14:13					0.566446	0.15	YAWNING				
2026-08-24 13:14:13					0.569699	0.15	YAWNING				
2026-08-24 13:14:13					0.569699	0.15	YAWNING				
2026-08-24 13:14:13					0.546636	0.15	YAWNING				
2026-08-24 13:14:13					0.546636	0.15	YAWNING				
2026-08-24 13:14:13					0.517137	0.15	YAWNING				
2026-08-24 13:14:13					0.511506	0.15	YAWNING				
2026-08-24 13:14:13					0.511506	0.15	YAWNING				
2026-08-24 13:14:13					0.509497	0.15	YAWNING				
2026-08-24 13:14:13					0.500921	0.15	YAWNING				
2026-08-24 13:14:13					0.480176	0.15	YAWNING				
2026-08-24 13:14:13					0.480176	0.15	YAWNING				
2026-08-24 13:14:13					0.476038	0.15	YAWNING				
2026-08-24 13:14:13					0.476038	0.15	YAWNING				
2026-08-24 13:14:13					0.482844	0.15	YAWNING				
2026-08-24 13:14:13					0.477119	0.15	YAWNING				
2026-08-24 13:14:13					0.477119	0.15	YAWNING				
2026-08-24 13:14:13					0.464424	0.15	YAWNING				
2026-08-24 13:14:13					0.459021	0.15	YAWNING				
2026-08-24 13:14:13					0.459021	0.15	YAWNING				
2026-08-24 13:14:13					0.460965	0.15	YAWNING				
2026-08-24 13:14:13					0.47085	0.15	YAWNING				
2026-08-24 13:14:13					0.461397	0.15	YAWNING				
2026-08-24 13:14:13					0.461397	0.15	YAWNING				
2026-08-24 13:14:13					0.465123	0.15	YAWNING				
2026-08-24 13:14:13					0.465123	0.15	YAWNING				
2026-08-24 13:14:13					0.466765	0.15	YAWNING				
2026-08-24 13:14:13					0.467579	0.15	YAWNING				
2026-08-24 13:14:13					0.467579	0.15	YAWNING				
2026-08-24 13:14:13					0.465829	0.15	YAWNING				
2026-08-24 13:14:14					0.466777	0.15	YAWNING				
2026-08-24 13:14:14					0.466777	0.15	YAWNING				
2026-08-24 13:14:14					0.464895	0.15	YAWNING				
2026-08-24 13:14:14					0.4666	0.15	YAWNING				
2026-08-24 13:14:14					0.470315	0.15	YAWNING				
2026-08-24 13:14:14					0.470315	0.15	YAWNING				
2026-08-24 13:14:14					0.480345	0.15	YAWNING				
2026-08-24 13:14:14					0.480345	0.15	YAWNING				
2026-08-24 13:14:14					0.472051	0.15	YAWNING				
2026-08-24 13:14:14					0.483779	0.15	YAWNING				
2026-08-24 13:14:14					0.483779	0.15	YAWNING				
2026-08-24 13:14:14					0.484099	0.15	YAWNING				
2026-08-24 13:14:14					0.510347	0.15	YAWNING				
2026-08-24 13:14:14					0.510347	0.15	YAWNING				
2026-08-24 13:14:14					0.511708	0.15	YAWNING				
2026-08-24 13:14:14					0.549823	0.15	YAWNING				
2026-08-24 13:14:14					0.602973	0.15	YAWNING				
2026-08-24 13:14:14					0.602973	0.15	YAWNING				
2026-08-24 13:14:14					0.557744	0.15	YAWNING				
2026-08-24 13:14:14					0.557744	0.15	YAWNING				
2026-08-24 13:14:14					0.546607	0.15	YAWNING				
2026-08-24 13:14:14					0.540842	0.15	YAWNING				
2026-08-24 13:14:14					0.540842	0.15	YAWNING				
2026-08-24 13:14:14					0.534318	0.15	YAWNING				
2026-08-24 13:14:14					0.559032	0.15	YAWNING				
2026-08-24 13:14:14					0.559032	0.15	YAWNING				
2026-08-24 13:14:14					0.529626	0.15	YAWNING				
2026-08-24 13:14:14					0.512766	0.15	YAWNING				
2026-08-24 13:14:14					0.512766	0.15	YAWNING				
2026-08-24 13:14:14					0.492316	0.15	YAWNING				
2026-08-24 13:14:15					0.469367	0.15	YAWNING				
2026-08-24 13:14:15					0.469367	0.15	YAWNING				
2026-08-24 13:14:15					0.462417	0.15	YAWNING				
2026-08-24 13:14:15					0.451995	0.15	YAWNING				
2026-08-24 13:14:15					0.451995	0.15	YAWNING				
2026-08-24 13:14:15					0.441303	0.15	YAWNING				
2026-08-24 13:14:15					0.426882	0.15	YAWNING				
2026-08-24 13:14:15					0.426882	0.15	YAWNING				
2026-08-24 13:14:15					0.434854	0.15	YAWNING				
2026-08-24 13:14:15					0.423541	0.15	YAWNING				
2026-08-24 13:14:15					0.423541	0.15	YAWNING				
2026-08-24 13:14:15					0.426659	0.15	YAWNING				
2026-08-24 13:14:15					0.43425	0.15	YAWNING				
2026-08-24 13:14:15					0.43425	0.15	YAWNING				
2026-08-24 13:14:15					0.429205	0.15	YAWNING				
2026-08-24 13:14:15					0.444872	0.15	YAWNING				
2026-08-24 13:14:15					0.444872	0.15	YAWNING				
2026-08-24 13:14:15					0.448105	0.15	YAWNING				
2026-08-24 13:14:15					0.456572	0.15	YAWNING				
2026-08-24 13:14:15					0.456572	0.15	YAWNING				
2026-08-24 13:14:15					0.428858	0.15	YAWNING				
2026-08-24 13:14:15					0.438775	0.15	YAWNING				
2026-08-24 13:14:15					0.438775	0.15	YAWNING				
2026-08-24 13:14:15					0.440169	0.15	YAWNING				
2026-08-24 13:14:15					0.42199	0.15	YAWNING				
2026-08-24 13:14:15					0.42199	0.15	YAWNING				
2026-08-24 13:14:15					0.442647	0.15	YAWNING				
2026-08-24 13:14:15					0.445159	0.15	YAWNING				
2026-08-24 13:14:15					0.445159	0.15	YAWNING				
2026-08-24 13:14:15					0.438999	0.15	YAWNING				
2026-08-24 13:14:16					0.440861	0.15	YAWNING				
2026-08-24 13:14:16					0.440861	0.15	YAWNING				
2026-08-24 13:14:16					0.447313	0.15	YAWNING				
2026-08-24 13:14:16					0.435587	0.15	YAWNING				
2026-08-24 13:14:16					0.435587	0.15	YAWNING				
2026-08-24 13:14:16					0.422943	0.15	YAWNING				
2026-08-24 13:14:16					0.405986	0.15	YAWNING				
2026-08-24 13:14:16					0.405986	0.15	YAWNING				
2026-08-24 13:14:16					0.411479	0.15	YAWNING				
2026-08-24 13:14:16					0.408003	0.15	YAWNING				
2026-08-24 13:14:16					0.408003	0.15	YAWNING				
2026-08-24 13:14:16					0.401034	0.15	YAWNING				
2026-08-24 13:14:16					0.399244	0.15	YAWNING				
2026-08-24 13:14:16					0.399244	0.15	YAWNING				
2026-08-24 13:14:16					0.401283	0.15	YAWNING				
2026-08-24 13:14:16					0.393418	0.15	YAWNING				
2026-08-24 13:14:16					0.393418	0.15	YAWNING				
2026-08-24 13:14:16					0.397725	0.15	YAWNING				
2026-08-24 13:14:16					0.399575	0.15	YAWNING				
2026-08-24 13:14:16					0.399575	0.15	YAWNING				
2026-08-24 13:14:16					0.396821	0.15	YAWNING				
2026-08-24 13:14:16					0.406931	0.15	YAWNING				
2026-08-24 13:14:16					0.406931	0.15	YAWNING				
2026-08-24 13:14:16					0.411955	0.15	YAWNING				
2026-08-24 13:14:16					0.399296	0.15	YAWNING				
2026-08-24 13:14:16					0.399296	0.15	YAWNING				
2026-08-24 13:14:16					0.408654	0.15	YAWNING				
2026-08-24 13:14:16					0.417718	0.15	YAWNING				
2026-08-24 13:14:16					0.417718	0.15	YAWNING				
2026-08-24 13:14:16					0.406701	0.15	YAWNING				
2026-08-24 13:14:17					0.410577	0.15	YAWNING				
2026-08-24 13:14:17					0.410577	0.15	YAWNING				
2026-08-24 13:14:17					0.413366	0.15	YAWNING				
2026-08-24 13:14:17					0.411263	0.15	YAWNING				
2026-08-24 13:14:17					0.411263	0.15	YAWNING				
2026-08-24 13:14:17					0.40926	0.15	YAWNING				
2026-08-24 13:14:17					0.40926	0.15	YAWNING				
2026-08-24 13:14:17					0.40696	0.15	YAWNING				
2026-08-24 13:14:17					0.40934	0.15	YAWNING				
2026-08-24 13:14:17					0.411205	0.15	YAWNING				
2026-08-24 13:14:17					0.411205	0.15	YAWNING				
2026-08-24 13:14:17					0.414701	0.15	YAWNING				
2026-08-24 13:14:17					0.406727	0.15	YAWNING				
2026-08-24 13:14:17					0.406727	0.15	YAWNING				
2026-08-24 13:14:17					0.407727	0.15	YAWNING				
2026-08-24 13:14:17					0.409329	0.15	YAWNING				
2026-08-24 13:14:17					0.409329	0.15	YAWNING				
2026-08-24 13:14:17					0.410986	0.15	YAWNING				
2026-08-24 13:14:17					0.410986	0.15	YAWNING				
2026-08-24 13:14:17					0.407415	0.15	YAWNING				
2026-08-24 13:14:17					0.415555	0.15	YAWNING				
2026-08-24 13:14:17					0.419386	0.15	YAWNING				
2026-08-24 13:14:17					0.419386	0.15	YAWNING				
2026-08-24 13:14:17					0.415004	0.15	YAWNING				
2026-08-24 13:14:17					0.420284	0.15	YAWNING				
2026-08-24 13:14:17					0.420284	0.15	YAWNING				
2026-08-24 13:14:17					0.421178	0.15	YAWNING				
2026-08-24 13:14:17					0.436258	0.15	YAWNING				
2026-08-24 13:14:17					0.436258	0.15	YAWNING				
2026-08-24 13:14:17					0.445209	0.15	YAWNING				
2026-08-24 13:14:17					0.445209	0.15	YAWNING				
2026-08-24 13:14:18					0.440195	0.15	YAWNING				
2026-08-24 13:14:18					0.449385	0.15	YAWNING				
2026-08-24 13:14:18					0.454276	0.15	YAWNING				
2026-08-24 13:14:18					0.454276	0.15	YAWNING				
2026-08-24 13:14:18					0.467126	0.15	YAWNING				
2026-08-24 13:14:18					0.467546	0.15	YAWNING				
2026-08-24 13:14:18					0.467546	0.15	YAWNING				
2026-08-24 13:14:18					0.477551	0.15	YAWNING				
2026-08-24 13:14:18					0.491523	0.15	YAWNING				
2026-08-24 13:14:18					0.491523	0.15	YAWNING				
2026-08-24 13:14:18					0.501648	0.15	YAWNING				
2026-08-24 13:14:18					0.501648	0.15	YAWNING				
2026-08-24 13:14:18					0.507409	0.15	YAWNING				
2026-08-24 13:14:18					0.511933	0.15	YAWNING				
2026-08-24 13:14:18					0.530226	0.15	YAWNING				
2026-08-24 13:14:18					0.530226	0.15	YAWNING				
2026-08-24 13:14:18					0.547118	0.15	YAWNING				
2026-08-24 13:14:18					0.543869	0.15	YAWNING				
2026-08-24 13:14:18					0.543869	0.15	YAWNING				
2026-08-24 13:14:18					0.561731	0.15	YAWNING				
2026-08-24 13:14:18					0.561731	0.15	YAWNING				
2026-08-24 13:14:18					0.569729	0.15	YAWNING				
2026-08-24 13:14:18					0.58249	0.15	YAWNING				
2026-08-24 13:14:18					0.58249	0.15	YAWNING				
2026-08-24 13:14:18					0.587647	0.15	YAWNING				
2026-08-24 13:14:18					0.584484	0.15	YAWNING				
2026-08-24 13:14:18					0.575341	0.15	YAWNING				
2026-08-24 13:14:18					0.575341	0.15	YAWNING				
2026-08-24 13:14:18					0.591094	0.15	YAWNING				
2026-08-24 13:14:19					0.589834	0.15	YAWNING				
2026-08-24 13:14:19					0.589834	0.15	YAWNING				
2026-08-24 13:14:19					0.594787	0.15	YAWNING				
2026-08-24 13:14:19					0.594787	0.15	YAWNING				
2026-08-24 13:14:19					0.587618	0.15	YAWNING				
2026-08-24 13:14:19					0.592227	0.15	YAWNING				
2026-08-24 13:14:19					0.592227	0.15	YAWNING				
2026-08-24 13:14:19					0.591519	0.15	YAWNING				
2026-08-24 13:14:19					0.588287	0.15	YAWNING				
2026-08-24 13:14:19					0.589889	0.15	YAWNING				
2026-08-24 13:14:19					0.589889	0.15	YAWNING				
2026-08-24 13:14:19					0.588125	0.15	YAWNING				
2026-08-24 13:14:19					0.578716	0.15	YAWNING				
2026-08-24 13:14:19					0.578716	0.15	YAWNING				
2026-08-24 13:14:19					0.574718	0.15	YAWNING				
2026-08-24 13:14:19					0.574718	0.15	YAWNING				
2026-08-24 13:14:19					0.578319	0.15	YAWNING				
2026-08-24 13:14:19					0.563109	0.15	YAWNING				
2026-08-24 13:14:19					0.563109	0.15	YAWNING				
2026-08-24 13:14:19					0.549223	0.15	YAWNING				
2026-08-24 13:14:19					0.560355	0.15	YAWNING				
2026-08-24 13:14:19					0.577088	0.15	YAWNING				
2026-08-24 13:14:19					0.577088	0.15	YAWNING				
2026-08-24 13:14:19					0.589373	0.15	YAWNING				
2026-08-24 13:14:19					0.589851	0.15	YAWNING				
2026-08-24 13:14:19					0.589851	0.15	YAWNING				
2026-08-24 13:14:19					0.594928	0.15	YAWNING				
2026-08-24 13:14:19					0.594928	0.15	YAWNING				
2026-08-24 13:14:19					0.595256	0.15	YAWNING				
2026-08-24 13:14:19					0.584663	0.15	YAWNING				
2026-08-24 13:14:20					0.584663	0.15	YAWNING				
2026-08-24 13:14:20					0.588449	0.15	YAWNING				
2026-08-24 13:14:20					0.585162	0.15	YAWNING				
2026-08-24 13:14:20					0.574939	0.15	YAWNING				
2026-08-24 13:14:20					0.574939	0.15	YAWNING				
2026-08-24 13:14:20					0.581742	0.15	YAWNING				
2026-08-24 13:14:20					0.581742	0.15	YAWNING				
2026-08-24 13:14:20					0.579606	0.15	YAWNING				
2026-08-24 13:14:20					0.600794	0.15	YAWNING				
2026-08-24 13:14:20					0.600794	0.15	YAWNING				
2026-08-24 13:14:20					0.605556	0.15	YAWNING				
2026-08-24 13:14:20					0.608863	0.15	YAWNING				
2026-08-24 13:14:20					0.608863	0.15	YAWNING				
2026-08-24 13:14:20					0.600528	0.15	YAWNING				
2026-08-24 13:14:20					0.59789	0.15	YAWNING				
2026-08-24 13:14:20					0.602624	0.15	YAWNING				
2026-08-24 13:14:20					0.602624	0.15	YAWNING				
2026-08-24 13:14:20					0.605513	0.15	YAWNING				
2026-08-24 13:14:20					0.605513	0.15	YAWNING				
2026-08-24 13:14:20					0.605755	0.15	YAWNING				
2026-08-24 13:14:20					0.604041	0.15	YAWNING				
2026-08-24 13:14:20					0.604041	0.15	YAWNING				
2026-08-24 13:14:20					0.608386	0.15	YAWNING				
2026-08-24 13:14:20					0.605559	0.15	YAWNING				
2026-08-24 13:14:20					0.605559	0.15	YAWNING				
2026-08-24 13:14:20					0.609651	0.15	YAWNING				
2026-08-24 13:14:20					0.601108	0.15	YAWNING				
2026-08-24 13:14:20					0.601036	0.15	YAWNING				
2026-08-24 13:14:20					0.601036	0.15	YAWNING				
2026-08-24 13:14:20					0.601841	0.15	YAWNING				
2026-08-24 13:14:21					0.601841	0.15	YAWNING				
2026-08-24 13:14:21					0.599068	0.15	YAWNING				
2026-08-24 13:14:21					0.602352	0.15	YAWNING				
2026-08-24 13:14:21					0.602352	0.15	YAWNING				
2026-08-24 13:14:21					0.605981	0.15	YAWNING				
2026-08-24 13:14:21					0.598409	0.15	YAWNING				
2026-08-24 13:14:21					0.598409	0.15	YAWNING				
2026-08-24 13:14:21					0.600297	0.15	YAWNING				
2026-08-24 13:14:21					0.596637	0.15	YAWNING				
2026-08-24 13:14:21					0.597578	0.15	YAWNING				
2026-08-24 13:14:21					0.597578	0.15	YAWNING				
2026-08-24 13:14:21					0.604729	0.15	YAWNING				
2026-08-24 13:14:21					0.604729	0.15	YAWNING				
2026-08-24 13:14:21					0.601103	0.15	YAWNING				
2026-08-24 13:14:21					0.605523	0.15	YAWNING				
2026-08-24 13:14:21					0.605523	0.15	YAWNING				
2026-08-24 13:14:21					0.617024	0.15	YAWNING				
2026-08-24 13:14:21					0.610635	0.15	YAWNING				
2026-08-24 13:14:21					0.610635	0.15	YAWNING				
2026-08-24 13:14:21					0.607462	0.15	YAWNING				
2026-08-24 13:14:21					0.637145	0.15	YAWNING				
2026-08-24 13:14:21					0.637145	0.15	YAWNING				
2026-08-24 13:14:21					0.629012	0.15	YAWNING				
2026-08-24 13:14:21					0.635049	0.15	YAWNING				
2026-08-24 13:14:21					0.635049	0.15	YAWNING				
2026-08-24 13:14:21					0.628771	0.15	YAWNING				
2026-08-24 13:14:21					0.634267	0.15	YAWNING				
2026-08-24 13:14:21					0.634267	0.15	YAWNING				
2026-08-24 13:14:21					0.634327	0.15	YAWNING				
2026-08-24 13:14:21					0.634827	0.15	YAWNING				
2026-08-24 13:14:22					0.634827	0.15	YAWNING				
2026-08-24 13:14:22					0.627873	0.15	YAWNING				
2026-08-24 13:14:22					0.630075	0.15	YAWNING				
2026-08-24 13:14:22					0.630075	0.15	YAWNING				
2026-08-24 13:14:22					0.630138	0.15	YAWNING				
2026-08-24 13:14:22					0.628666	0.15	YAWNING				
2026-08-24 13:14:22					0.628666	0.15	YAWNING				
2026-08-24 13:14:22					0.619357	0.15	YAWNING				
2026-08-24 13:14:22					0.626719	0.15	YAWNING				
2026-08-24 13:14:22					0.626719	0.15	YAWNING				
2026-08-24 13:14:22					0.625669	0.15	YAWNING				
2026-08-24 13:14:22					0.626569	0.15	YAWNING				
2026-08-24 13:14:22					0.626569	0.15	YAWNING				
2026-08-24 13:14:22					0.621623	0.15	YAWNING				
2026-08-24 13:14:22					0.621623	0.15	YAWNING				
2026-08-24 13:14:22					0.630243	0.15	YAWNING				
2026-08-24 13:14:22					0.621862	0.15	YAWNING				
2026-08-24 13:14:22					0.619368	0.15	YAWNING				
2026-08-24 13:14:22					0.619368	0.15	YAWNING				
2026-08-24 13:14:22					0.611783	0.15	YAWNING				
2026-08-24 13:14:22					0.597717	0.15	YAWNING				
2026-08-24 13:14:22					0.597717	0.15	YAWNING				
2026-08-24 13:14:22					0.600949	0.15	YAWNING				
2026-08-24 13:14:22					0.610943	0.15	YAWNING				
2026-08-24 13:14:22					0.610943	0.15	YAWNING				
2026-08-24 13:14:22					0.614893	0.15	YAWNING				
2026-08-24 13:14:22					0.614893	0.15	YAWNING				
2026-08-24 13:14:22					0.604728	0.15	YAWNING				
2026-08-24 13:14:22					0.610418	0.15	YAWNING				
2026-08-24 13:14:23					0.587486	0.15	YAWNING				
2026-08-24 13:14:23					0.587486	0.15	YAWNING				
2026-08-24 13:14:23					0.577834	0.15	YAWNING				
2026-08-24 13:14:23					0.582996	0.15	YAWNING				
2026-08-24 13:14:23					0.582996	0.15	YAWNING				
2026-08-24 13:14:23					0.564039	0.15	YAWNING				
2026-08-24 13:14:23					0.577053	0.15	YAWNING				
2026-08-24 13:14:23					0.577053	0.15	YAWNING				
2026-08-24 13:14:23					0.569389	0.15	YAWNING				
2026-08-24 13:14:23					0.569389	0.15	YAWNING				
2026-08-24 13:14:23					0.560161	0.15	YAWNING				
2026-08-24 13:14:23					0.553282	0.15	YAWNING				
2026-08-24 13:14:23					0.555788	0.15	YAWNING				
2026-08-24 13:14:23					0.555788	0.15	YAWNING				
2026-08-24 13:14:23					0.534674	0.15	YAWNING				
2026-08-24 13:14:23					0.536561	0.15	YAWNING				
2026-08-24 13:14:23					0.536561	0.15	YAWNING				
2026-08-24 13:14:23					0.52264	0.15	YAWNING				
2026-08-24 13:14:23					0.51896	0.15	YAWNING				
2026-08-24 13:14:23					0.51896	0.15	YAWNING				
2026-08-24 13:14:23					0.531764	0.15	YAWNING				
2026-08-24 13:14:23					0.531764	0.15	YAWNING				
2026-08-24 13:14:23					0.515044	0.15	YAWNING				
2026-08-24 13:14:23					0.509878	0.15	YAWNING				
2026-08-24 13:14:23					0.504702	0.15	YAWNING				
2026-08-24 13:14:23					0.504702	0.15	YAWNING				
2026-08-24 13:14:23					0.507787	0.15	YAWNING				
2026-08-24 13:14:23					0.49998	0.15	YAWNING				
2026-08-24 13:14:23					0.49998	0.15	YAWNING				
2026-08-24 13:14:23					0.496777	0.15	YAWNING				
2026-08-24 13:14:23					0.496777	0.15	YAWNING				
2026-08-24 13:14:23					0.487415	0.15	YAWNING				
2026-08-24 13:14:24					0.48097	0.15	YAWNING				
2026-08-24 13:14:24					0.48097	0.15	YAWNING				
2026-08-24 13:14:24					0.479197	0.15	YAWNING				
2026-08-24 13:14:24					0.473524	0.15	YAWNING				
2026-08-24 13:14:24					0.478665	0.15	YAWNING				
2026-08-24 13:14:24					0.478665	0.15	YAWNING				
2026-08-24 13:14:24					0.47936	0.15	YAWNING				
2026-08-24 13:14:24					0.484857	0.15	YAWNING				
2026-08-24 13:14:24					0.484857	0.15	YAWNING				
2026-08-24 13:14:24					0.486421	0.15	YAWNING				
2026-08-24 13:14:24					0.486421	0.15	YAWNING				
2026-08-24 13:14:24					0.469581	0.15	YAWNING				
2026-08-24 13:14:24					0.48022	0.15	YAWNING				
2026-08-24 13:14:24					0.48022	0.15	YAWNING				
2026-08-24 13:14:24					0.488732	0.15	YAWNING				
2026-08-24 13:14:24					0.493283	0.15	YAWNING				
2026-08-24 13:14:24					0.513216	0.15	YAWNING				
2026-08-24 13:14:24					0.513216	0.15	YAWNING				
2026-08-24 13:14:24					0.51802	0.15	YAWNING				
2026-08-24 13:14:24					0.556804	0.15	YAWNING				
2026-08-24 13:14:24					0.556804	0.15	YAWNING				
2026-08-24 13:14:24					0.566996	0.15	YAWNING				
2026-08-24 13:14:24					0.566996	0.15	YAWNING				
2026-08-24 13:14:24					0.572972	0.15	YAWNING				
2026-08-24 13:14:24					0.595687	0.15	YAWNING				
2026-08-24 13:14:24					0.595687	0.15	YAWNING				
2026-08-24 13:14:24					0.589967	0.15	YAWNING				
2026-08-24 13:14:24					0.629422	0.15	YAWNING				
2026-08-24 13:14:25					0.668113	0.15	YAWNING				
2026-08-24 13:14:25					0.668113	0.15	YAWNING				
2026-08-24 13:14:25					0.681826	0.15	YAWNING				
2026-08-24 13:14:25					0.710977	0.15	YAWNING				
2026-08-24 13:14:25					0.710977	0.15	YAWNING				
2026-08-24 13:14:25					0.727113	0.15	YAWNING				
2026-08-24 13:14:25					0.727113	0.15	YAWNING				
2026-08-24 13:14:25					0.790172	0.15	YAWNING				
2026-08-24 13:14:25					0.812524	0.15	YAWNING				
2026-08-24 13:14:25					0.812524	0.15	YAWNING				
2026-08-24 13:14:25					0.803584	0.15	YAWNING				
2026-08-24 13:14:25					0.90928	0.15	YAWNING				
2026-08-24 13:14:25					0.91985	0.15	YAWNING				
2026-08-24 13:14:25					0.91985	0.15	YAWNING				
2026-08-24 13:14:25					0.913286	0.15	YAWNING				
2026-08-24 13:14:25					0.913286	0.15	YAWNING				
2026-08-24 13:14:25					0.856822	0.15	YAWNING				
2026-08-24 13:14:25					0.868048	0.15	YAWNING				
2026-08-24 13:14:25					0.868048	0.15	YAWNING				
2026-08-24 13:14:25					0.87369	0.15	YAWNING				
2026-08-24 13:14:25					0.862326	0.15	YAWNING				
2026-08-24 13:14:25					0.862326	0.15	YAWNING				
2026-08-24 13:14:25					0.921663	0.15	YAWNING				
2026-08-24 13:14:25					0.898797	0.15	YAWNING				
2026-08-24 13:14:25					0.926589	0.15	YAWNING				
2026-08-24 13:14:25					0.926589	0.15	YAWNING				
2026-08-24 13:14:25					0.884786	0.15	YAWNING				
2026-08-24 13:14:25					0.884786	0.15	YAWNING				
2026-08-24 13:14:25					0.877619	0.15	YAWNING				
2026-08-24 13:14:25					0.852227	0.15	YAWNING				
2026-08-24 13:14:25					0.852227	0.15	YAWNING				
2026-08-24 13:14:26					0.836093	0.15	YAWNING				
2026-08-24 13:14:26					0.761497	0.15	YAWNING				
2026-08-24 13:14:26					0.761497	0.15	YAWNING				
2026-08-24 13:14:26					0.810366	0.15	YAWNING				
2026-08-24 13:14:26					0.754498	0.15	YAWNING				
2026-08-24 13:14:26					0.780202	0.15	YAWNING				
2026-08-24 13:14:26					0.780202	0.15	YAWNING				
2026-08-24 13:14:26					0.794514	0.15	YAWNING				
2026-08-24 13:14:26					0.794514	0.15	YAWNING				
2026-08-24 13:14:26					0.764834	0.15	YAWNING				
2026-08-24 13:14:26					0.748504	0.15	YAWNING				
2026-08-24 13:14:26					0.748504	0.15	YAWNING				
2026-08-24 13:14:26					0.741007	0.15	YAWNING				
2026-08-24 13:14:26					0.74327	0.15	YAWNING				
2026-08-24 13:14:26					0.74327	0.15	YAWNING				
2026-08-24 13:14:26					0.749053	0.15	YAWNING				
2026-08-24 13:14:26					0.71955	0.15	YAWNING				
2026-08-24 13:14:26					0.754119	0.15	YAWNING				
2026-08-24 13:14:26					0.754119	0.15	YAWNING				
2026-08-24 13:14:26					0.730557	0.15	YAWNING				
2026-08-24 13:14:26					0.730557	0.15	YAWNING				
2026-08-24 13:14:26					0.727423	0.15	YAWNING				
2026-08-24 13:14:26					0.711683	0.15	YAWNING				
2026-08-24 13:14:26					0.711683	0.15	YAWNING				
2026-08-24 13:14:26					0.71843	0.15	YAWNING				
2026-08-24 13:14:26					0.705141	0.15	YAWNING				
2026-08-24 13:14:26					0.705141	0.15	YAWNING				
2026-08-24 13:14:26					0.722848	0.15	YAWNING				
2026-08-24 13:14:26					0.700073	0.15	YAWNING				
2026-08-24 13:14:26					0.700073	0.15	YAWNING				
2026-08-24 13:14:27					0.746939	0.15	YAWNING				
2026-08-24 13:14:27					0.762279	0.15	YAWNING				
2026-08-24 13:14:27					0.762279	0.15	YAWNING				
2026-08-24 13:14:27					0.783276	0.15	YAWNING				
2026-08-24 13:14:27					0.788461	0.15	YAWNING				
2026-08-24 13:14:27					0.788461	0.15	YAWNING				
2026-08-24 13:14:27					0.784579	0.15	YAWNING				
2026-08-24 13:14:27					0.797851	0.15	YAWNING				
2026-08-24 13:14:27					0.797851	0.15	YAWNING				
2026-08-24 13:14:27					0.80154	0.15	YAWNING				
2026-08-24 13:14:27					0.793276	0.15	YAWNING				
2026-08-24 13:14:27					0.793276	0.15	YAWNING				
2026-08-24 13:14:27					0.756662	0.15	YAWNING				
2026-08-24 13:14:27					0.730004	0.15	YAWNING				
2026-08-24 13:14:27					0.730004	0.15	YAWNING				
2026-08-24 13:14:27					0.717954	0.15	YAWNING				
2026-08-24 13:14:27					0.698084	0.15	YAWNING				
2026-08-24 13:14:27					0.698084	0.15	YAWNING				
2026-08-24 13:14:27					0.68964	0.15	YAWNING				
2026-08-24 13:14:27					0.682319	0.15	YAWNING				
2026-08-24 13:14:27					0.682319	0.15	YAWNING				
2026-08-24 13:14:27					0.684853	0.15	YAWNING				
2026-08-24 13:14:27					0.704224	0.15	YAWNING				
2026-08-24 13:14:27					0.704224	0.15	YAWNING				
2026-08-24 13:14:27					0.710197	0.15	YAWNING				
2026-08-24 13:14:27					0.734299	0.15	YAWNING				
2026-08-24 13:14:27					0.734299	0.15	YAWNING				
2026-08-24 13:14:27					0.755727	0.15	YAWNING				
2026-08-24 13:14:27					0.783834	0.15	YAWNING				
2026-08-24 13:14:27					0.783834	0.15	YAWNING				
2026-08-24 13:14:28					0.804255	0.15	YAWNING				
2026-08-24 13:14:28					0.841631	0.15	YAWNING				
2026-08-24 13:14:28					0.841631	0.15	YAWNING				
2026-08-24 13:14:28					0.84301	0.15	YAWNING				
2026-08-24 13:14:28					0.846925	0.15	YAWNING				
2026-08-24 13:14:28					0.846925	0.15	YAWNING				
2026-08-24 13:14:28					0.843544	0.15	YAWNING				
2026-08-24 13:14:28					0.828959	0.15	YAWNING				
2026-08-24 13:14:28					0.828959	0.15	YAWNING				
2026-08-24 13:14:28					0.823784	0.15	YAWNING				
2026-08-24 13:14:28					0.833698	0.15	YAWNING				
2026-08-24 13:14:28					0.833698	0.15	YAWNING				
2026-08-24 13:14:28					0.831997	0.15	YAWNING				
2026-08-24 13:14:28					0.848999	0.15	YAWNING				
2026-08-24 13:14:28					0.848999	0.15	YAWNING				
2026-08-24 13:14:28					0.815701	0.15	YAWNING				
2026-08-24 13:14:28					0.706832	0.15	YAWNING				
2026-08-24 13:14:28					0.706832	0.15	YAWNING				
2026-08-24 13:14:28					0.657752	0.15	YAWNING				
2026-08-24 13:14:28					0.552878	0.15	YAWNING				
2026-08-24 13:14:28					0.552878	0.15	YAWNING				
2026-08-24 13:14:28					0.48854	0.15	YAWNING				
2026-08-24 13:14:28					0.489692	0.15	YAWNING				
2026-08-24 13:14:28					0.489692	0.15	YAWNING				
2026-08-24 13:14:28					0.500702	0.15	YAWNING				
2026-08-24 13:14:28					0.505403	0.15	YAWNING				
2026-08-24 13:14:28					0.505403	0.15	YAWNING				
2026-08-24 13:14:28					0.509876	0.15	YAWNING				
2026-08-24 13:14:28					0.507594	0.15	YAWNING				
2026-08-24 13:14:28					0.507594	0.15	YAWNING				
2026-08-24 13:14:29					0.49626	0.15	YAWNING				
2026-08-24 13:14:29					0.466923	0.15	YAWNING				
2026-08-24 13:14:29					0.466923	0.15	YAWNING				
2026-08-24 13:14:29					0.451761	0.15	YAWNING				
2026-08-24 13:14:29					0.436494	0.15	YAWNING				
2026-08-24 13:14:29					0.436494	0.15	YAWNING				
2026-08-24 13:14:29					0.41328	0.15	YAWNING				
2026-08-24 13:14:29					0.41328	0.15	YAWNING				
2026-08-24 13:14:29					0.414982	0.15	YAWNING				
2026-08-24 13:14:29					0.41021	0.15	YAWNING				
2026-08-24 13:14:29					0.404674	0.15	YAWNING				
2026-08-24 13:14:29					0.404674	0.15	YAWNING				
2026-08-24 13:14:29					0.387933	0.15	YAWNING				
2026-08-24 13:14:29					0.37738	0.15	YAWNING				
2026-08-24 13:14:29					0.37738	0.15	YAWNING				
2026-08-31 11:20:20	0.2849	0.2338	0.2594	PARTIALLY CLOSED	0.0032		NO YAWN	0.0			NORMAL
2026-08-31 11:20:21	0.3179	0.2659	0.2919	PARTIALLY CLOSED	0.0091		NO YAWN	6.25			NORMAL
2026-08-31 11:20:22	0.3503	0.2968	0.3235	EYES OPEN	0.0065		NO YAWN	3.17			NORMAL
2026-08-31 11:20:23	0.2977	0.245	0.2713	PARTIALLY CLOSED	0.0082		NO YAWN	6.38			NORMAL
2026-08-31 11:20:24	0.1403	0.069	0.1046	EYES CLOSED	0.0069		NO YAWN	12.9			EYES CLOSED
2026-08-31 11:20:25	0.2767	0.2261	0.2514	PARTIALLY CLOSED	0.0126		NO YAWN	16.13			NORMAL
2026-08-31 11:20:26	0.3452	0.2944	0.3198	EYES OPEN	0.0065		NO YAWN	13.51			NORMAL
2026-08-31 11:20:27	0.2513	0.2047	0.228	PARTIALLY CLOSED	0.0104		NO YAWN	11.57			NORMAL
2026-08-31 11:20:28	0.1657	0.1559	0.1608	EYES CLOSED	0.0113		NO YAWN	12.6			EYES CLOSED
2026-08-31 11:20:30	0.3073	0.2821	0.2947	PARTIALLY CLOSED	0.21		NO YAWN	11.19			NORMAL
2026-08-31 11:20:31	0.3286	0.2906	0.3096	EYES OPEN	0.6401		YAWNING	10.1			YAWNING DETECTED
2026-08-31 11:20:32	0.317	0.2647	0.2909	PARTIALLY CLOSED	0.6969		YAWNING	9.2			YAWNING DETECTED
2026-08-31 11:20:33	0.2991	0.2611	0.2801	PARTIALLY CLOSED	0.592		NO YAWN	8.42			NORMAL
2026-08-31 11:20:34	0.3082	0.2655	0.2868	PARTIALLY CLOSED	0.6025		YAWNING	7.79			YAWNING DETECTED
2026-08-31 11:20:35	0.3079	0.2694	0.2887	PARTIALLY CLOSED	0.5426		NO YAWN	7.23			NORMAL
2026-08-31 11:20:36	0.3141	0.2708	0.2925	PARTIALLY CLOSED	0.4851		NO YAWN	6.74			NORMAL
2026-08-31 11:20:37	0.2999	0.2569	0.2784	PARTIALLY CLOSED	0.6395		YAWNING	7.33			YAWNING DETECTED
2026-08-31 11:20:38	0.2959	0.2301	0.263	PARTIALLY CLOSED	0.0123		NO YAWN	6.91			NORMAL
2026-08-31 11:20:39	0.2861	0.2059	0.246	PARTIALLY CLOSED	0.0182		NO YAWN	6.53			NORMAL
2026-08-31 11:20:40	0.298	0.2118	0.2549	PARTIALLY CLOSED	0.019		NO YAWN	6.19			NORMAL
2026-08-31 11:20:41	0.2624	0.2217	0.2421	PARTIALLY CLOSED	0.0047		NO YAWN	9.95			NORMAL
2026-08-31 11:25:41	0.3068	0.3105	0.3087	EYES OPEN	315.16		YAWNING	0.0			YAWNING DETECTED
2026-08-31 11:25:42	0.1489	0.093	0.121	EYES CLOSED	289.8		YAWNING	6.25			EYES CLOSED
2026-08-31 11:25:43	0.3532	0.3014	0.3273	EYES OPEN	323.16		YAWNING	4.84			YAWNING DETECTED
2026-08-31 11:25:44	0.3518	0.3009	0.3263	EYES OPEN	324.05		YAWNING	3.26			YAWNING DETECTED
2026-08-31 11:25:45	0.3281	0.2785	0.3033	EYES OPEN	320.23		YAWNING	2.46			YAWNING DETECTED
2026-08-31 11:25:46	0.3558	0.3153	0.3355	EYES OPEN	374.61		YAWNING	1.96			YAWNING DETECTED
2026-08-31 11:25:47	0.3684	0.3234	0.3459	EYES OPEN	573.47		YAWNING	1.64			YAWNING DETECTED
2026-08-31 11:25:48	0.2432	0.2153	0.2292	PARTIALLY CLOSED	526.13		YAWNING	1.4			YAWNING DETECTED
2026-08-31 11:25:49	0.2408	0.2113	0.2261	PARTIALLY CLOSED	347.91		YAWNING	3.69			YAWNING DETECTED
2026-08-31 11:25:50	0.2324	0.2183	0.2253	PARTIALLY CLOSED	312.79		YAWNING	3.27			YAWNING DETECTED
2026-08-31 11:25:51	0.2421	0.2176	0.2298	PARTIALLY CLOSED	315.46		YAWNING	2.95			YAWNING DETECTED
2026-08-31 11:25:52	0.2476	0.2299	0.2387	PARTIALLY CLOSED	325.27		YAWNING	2.68			YAWNING DETECTED
2026-08-31 11:25:53	0.2305	0.2171	0.2238	PARTIALLY CLOSED	329.36		YAWNING	4.64			YAWNING DETECTED
2026-08-31 11:25:54	0.2509	0.2372	0.244	PARTIALLY CLOSED	330.04		YAWNING	4.28			YAWNING DETECTED
2026-08-31 11:25:55	0.2583	0.2353	0.2468	PARTIALLY CLOSED	425.95		YAWNING	3.97			YAWNING DETECTED
2026-08-31 11:25:56	0.102	0.0682	0.0851	EYES CLOSED	235.05		YAWNING	4.79			EYES CLOSED
2026-08-31 11:25:57	0.239	0.2329	0.236	PARTIALLY CLOSED	268.08		YAWNING	4.9			YAWNING DETECTED
2026-08-31 11:25:58	0.1645	0.0913	0.1279	EYES CLOSED	302.68		YAWNING	5.95			EYES CLOSED
			0.25	PARTIALLY CLOSED	0.641		NORMAL	2.579	0.0		WARNING
			0.2473	PARTIALLY CLOSED	0.711		NORMAL	2.8655	0.0		WARNING
			0.2509	PARTIALLY CLOSED	0.725		NORMAL	2.858	0.0		WARNING
			0.2529	PARTIALLY CLOSED	0.739		NORMAL	2.8606	0.0		WARNING
			0.2563	PARTIALLY CLOSED	0.769		NORMAL	2.9954	0.0		WARNING
			0.0628	EYES CLOSED	0.821		NORMAL	3.1265	16.67		DROWSY
			0.0493	EYES CLOSED	0.847		NORMAL	3.2018	28.57		DROWSY
			0.0418	EYES CLOSED	0.882		NORMAL	3.2989	37.5		DROWSY
			0.0355	EYES CLOSED	0.91		NORMAL	3.5469	44.44		DROWSY
			0.1005	EYES CLOSED	0.931		NORMAL	3.5521	50.0		DROWSY
			0.1838	EYES CLOSED	0.981		NORMAL	3.5025	54.55		DROWSY
			0.2019	PARTIALLY CLOSED	1.003		NORMAL	3.4382	50.0		WARNING
			0.2426	PARTIALLY CLOSED	1.035		NORMAL	3.2965	46.15		WARNING
			0.2727	PARTIALLY CLOSED	1.076		NORMAL	3.042	42.86		WARNING
			0.2828	PARTIALLY CLOSED	1.122		NORMAL	2.9491	40.0		WARNING
			0.284	PARTIALLY CLOSED	1.141		NORMAL	2.935	37.5		WARNING
			0.2925	PARTIALLY CLOSED	1.171		NORMAL	2.9425	35.29		WARNING
			0.3016	EYES OPEN	1.218		NORMAL	2.9171	33.33		ALERT
			0.3027	EYES OPEN	1.234		NORMAL	2.898	31.58		ALERT
			0.3026	EYES OPEN	1.286		NORMAL	2.8261	30.0		ALERT
			0.3036	EYES OPEN	1.311		NORMAL	2.7766	28.57		ALERT
			0.305	EYES OPEN	1.342		NORMAL	2.8081	27.27		ALERT
			0.3061	EYES OPEN	1.379		NORMAL	2.977	26.09		ALERT
			0.3069	EYES OPEN	1.404		NORMAL	3.0557	25.0		ALERT
			0.3058	EYES OPEN	1.435		NORMAL	3.1017	24.0		ALERT
			0.3059	EYES OPEN	1.475		NORMAL	3.0675	23.08		ALERT
			0.3054	EYES OPEN	1.527		NORMAL	3.0356	22.22		ALERT
			0.305	EYES OPEN	1.544		NORMAL	2.9934	21.43		ALERT
			0.3044	EYES OPEN	1.571		NORMAL	2.9978	20.69		ALERT
			0.304	EYES OPEN	1.605		NORMAL	2.9874	20.0		ALERT
			0.3037	EYES OPEN	1.635		NORMAL	2.9797	19.35		ALERT
			0.304	EYES OPEN	1.684		NORMAL	3.0133	18.75		ALERT
			0.3041	EYES OPEN	1.698		NORMAL	3.0324	18.18		ALERT
			0.3053	EYES OPEN	1.73		NORMAL	3.1704	17.65		ALERT
			0.3049	EYES OPEN	1.778		NORMAL	3.2869	17.14		ALERT
			0.3052	EYES OPEN	1.791		NORMAL	3.3036	16.67		ALERT
			0.3064	EYES OPEN	1.826		NORMAL	3.3631	16.22		ALERT
			0.3065	EYES OPEN	1.876		NORMAL	3.3827	15.79		ALERT
			0.3059	EYES OPEN	1.924		NORMAL	3.3547	15.38		ALERT
			0.3062	EYES OPEN	1.946		NORMAL	3.3485	15.0		ALERT
			0.3051	EYES OPEN	1.973		NORMAL	3.3182	14.63		ALERT
			0.3038	EYES OPEN	2.008		NORMAL	3.2517	14.29		ALERT
			0.3034	EYES OPEN	2.039		NORMAL	3.6332	13.95		ALERT
			0.3098	EYES OPEN	2.083		NORMAL	5.2896	13.64		ALERT
			0.3106	EYES OPEN	2.103		NORMAL	5.7511	13.33		ALERT
			0.3135	EYES OPEN	2.133		NORMAL	5.3999	13.04		ALERT
			0.3194	EYES OPEN	2.179		NORMAL	3.8468	12.77		ALERT
			0.3141	EYES OPEN	2.212		NORMAL	3.7041	12.5		ALERT
			0.3176	EYES OPEN	2.226		NORMAL	4.0183	12.24		ALERT
			0.3166	EYES OPEN	2.274		NORMAL	3.055	12.0		ALERT
			0.308	EYES OPEN	2.325		NORMAL	2.4467	11.76		ALERT
			0.3034	EYES OPEN	2.352		NORMAL	2.4709	11.54		ALERT
			0.2909	PARTIALLY CLOSED	2.388		NORMAL	2.5155	11.32		WARNING
			0.2865	PARTIALLY CLOSED	2.401		NORMAL	2.336	11.11		WARNING
			0.2687	PARTIALLY CLOSED	2.438		NORMAL	2.0845	10.91		WARNING
			0.245	PARTIALLY CLOSED	2.483		NORMAL	2.1346	10.71		WARNING
			0.2372	PARTIALLY CLOSED	2.51		NORMAL	2.197	10.53		WARNING
			0.2225	PARTIALLY CLOSED	2.535		NORMAL	2.0279	10.34		WARNING
			0.224	PARTIALLY CLOSED	2.579		NORMAL	2.1893	10.17		WARNING
			0.2239	PARTIALLY CLOSED	2.603		NORMAL	2.3444	10.0		WARNING
			0.2242	PARTIALLY CLOSED	2.634		NORMAL	2.428	9.84		WARNING
			0.2128	PARTIALLY CLOSED	2.679		NORMAL	2.3331	9.68		WARNING
			0.2284	PARTIALLY CLOSED	2.722		NORMAL	2.1374	9.52		WARNING
			0.2365	PARTIALLY CLOSED	2.744		NORMAL	1.6449	9.38		WARNING
			0.2221	PARTIALLY CLOSED	2.787		NORMAL	2.2573	9.23		WARNING
			0.2321	PARTIALLY CLOSED	2.807		NORMAL	2.0361	9.09		WARNING
			0.2243	PARTIALLY CLOSED	2.836		NORMAL	3.1023	8.96		WARNING
			0.2271	PARTIALLY CLOSED	2.887		NORMAL	2.0849	8.82		WARNING
			0.2389	PARTIALLY CLOSED	2.914		NORMAL	1.8447	8.7		WARNING
			0.2403	PARTIALLY CLOSED	2.931		NORMAL	2.1811	8.57		WARNING
			0.2622	PARTIALLY CLOSED	2.979		NORMAL	2.5446	8.45		WARNING
			0.2768	PARTIALLY CLOSED	3.006		NORMAL	2.8044	8.33		WARNING
			0.2879	PARTIALLY CLOSED	3.027		NORMAL	2.5888	8.22		WARNING
			0.2743	PARTIALLY CLOSED	3.077		NORMAL	2.1083	8.11		WARNING
			0.2731	PARTIALLY CLOSED	3.098		NORMAL	2.2235	8.0		WARNING
			0.2636	PARTIALLY CLOSED	3.141		NORMAL	1.9182	7.89		WARNING
			0.2616	PARTIALLY CLOSED	3.189		NORMAL	2.277	7.79		WARNING
			0.2668	PARTIALLY CLOSED	3.224		NORMAL	2.1444	7.69		WARNING
			0.2628	PARTIALLY CLOSED	3.254		NORMAL	1.5303	7.59		WARNING
			0.2781	PARTIALLY CLOSED	3.282		NORMAL	2.3942	7.5		WARNING
			0.2811	PARTIALLY CLOSED	3.3		NORMAL	2.2782	7.41		WARNING
			0.2882	PARTIALLY CLOSED	3.331		NORMAL	1.9448	7.32		WARNING
			0.2755	PARTIALLY CLOSED	3.379		NORMAL	1.8329	7.23		WARNING
			0.2777	PARTIALLY CLOSED	3.394		NORMAL	1.9603	7.14		WARNING
			0.1266	EYES CLOSED	3.428		NORMAL	2.3391	8.24		DROWSY
			0.152	EYES CLOSED	3.476		NORMAL	2.4103	9.3		DROWSY
			0.1571	EYES CLOSED	3.503		NORMAL	2.6119	10.34		DROWSY
			0.1946	EYES CLOSED	3.539		NORMAL	2.9779	11.36		DROWSY
			0.2361	PARTIALLY CLOSED	3.587		NORMAL	1.7312	11.24		WARNING
			0.2534	PARTIALLY CLOSED	3.611		NORMAL	1.8111	11.11		WARNING
			0.3049	EYES OPEN	3.642		NORMAL	1.3494	10.99		ALERT
			0.3166	EYES OPEN	3.684		NORMAL	1.2702	10.87		ALERT
			0.3182	EYES OPEN	3.704		NORMAL	1.2771	10.75		ALERT
			0.3362	EYES OPEN	3.731		NORMAL	1.0799	10.64		ALERT
			0.335	EYES OPEN	3.778		NORMAL	1.435	10.53		ALERT
			0.3272	EYES OPEN	3.797		NORMAL	1.2042	10.42		ALERT
			0.3086	EYES OPEN	3.825		NORMAL	1.7055	10.31		ALERT
			0.3117	EYES OPEN	3.89		NORMAL	2.4869	10.2		ALERT
			0.3102	EYES OPEN	3.906		NORMAL	1.9835	10.1		ALERT
			0.3072	EYES OPEN	3.94		NORMAL	2.8109	10.0		ALERT
			0.3138	EYES OPEN	3.988		NORMAL	3.5046	9.9		ALERT
			0.3081	EYES OPEN	4.017		NORMAL	3.3113	9.8		ALERT
			0.3015	EYES OPEN	4.034		NORMAL	3.0799	9.71		ALERT
			0.3004	EYES OPEN	4.085		NORMAL	15.4813	9.62		ALERT
			0.3002	EYES OPEN	4.11		NORMAL	12.7207	9.52		ALERT
			0.3016	EYES OPEN	4.131		NORMAL	16.6231	9.43		ALERT
			0.3043	EYES OPEN	4.181		YAWNING	53.0153	9.35		YAWNING DETECTED
			0.3059	EYES OPEN	4.204		YAWNING	55.7428	9.26		YAWNING DETECTED
			0.3055	EYES OPEN	4.235		YAWNING	62.2935	9.17		YAWNING DETECTED
			0.2994	PARTIALLY CLOSED	4.29		YAWNING	83.5834	9.09		YAWNING DETECTED
			0.2966	PARTIALLY CLOSED	4.312		YAWNING	84.2458	9.01		YAWNING DETECTED
			0.3059	EYES OPEN	4.338		YAWNING	102.4482	8.93		YAWNING DETECTED
			0.2995	PARTIALLY CLOSED	4.388		YAWNING	121.1378	8.85		YAWNING DETECTED
			0.3004	EYES OPEN	4.421		YAWNING	121.4671	8.77		YAWNING DETECTED
			0.3009	EYES OPEN	4.452		YAWNING	126.3441	8.7		YAWNING DETECTED
			0.3007	EYES OPEN	4.483		YAWNING	138.1601	8.62		YAWNING DETECTED
			0.3025	EYES OPEN	4.515		YAWNING	144.4957	8.55		YAWNING DETECTED
			0.3034	EYES OPEN	4.546		YAWNING	156.6489	8.47		YAWNING DETECTED
			0.3037	EYES OPEN	4.579		YAWNING	162.9157	8.4		YAWNING DETECTED
			0.3018	EYES OPEN	4.608		YAWNING	163.0686	8.33		YAWNING DETECTED
			0.3051	EYES OPEN	4.642		YAWNING	171.9145	8.26		YAWNING DETECTED
			0.3105	EYES OPEN	4.691		YAWNING	180.3868	8.2		YAWNING DETECTED
			0.312	EYES OPEN	4.716		YAWNING	182.6837	8.13		YAWNING DETECTED
			0.3114	EYES OPEN	4.739		YAWNING	182.4224	8.06		YAWNING DETECTED
			0.3118	EYES OPEN	4.787		YAWNING	182.2818	8.0		YAWNING DETECTED
			0.3131	EYES OPEN	4.81		YAWNING	182.067	7.94		YAWNING DETECTED
			0.3131	EYES OPEN	4.834		YAWNING	183.9167	7.87		YAWNING DETECTED
			0.314	EYES OPEN	4.884		YAWNING	183.4854	7.81		YAWNING DETECTED
			0.3143	EYES OPEN	4.903		YAWNING	183.1824	7.75		YAWNING DETECTED
			0.3145	EYES OPEN	4.934		YAWNING	186.3872	7.69		YAWNING DETECTED
			0.3121	EYES OPEN	4.98		YAWNING	186.9333	7.63		YAWNING DETECTED
			0.3119	EYES OPEN	4.995		YAWNING	187.5506	7.58		YAWNING DETECTED
			0.3137	EYES OPEN	5.042		YAWNING	193.3736	7.52		YAWNING DETECTED
			0.0899	EYES CLOSED	5.09		YAWNING	196.8752	8.21		DROWSY
			0.0553	EYES CLOSED	5.104		YAWNING	197.2429	8.89		DROWSY
			0.0652	EYES CLOSED	5.14		YAWNING	188.4586	9.56		DROWSY
			0.1024	EYES CLOSED	5.188		YAWNING	159.4317	10.22		DROWSY
			0.1105	EYES CLOSED	5.213		YAWNING	153.8131	10.87		DROWSY
			0.1642	EYES CLOSED	5.244		YAWNING	136.3898	11.51		DROWSY
			0.2303	PARTIALLY CLOSED	5.284		YAWNING	113.7273	11.43		YAWNING DETECTED
			0.2521	PARTIALLY CLOSED	5.307		YAWNING	108.1915	11.35		YAWNING DETECTED
			0.2671	PARTIALLY CLOSED	5.331		YAWNING	93.3779	11.27		YAWNING DETECTED
			0.2771	PARTIALLY CLOSED	5.354		YAWNING	89.3285	11.19		YAWNING DETECTED
			0.2834	PARTIALLY CLOSED	5.394		YAWNING	68.1903	11.11		YAWNING DETECTED
			0.2977	PARTIALLY CLOSED	5.442		YAWNING	51.1408	11.03		YAWNING DETECTED
			0.3037	EYES OPEN	5.491		YAWNING	41.3142	10.96		YAWNING DETECTED
			0.303	EYES OPEN	5.508		YAWNING	37.8905	10.88		YAWNING DETECTED
			0.3019	EYES OPEN	5.539		YAWNING	20.6264	10.81		YAWNING DETECTED
			0.3074	EYES OPEN	5.586		NORMAL	10.6382	10.74		ALERT
			0.308	EYES OPEN	5.601		NORMAL	10.119	10.67		ALERT
			0.3054	EYES OPEN	5.637		NORMAL	2.5493	10.6		ALERT
			0.3053	EYES OPEN	5.682		NORMAL	2.481	10.53		ALERT
			0.3063	EYES OPEN	5.708		NORMAL	2.1457	10.46		ALERT
			0.3059	EYES OPEN	5.739		NORMAL	3.6571	10.39		ALERT
			0.3019	EYES OPEN	5.77		NORMAL	2.5964	10.32		ALERT
			0.2912	PARTIALLY CLOSED	5.802		NORMAL	2.7843	10.26		WARNING
			0.2835	PARTIALLY CLOSED	5.845		NORMAL	2.7366	10.19		WARNING
			0.2641	PARTIALLY CLOSED	5.89		NORMAL	2.6135	10.13		WARNING
			0.2686	PARTIALLY CLOSED	5.91		NORMAL	2.51	10.06		WARNING
			0.2631	PARTIALLY CLOSED	5.938		NORMAL	2.2596	10.0		WARNING
			0.2691	PARTIALLY CLOSED	5.988		NORMAL	2.8032	9.94		WARNING
			0.2691	PARTIALLY CLOSED	6.005		NORMAL	2.7254	9.88		WARNING
			0.2659	PARTIALLY CLOSED	6.037		NORMAL	2.3167	9.82		WARNING
			0.2535	PARTIALLY CLOSED	6.084		NORMAL	2.2517	9.76		WARNING
			0.2552	PARTIALLY CLOSED	6.114		NORMAL	2.1806	9.7		WARNING
			0.2569	PARTIALLY CLOSED	6.148		NORMAL	2.0714	9.64		WARNING
			0.2575	PARTIALLY CLOSED	6.175		NORMAL	2.7708	9.58		WARNING
			0.2603	PARTIALLY CLOSED	6.206		NORMAL	1.6666	9.52		WARNING
			0.2487	PARTIALLY CLOSED	6.243		NORMAL	1.6678	9.47		WARNING
			0.2684	PARTIALLY CLOSED	6.292		NORMAL	1.0738	9.41		WARNING
			0.2665	PARTIALLY CLOSED	6.316		NORMAL	1.3795	9.36		WARNING
			0.2613	PARTIALLY CLOSED	6.338		NORMAL	1.1495	9.3		WARNING
			0.2605	PARTIALLY CLOSED	6.387		NORMAL	1.8941	9.25		WARNING
			0.2624	PARTIALLY CLOSED	6.41		NORMAL	1.5578	9.2		WARNING
			0.2473	PARTIALLY CLOSED	6.435		NORMAL	2.3157	9.14		WARNING
			0.2498	PARTIALLY CLOSED	6.485		NORMAL	2.1636	9.09		WARNING
			0.2521	PARTIALLY CLOSED	6.503		NORMAL	2.0021	9.04		WARNING
			0.2779	PARTIALLY CLOSED	6.546		NORMAL	2.958	8.99		WARNING
			0.2846	PARTIALLY CLOSED	6.563		NORMAL	3.3041	8.94		WARNING
			0.279	PARTIALLY CLOSED	6.598		NORMAL	8.3254	8.89		WARNING
			0.2671	PARTIALLY CLOSED	6.642		NORMAL	3.2907	8.84		WARNING
			0.2589	PARTIALLY CLOSED	6.692		NORMAL	2.9641	8.79		WARNING
			0.2571	PARTIALLY CLOSED	6.719		NORMAL	2.5233	8.74		WARNING
			0.2612	PARTIALLY CLOSED	6.75		NORMAL	2.5101	8.7		WARNING
			0.2622	PARTIALLY CLOSED	6.788		NORMAL	3.3775	8.65		WARNING
			0.2618	PARTIALLY CLOSED	6.812		NORMAL	3.3001	8.6		WARNING
			0.2602	PARTIALLY CLOSED	6.837		NORMAL	2.72	8.56		WARNING
			0.2632	PARTIALLY CLOSED	6.864		NORMAL	2.476	8.51		WARNING
			0.2632	PARTIALLY CLOSED	6.901		NORMAL	1.7492	8.47		WARNING
			0.2739	PARTIALLY CLOSED	6.946		NORMAL	1.6434	8.42		WARNING
			0.2662	PARTIALLY CLOSED	6.967		NORMAL	1.9359	8.38		WARNING
			0.2637	PARTIALLY CLOSED	6.994		NORMAL	3.5336	8.33		WARNING
			0.2673	PARTIALLY CLOSED	7.043		NORMAL	3.5431	8.29		WARNING
			0.2578	PARTIALLY CLOSED	7.089		NORMAL	5.265	8.25		WARNING
			0.2555	PARTIALLY CLOSED	7.107		NORMAL	5.1189	8.21		WARNING
			0.2683	PARTIALLY CLOSED	7.141		NORMAL	2.7836	8.16		WARNING
			0.2748	PARTIALLY CLOSED	7.189		NORMAL	2.4939	8.12		WARNING
			0.2742	PARTIALLY CLOSED	7.216		NORMAL	2.3352	8.08		WARNING
			0.2832	PARTIALLY CLOSED	7.235		NORMAL	2.3567	8.04		WARNING
			0.2858	PARTIALLY CLOSED	7.263		NORMAL	2.8558	8.0		WARNING
			0.2678	PARTIALLY CLOSED	7.298		NORMAL	2.6085	7.96		WARNING
			0.2739	PARTIALLY CLOSED	7.345		NORMAL	2.6984	7.92		WARNING
			0.2716	PARTIALLY CLOSED	7.372		NORMAL	2.8701	7.88		WARNING
			0.3289	EYES OPEN	7.394		NORMAL	8.4004	7.84		ALERT
			0.0	NO FACE	7.442		NO FACE	0.0	7.84		NO FACE
			0.3437	EYES OPEN	7.489		NORMAL	6.6639	7.8		ALERT
			0.3183	EYES OPEN	7.512		NORMAL	7.2	7.77		ALERT
			0.3418	EYES OPEN	7.538		NORMAL	1.0969	7.73		ALERT
			0.3428	EYES OPEN	7.587		NORMAL	2.5308	7.69		ALERT
			0.3292	EYES OPEN	7.607		NORMAL	1.6642	7.66		ALERT
			0.3505	EYES OPEN	7.653		NORMAL	2.5946	7.62		ALERT
			0.355	EYES OPEN	7.683		NORMAL	2.4227	7.58		ALERT
			0.347	EYES OPEN	7.699		NORMAL	2.7727	7.55		ALERT
			0.3647	EYES OPEN	7.747		NORMAL	2.7695	7.51		ALERT
			0.3609	EYES OPEN	7.761		NORMAL	2.2893	7.48		ALERT
			0.3498	EYES OPEN	7.796		NORMAL	1.2773	7.44		ALERT
			0.3595	EYES OPEN	7.844		NORMAL	1.8263	7.41		ALERT
			0.3833	EYES OPEN	7.893		NORMAL	1.9386	7.37		ALERT
			0.3807	EYES OPEN	7.916		NORMAL	1.6779	7.34		ALERT
			0.4101	EYES OPEN	7.938		NORMAL	3.3225	7.31		ALERT
			0.3913	EYES OPEN	7.985		NORMAL	3.4081	7.27		ALERT
			0.3829	EYES OPEN	8.01		NORMAL	3.0996	7.24		ALERT
			0.3614	EYES OPEN	8.053		NORMAL	2.8101	7.21		ALERT
			0.3622	EYES OPEN	8.088		NORMAL	2.8533	7.17		ALERT
			0.3557	EYES OPEN	8.119		NORMAL	2.5199	7.14		ALERT
			0.3617	EYES OPEN	8.149		NORMAL	2.0771	7.11		ALERT
			0.3659	EYES OPEN	8.18		NORMAL	2.072	7.08		ALERT
			0.3624	EYES OPEN	8.196		NORMAL	1.9671	7.05		ALERT
			0.2171	PARTIALLY CLOSED	8.242		NORMAL	1.9171	7.02		WARNING
			0.1747	EYES CLOSED	8.291		NORMAL	2.2149	7.42		DROWSY
			0.1651	EYES CLOSED	8.32		NORMAL	2.2295	7.83		DROWSY
			0.2246	PARTIALLY CLOSED	8.338		NORMAL	1.5717	7.79		WARNING
			0.2603	PARTIALLY CLOSED	8.367		NORMAL	1.7589	7.76		WARNING
			0.2883	PARTIALLY CLOSED	8.404		NORMAL	1.4665	7.73		WARNING
			0.311	EYES OPEN	8.451		NORMAL	1.3141	7.69		ALERT
			0.3199	EYES OPEN	8.474		NORMAL	1.2951	7.66		ALERT
			0.362	EYES OPEN	8.505		NORMAL	1.3473	7.63		ALERT
			0.3663	EYES OPEN	8.548		NORMAL	1.6196	7.59		ALERT
			0.3687	EYES OPEN	8.568		NORMAL	1.8755	7.56		ALERT
			0.371	EYES OPEN	8.597		NORMAL	1.9565	7.53		ALERT
			0.3586	EYES OPEN	8.645		NORMAL	2.8862	7.5		ALERT
			0.3439	EYES OPEN	8.692		NORMAL	2.0597	7.47		ALERT
			0.3457	EYES OPEN	8.708		NORMAL	1.9975	7.44		ALERT
			0.3459	EYES OPEN	8.74		NORMAL	1.858	7.41		ALERT
			0.3469	EYES OPEN	8.771		NORMAL	1.8511	7.38		ALERT
			0.3428	EYES OPEN	8.802		NORMAL	1.7827	7.35		ALERT
			0.3517	EYES OPEN	8.852		NORMAL	1.7586	7.32		ALERT
			0.3549	EYES OPEN	8.879		NORMAL	2.3222	7.29		ALERT
			0.3534	EYES OPEN	8.91		NORMAL	2.3594	7.26		ALERT
			0.3476	EYES OPEN	8.947		NORMAL	2.3897	7.23		ALERT
			0.3458	EYES OPEN	8.971		NORMAL	2.4006	7.2		ALERT
			0.3468	EYES OPEN	8.994		NORMAL	2.5668	7.17		ALERT
			0.3426	EYES OPEN	9.042		NORMAL	2.9394	7.14		ALERT
			0.3397	EYES OPEN	9.09		NORMAL	4.2607	7.11		ALERT
			0.3398	EYES OPEN	9.111		NORMAL	4.7676	7.09		ALERT
			0.3364	EYES OPEN	9.154		NORMAL	2.945	7.06		ALERT
			0.3348	EYES OPEN	9.173		NORMAL	2.795	7.03		ALERT
			0.3345	EYES OPEN	9.203		NORMAL	2.4797	7.0		ALERT
			0.3311	EYES OPEN	9.252		NORMAL	2.5861	6.98		ALERT
			0.3318	EYES OPEN	9.281		NORMAL	2.5168	6.95		ALERT
			0.3313	EYES OPEN	9.311		NORMAL	3.0568	6.92		ALERT
			0.3353	EYES OPEN	9.346		NORMAL	5.409	6.9		ALERT
			0.3358	EYES OPEN	9.373		NORMAL	5.7607	6.87		ALERT
			0.3321	EYES OPEN	9.393		NORMAL	5.9115	6.84		ALERT
			0.3323	EYES OPEN	9.442		NORMAL	5.9829	6.82		ALERT
			0.3298	EYES OPEN	9.49		NORMAL	5.6777	6.79		ALERT
			0.3285	EYES OPEN	9.512		NORMAL	5.6427	6.77		ALERT
			0.3304	EYES OPEN	9.554		NORMAL	5.5276	6.74		ALERT
			0.3329	EYES OPEN	9.575		NORMAL	5.1264	6.72		ALERT
			0.3389	EYES OPEN	9.606		NORMAL	2.7005	6.69		ALERT
			0.3646	EYES OPEN	9.651		NORMAL	2.4199	6.67		ALERT
			0.3678	EYES OPEN	9.683		NORMAL	2.5953	6.64		ALERT
			0.3743	EYES OPEN	9.699		NORMAL	1.4519	6.62		ALERT
			0.3282	EYES OPEN	9.748		NORMAL	2.1197	6.59		ALERT
			0.3311	EYES OPEN	9.777		NORMAL	2.1036	6.57		ALERT
			0.3375	EYES OPEN	9.795		NORMAL	2.2714	6.55		ALERT
			0.3445	EYES OPEN	9.846		NORMAL	2.9421	6.52		ALERT
			0.3455	EYES OPEN	9.87		NORMAL	3.2922	6.5		ALERT
			0.3408	EYES OPEN	9.89		NORMAL	3.1359	6.47		ALERT
			0.3451	EYES OPEN	9.956		NORMAL	7.0132	6.45		ALERT
			0.3425	EYES OPEN	9.98		NORMAL	9.8788	6.43		ALERT
			0.3406	EYES OPEN	10.002		YAWNING	33.7502	6.41		YAWNING DETECTED
			0.3374	EYES OPEN	10.05		YAWNING	64.8658	6.38		YAWNING DETECTED
			0.3392	EYES OPEN	10.071		YAWNING	69.1922	6.36		YAWNING DETECTED
			0.3318	EYES OPEN	10.101		YAWNING	92.6534	6.34		YAWNING DETECTED
			0.3255	EYES OPEN	10.148		YAWNING	118.5807	6.32		YAWNING DETECTED
			0.321	EYES OPEN	10.18		YAWNING	121.9079	6.29		YAWNING DETECTED
			0.3214	EYES OPEN	10.21		YAWNING	134.3891	6.27		YAWNING DETECTED
			0.3216	EYES OPEN	10.244		YAWNING	145.3875	6.25		YAWNING DETECTED
			0.3203	EYES OPEN	10.271		YAWNING	146.2427	6.23		YAWNING DETECTED
			0.3215	EYES OPEN	10.311		YAWNING	150.0493	6.21		YAWNING DETECTED
			0.3186	EYES OPEN	10.354		YAWNING	152.2567	6.19		YAWNING DETECTED
			0.318	EYES OPEN	10.38		YAWNING	153.9666	6.16		YAWNING DETECTED
			0.3188	EYES OPEN	10.411		YAWNING	158.5842	6.14		YAWNING DETECTED
			0.3199	EYES OPEN	10.451		YAWNING	160.0173	6.12		YAWNING DETECTED
			0.32	EYES OPEN	10.473		YAWNING	159.3704	6.1		YAWNING DETECTED
			0.3219	EYES OPEN	10.504		YAWNING	159.1155	6.08		YAWNING DETECTED
			0.3232	EYES OPEN	10.55		YAWNING	159.2038	6.06		YAWNING DETECTED
			0.323	EYES OPEN	10.565		YAWNING	158.7021	6.04		YAWNING DETECTED
			0.3195	EYES OPEN	10.593		YAWNING	155.3146	6.02		YAWNING DETECTED
			0.3228	EYES OPEN	10.612		YAWNING	153.4744	6.0		YAWNING DETECTED
			0.3254	EYES OPEN	10.645		YAWNING	151.5031	5.98		YAWNING DETECTED
			0.3246	EYES OPEN	10.708		YAWNING	150.2677	5.96		YAWNING DETECTED
			0.3237	EYES OPEN	10.754		YAWNING	152.4792	5.94		YAWNING DETECTED
			0.3238	EYES OPEN	10.783		YAWNING	151.5331	5.92		YAWNING DETECTED
			0.3248	EYES OPEN	10.803		YAWNING	150.1227	5.9		YAWNING DETECTED
			0.3251	EYES OPEN	10.85		YAWNING	139.5518	5.88		YAWNING DETECTED
			0.3229	EYES OPEN	10.876		YAWNING	137.6795	5.86		YAWNING DETECTED
			0.3206	EYES OPEN	10.906		YAWNING	134.8842	5.84		YAWNING DETECTED
			0.3167	EYES OPEN	10.948		YAWNING	120.5059	5.83		YAWNING DETECTED
			0.3172	EYES OPEN	10.969		YAWNING	118.7674	5.81		YAWNING DETECTED
			0.3183	EYES OPEN	10.999		YAWNING	113.0837	5.79		YAWNING DETECTED
			0.3196	EYES OPEN	11.015		YAWNING	111.6776	5.77		YAWNING DETECTED
			0.3218	EYES OPEN	11.058		YAWNING	108.4531	5.75		YAWNING DETECTED
			0.3193	EYES OPEN	11.108		YAWNING	103.41	5.73		YAWNING DETECTED
			0.3183	EYES OPEN	11.157		YAWNING	96.5325	5.71		YAWNING DETECTED
			0.3172	EYES OPEN	11.185		YAWNING	95.4673	5.7		YAWNING DETECTED
			0.3143	EYES OPEN	11.216		YAWNING	93.0866	5.68		YAWNING DETECTED
			0.3135	EYES OPEN	11.252		YAWNING	88.9364	5.66		YAWNING DETECTED
			0.3133	EYES OPEN	11.279		YAWNING	87.482	5.64		YAWNING DETECTED
			0.3135	EYES OPEN	11.3		YAWNING	83.8346	5.62		YAWNING DETECTED
			0.3149	EYES OPEN	11.348		YAWNING	80.703	5.61		YAWNING DETECTED
			0.3161	EYES OPEN	11.372		YAWNING	78.4262	5.59		YAWNING DETECTED
			0.3142	EYES OPEN	11.403		YAWNING	75.1323	5.57		YAWNING DETECTED
			0.3154	EYES OPEN	11.435		YAWNING	74.0493	5.56		YAWNING DETECTED
			0.3161	EYES OPEN	11.46		YAWNING	69.9124	5.54		YAWNING DETECTED
			0.3172	EYES OPEN	11.506		YAWNING	65.7674	5.52		YAWNING DETECTED
			0.3187	EYES OPEN	11.556		YAWNING	64.8587	5.5		YAWNING DETECTED
			0.3188	EYES OPEN	11.573		YAWNING	64.4869	5.49		YAWNING DETECTED
			0.3177	EYES OPEN	11.603		YAWNING	64.1509	5.47		YAWNING DETECTED
			0.317	EYES OPEN	11.65		YAWNING	64.8652	5.45		YAWNING DETECTED
			0.3165	EYES OPEN	11.666		YAWNING	65.0536	5.44		YAWNING DETECTED
			0.3178	EYES OPEN	11.702		YAWNING	59.8229	5.42		YAWNING DETECTED
			0.3198	EYES OPEN	11.748		YAWNING	58.2677	5.41		YAWNING DETECTED
			0.3212	EYES OPEN	11.776		YAWNING	57.924	5.39		YAWNING DETECTED
			0.3218	EYES OPEN	11.81		YAWNING	55.8053	5.37		YAWNING DETECTED
			0.3223	EYES OPEN	11.838		YAWNING	55.1639	5.36		YAWNING DETECTED
			0.3189	EYES OPEN	11.868		YAWNING	54.7537	5.34		YAWNING DETECTED
			0.3148	EYES OPEN	11.907		YAWNING	54.3739	5.33		YAWNING DETECTED
			0.3109	EYES OPEN	11.955		YAWNING	53.1694	5.31		YAWNING DETECTED
			0.3098	EYES OPEN	11.978		YAWNING	52.5923	5.29		YAWNING DETECTED
			0.3115	EYES OPEN	12.003		YAWNING	52.5247	5.28		YAWNING DETECTED
			0.3122	EYES OPEN	12.051		YAWNING	51.9736	5.26		YAWNING DETECTED
			0.3114	EYES OPEN	12.071		YAWNING	51.1587	5.25		YAWNING DETECTED
			0.3115	EYES OPEN	12.1		YAWNING	50.5133	5.23		YAWNING DETECTED
			0.3138	EYES OPEN	12.133		YAWNING	50.671	5.22		YAWNING DETECTED
			0.3143	EYES OPEN	12.146		YAWNING	49.8338	5.2		YAWNING DETECTED
			0.3109	EYES OPEN	12.212		YAWNING	48.2321	5.19		YAWNING DETECTED
			0.3105	EYES OPEN	12.242		YAWNING	47.9034	5.17		YAWNING DETECTED
			0.3074	EYES OPEN	12.26		YAWNING	46.1967	5.16		YAWNING DETECTED
			0.3021	EYES OPEN	12.308		YAWNING	38.4243	5.14		YAWNING DETECTED
			0.3003	EYES OPEN	12.355		YAWNING	31.0522	5.13		YAWNING DETECTED
			0.2996	PARTIALLY CLOSED	12.384		YAWNING	28.4092	5.11		YAWNING DETECTED
			0.3005	EYES OPEN	12.414		YAWNING	25.5692	5.1		YAWNING DETECTED
			0.2987	PARTIALLY CLOSED	12.452		YAWNING	21.7667	5.08		YAWNING DETECTED
			0.2982	PARTIALLY CLOSED	12.477		YAWNING	21.2928	5.07		YAWNING DETECTED
			0.2993	PARTIALLY CLOSED	12.508		YAWNING	20.1988	5.06		YAWNING DETECTED
			0.2995	PARTIALLY CLOSED	12.524		NORMAL	19.981	5.04		WARNING
			0.3034	EYES OPEN	12.562		NORMAL	18.1741	5.03		ALERT
			0.3022	EYES OPEN	12.61		NORMAL	18.9814	5.01		ALERT
			0.3035	EYES OPEN	12.63		NORMAL	19.284	5.0		ALERT
			0.3079	EYES OPEN	12.658		NORMAL	15.9353	4.99		ALERT
			0.3064	EYES OPEN	12.706		NORMAL	14.6928	4.97		ALERT
			0.3056	EYES OPEN	12.757		NORMAL	13.4392	4.96		ALERT
			0.3055	EYES OPEN	12.787		NORMAL	13.6777	4.95		ALERT
			0.3056	EYES OPEN	12.817		NORMAL	12.438	4.93		ALERT
			0.3057	EYES OPEN	12.852		NORMAL	11.8712	4.92		ALERT
			0.306	EYES OPEN	12.864		NORMAL	11.7366	4.9		ALERT
			0.3054	EYES OPEN	12.9		NORMAL	11.7165	4.89		ALERT
			0.3053	EYES OPEN	12.927		NORMAL	11.5784	4.88		ALERT
			0.3057	EYES OPEN	12.964		NORMAL	11.5229	4.86		ALERT
			0.3058	EYES OPEN	13.011		NORMAL	11.7957	4.85		ALERT
			0.3058	EYES OPEN	13.028		NORMAL	11.7267	4.84		ALERT
			0.3048	EYES OPEN	13.061		NORMAL	12.1619	4.83		ALERT
			0.3037	EYES OPEN	13.108		NORMAL	17.7503	4.81		ALERT
			0.3043	EYES OPEN	13.154		YAWNING	20.9619	4.8		YAWNING DETECTED
			0.3038	EYES OPEN	13.175		YAWNING	21.3301	4.79		YAWNING DETECTED
			0.3027	EYES OPEN	13.205		YAWNING	23.0798	4.77		YAWNING DETECTED
			0.3031	EYES OPEN	13.251		YAWNING	25.6217	4.76		YAWNING DETECTED
			0.3034	EYES OPEN	13.267		YAWNING	25.6912	4.75		YAWNING DETECTED
			0.304	EYES OPEN	13.315		YAWNING	26.6248	4.74		YAWNING DETECTED
			0.304	EYES OPEN	13.328		YAWNING	26.9909	4.72		YAWNING DETECTED
			0.3043	EYES OPEN	13.364		YAWNING	32.1724	4.71		YAWNING DETECTED
			0.306	EYES OPEN	13.412		YAWNING	32.5552	4.7		YAWNING DETECTED
			0.3072	EYES OPEN	13.436		YAWNING	33.3091	4.69		YAWNING DETECTED
			0.3075	EYES OPEN	13.458		YAWNING	34.1669	4.68		YAWNING DETECTED
			0.3065	EYES OPEN	13.508		YAWNING	34.6185	4.66		YAWNING DETECTED
			0.3058	EYES OPEN	13.556		YAWNING	33.5867	4.65		YAWNING DETECTED
			0.3058	EYES OPEN	13.576		YAWNING	33.029	4.64		YAWNING DETECTED
			0.3058	EYES OPEN	13.602		YAWNING	32.9001	4.63		YAWNING DETECTED
			0.306	EYES OPEN	13.622		YAWNING	32.7439	4.62		YAWNING DETECTED
			0.3077	EYES OPEN	13.653		YAWNING	32.2398	4.6		YAWNING DETECTED
			0.0948	EYES CLOSED	13.713		YAWNING	32.8185	4.85		DROWSY
			0.0882	EYES CLOSED	13.731		YAWNING	33.2806	5.09		DROWSY
			0.1118	EYES CLOSED	13.763		YAWNING	32.6195	5.33		DROWSY
			0.2009	PARTIALLY CLOSED	13.813		YAWNING	32.2032	5.32		YAWNING DETECTED
			0.2352	PARTIALLY CLOSED	13.839		YAWNING	31.5634	5.3		YAWNING DETECTED
			0.2638	PARTIALLY CLOSED	13.87		YAWNING	29.8588	5.29		YAWNING DETECTED
			0.2889	PARTIALLY CLOSED	13.908		YAWNING	25.1676	5.28		YAWNING DETECTED
			0.3004	EYES OPEN	13.954		YAWNING	21.7123	5.26		YAWNING DETECTED
			0.3027	EYES OPEN	13.979		YAWNING	20.1158	5.25		YAWNING DETECTED
			0.3062	EYES OPEN	14.008		NORMAL	18.1698	5.24		ALERT
			0.307	EYES OPEN	14.024		NORMAL	17.7485	5.22		ALERT
			0.3062	EYES OPEN	14.068		NORMAL	17.5204	5.21		ALERT
			0.3065	EYES OPEN	14.115		NORMAL	17.1575	5.2		ALERT
			0.3049	EYES OPEN	14.134		NORMAL	17.1616	5.19		ALERT
			0.3061	EYES OPEN	14.162		NORMAL	16.9169	5.17		ALERT
			0.305	EYES OPEN	14.21		NORMAL	16.043	5.16		ALERT
			0.3047	EYES OPEN	14.243		NORMAL	15.5126	5.15		ALERT
			0.3045	EYES OPEN	14.275		NORMAL	15.2316	5.13		ALERT
			0.3023	EYES OPEN	14.308		NORMAL	14.3445	5.12		ALERT
			0.3019	EYES OPEN	14.354		NORMAL	14.9281	5.11		ALERT
			0.3005	EYES OPEN	14.381		NORMAL	15.2256	5.1		ALERT
			0.2984	PARTIALLY CLOSED	14.412		NORMAL	15.6955	5.08		WARNING
			0.2972	PARTIALLY CLOSED	14.444		NORMAL	16.1814	5.07		WARNING
			0.2959	PARTIALLY CLOSED	14.474		NORMAL	15.6709	5.06		WARNING
			0.2937	PARTIALLY CLOSED	14.517		NORMAL	15.1555	5.05		WARNING
			0.2931	PARTIALLY CLOSED	14.536		NORMAL	14.9262	5.04		WARNING
			0.292	PARTIALLY CLOSED	14.565		NORMAL	15.6529	5.02		WARNING
			0.293	PARTIALLY CLOSED	14.612		NORMAL	15.5313	5.01		WARNING
			0.2937	PARTIALLY CLOSED	14.644		NORMAL	15.2221	5.0		WARNING
			0.2935	PARTIALLY CLOSED	14.658		NORMAL	15.3225	4.99		WARNING
			0.2915	PARTIALLY CLOSED	14.706		NORMAL	17.2796	4.98		WARNING
			0.292	PARTIALLY CLOSED	14.755		NORMAL	19.9716	4.96		WARNING
			0.2923	PARTIALLY CLOSED	14.783		YAWNING	20.7943	4.95		YAWNING DETECTED
			0.2935	PARTIALLY CLOSED	14.819		YAWNING	22.9727	4.94		YAWNING DETECTED
			0.2942	PARTIALLY CLOSED	14.844		YAWNING	24.779	4.93		YAWNING DETECTED
			0.2944	PARTIALLY CLOSED	14.87		YAWNING	24.4447	4.92		YAWNING DETECTED
			0.2935	PARTIALLY CLOSED	14.915		YAWNING	24.2198	4.91		YAWNING DETECTED
			0.2934	PARTIALLY CLOSED	14.937		YAWNING	23.444	4.9		YAWNING DETECTED
			0.2936	PARTIALLY CLOSED	14.963		YAWNING	23.4232	4.88		YAWNING DETECTED
			0.2942	PARTIALLY CLOSED	15.012		YAWNING	23.5987	4.87		YAWNING DETECTED
			0.2937	PARTIALLY CLOSED	15.031		YAWNING	23.9136	4.86		YAWNING DETECTED
			0.2927	PARTIALLY CLOSED	15.058		YAWNING	23.6005	4.85		YAWNING DETECTED
			0.2898	PARTIALLY CLOSED	15.107		YAWNING	23.8666	4.84		YAWNING DETECTED
			0.2894	PARTIALLY CLOSED	15.124		YAWNING	23.8698	4.83		YAWNING DETECTED
			0.2914	PARTIALLY CLOSED	15.155		YAWNING	31.573	4.82		YAWNING DETECTED
			0.3038	EYES OPEN	15.218		YAWNING	37.4443	4.81		YAWNING DETECTED
			0.3077	EYES OPEN	15.232		YAWNING	37.4529	4.79		YAWNING DETECTED
			0.3565	EYES OPEN	15.267		NORMAL	9.9244	4.78		ALERT
			0.0	NO FACE	15.315		NO FACE	0.0	4.78		NO FACE
			0.0	NO FACE	15.341		NO FACE	0.0	4.78		NO FACE
			0.0	NO FACE	15.372		NO FACE	0.0	4.78		NO FACE
			0.3242	EYES OPEN	15.412		YAWNING	28.3049	4.77		YAWNING DETECTED
			0.3225	EYES OPEN	15.449		YAWNING	25.2503	4.76		YAWNING DETECTED
			0.3071	EYES OPEN	15.479		YAWNING	25.9533	4.75		YAWNING DETECTED
			0.3051	EYES OPEN	15.51		YAWNING	23.0343	4.74		YAWNING DETECTED
			0.3014	EYES OPEN	15.54		NORMAL	16.3555	4.73		ALERT
			0.2915	PARTIALLY CLOSED	15.573		YAWNING	32.0517	4.72		YAWNING DETECTED
			0.2807	PARTIALLY CLOSED	15.618		YAWNING	29.9229	4.71		YAWNING DETECTED
			0.2808	PARTIALLY CLOSED	15.649		YAWNING	28.8985	4.7		YAWNING DETECTED
			0.2764	PARTIALLY CLOSED	15.666		YAWNING	38.1321	4.69		YAWNING DETECTED
			0.2651	PARTIALLY CLOSED	15.713		YAWNING	49.0537	4.68		YAWNING DETECTED
			0.2658	PARTIALLY CLOSED	15.727		YAWNING	46.2601	4.67		YAWNING DETECTED
			0.2721	PARTIALLY CLOSED	15.763		YAWNING	42.7391	4.66		YAWNING DETECTED
			0.2788	PARTIALLY CLOSED	15.812		YAWNING	39.2497	4.65		YAWNING DETECTED
			0.2806	PARTIALLY CLOSED	15.835		YAWNING	38.107	4.64		YAWNING DETECTED
			0.2635	PARTIALLY CLOSED	15.865		YAWNING	37.5462	4.63		YAWNING DETECTED
			0.2573	PARTIALLY CLOSED	15.906		YAWNING	37.4538	4.62		YAWNING DETECTED
			0.2554	PARTIALLY CLOSED	15.927		YAWNING	37.4446	4.61		YAWNING DETECTED
			0.2598	PARTIALLY CLOSED	15.974		YAWNING	43.4823	4.6		YAWNING DETECTED
			0.2847	PARTIALLY CLOSED	16.02		YAWNING	41.1778	4.59		YAWNING DETECTED
			0.2833	PARTIALLY CLOSED	16.051		YAWNING	40.2905	4.58		YAWNING DETECTED
			0.2676	PARTIALLY CLOSED	16.083		YAWNING	41.8725	4.57		YAWNING DETECTED
			0.272	PARTIALLY CLOSED	16.117		YAWNING	42.4912	4.56		YAWNING DETECTED
			0.2815	PARTIALLY CLOSED	16.145		YAWNING	41.2454	4.55		YAWNING DETECTED
			0.2751	PARTIALLY CLOSED	16.163		YAWNING	31.6462	4.54		YAWNING DETECTED
			0.2715	PARTIALLY CLOSED	16.21		YAWNING	31.674	4.53		YAWNING DETECTED
			0.2773	PARTIALLY CLOSED	16.236		YAWNING	32.2315	4.52		YAWNING DETECTED
			0.281	PARTIALLY CLOSED	16.258		YAWNING	35.2089	4.51		YAWNING DETECTED
			0.2784	PARTIALLY CLOSED	16.323		YAWNING	38.5518	4.5		YAWNING DETECTED
			0.2777	PARTIALLY CLOSED	16.346		YAWNING	40.2038	4.49		YAWNING DETECTED
			0.2799	PARTIALLY CLOSED	16.378		YAWNING	37.4817	4.48		YAWNING DETECTED
			0.2822	PARTIALLY CLOSED	16.42		YAWNING	36.7822	4.47		YAWNING DETECTED
			0.2817	PARTIALLY CLOSED	16.44		YAWNING	37.1581	4.46		YAWNING DETECTED
			0.2848	PARTIALLY CLOSED	16.467		YAWNING	36.3321	4.45		YAWNING DETECTED
			0.275	PARTIALLY CLOSED	16.517		YAWNING	33.8467	4.44		YAWNING DETECTED
			0.2717	PARTIALLY CLOSED	16.532		YAWNING	33.1472	4.43		YAWNING DETECTED
			0.2868	PARTIALLY CLOSED	16.564		YAWNING	26.045	4.42		YAWNING DETECTED
			0.266	PARTIALLY CLOSED	16.611		YAWNING	23.8411	4.41		YAWNING DETECTED
			0.2683	PARTIALLY CLOSED	16.626		YAWNING	23.2308	4.4		YAWNING DETECTED
			0.1925	EYES CLOSED	16.66		YAWNING	30.9893	4.6		DROWSY
			0.0922	EYES CLOSED	16.722		YAWNING	36.0593	4.8		DROWSY
			0.0862	EYES CLOSED	16.735		YAWNING	35.6612	5.0		DROWSY
			0.1613	EYES CLOSED	16.77		YAWNING	33.7468	5.2		DROWSY
			0.2041	PARTIALLY CLOSED	16.821		YAWNING	27.2747	5.19		YAWNING DETECTED
			0.2232	PARTIALLY CLOSED	16.843		YAWNING	25.4824	5.18		YAWNING DETECTED
			0.2427	PARTIALLY CLOSED	16.874		YAWNING	25.1306	5.17		YAWNING DETECTED
			0.2809	PARTIALLY CLOSED	16.916		YAWNING	28.9949	5.15		YAWNING DETECTED
			0.2838	PARTIALLY CLOSED	16.937		YAWNING	29.3777	5.14		YAWNING DETECTED
			0.2925	PARTIALLY CLOSED	16.962		YAWNING	29.6513	5.13		YAWNING DETECTED
			0.281	PARTIALLY CLOSED	17.012		YAWNING	32.3844	5.12		YAWNING DETECTED
			0.2781	PARTIALLY CLOSED	17.03		YAWNING	33.2264	5.11		YAWNING DETECTED
			0.2772	PARTIALLY CLOSED	17.075		YAWNING	33.834	5.1		YAWNING DETECTED
			0.2802	PARTIALLY CLOSED	17.125		YAWNING	35.7948	5.09		YAWNING DETECTED
			0.2789	PARTIALLY CLOSED	17.154		YAWNING	35.2689	5.08		YAWNING DETECTED
			0.2783	PARTIALLY CLOSED	17.17		YAWNING	34.0122	5.07		YAWNING DETECTED
			0.2806	PARTIALLY CLOSED	17.218		YAWNING	40.5262	5.06		YAWNING DETECTED
			0.283	PARTIALLY CLOSED	17.231		YAWNING	41.491	5.05		YAWNING DETECTED
			0.2821	PARTIALLY CLOSED	17.267		YAWNING	38.3596	5.04		YAWNING DETECTED
			0.2779	PARTIALLY CLOSED	17.314		YAWNING	36.3042	5.03		YAWNING DETECTED
			0.2758	PARTIALLY CLOSED	17.34		YAWNING	38.0901	5.02		YAWNING DETECTED
			0.2755	PARTIALLY CLOSED	17.372		YAWNING	42.85	5.01		YAWNING DETECTED
			0.2771	PARTIALLY CLOSED	17.403		YAWNING	43.604	5.0		YAWNING DETECTED
			0.2829	PARTIALLY CLOSED	17.434		YAWNING	46.8797	4.99		YAWNING DETECTED
			0.2839	PARTIALLY CLOSED	17.476		YAWNING	46.2281	4.98		YAWNING DETECTED
			0.2922	PARTIALLY CLOSED	17.526		YAWNING	46.7344	4.97		YAWNING DETECTED
			0.2907	PARTIALLY CLOSED	17.542		YAWNING	46.7732	4.96		YAWNING DETECTED
			0.2911	PARTIALLY CLOSED	17.574		YAWNING	47.9151	4.95		YAWNING DETECTED
			0.2915	PARTIALLY CLOSED	17.619		YAWNING	48.2385	4.94		YAWNING DETECTED
			0.2914	PARTIALLY CLOSED	17.635		YAWNING	48.4408	4.93		YAWNING DETECTED
			0.2913	PARTIALLY CLOSED	17.668		YAWNING	49.3186	4.92		YAWNING DETECTED
			0.2916	PARTIALLY CLOSED	17.714		YAWNING	52.0514	4.91		YAWNING DETECTED
			0.2895	PARTIALLY CLOSED	17.728		YAWNING	52.4583	4.9		YAWNING DETECTED
			0.2874	PARTIALLY CLOSED	17.762		YAWNING	53.0889	4.89		YAWNING DETECTED
			0.2871	PARTIALLY CLOSED	17.774		YAWNING	53.3551	4.88		YAWNING DETECTED
			0.285	PARTIALLY CLOSED	17.828		YAWNING	55.2839	4.87		YAWNING DETECTED
			0.2796	PARTIALLY CLOSED	17.878		YAWNING	56.8153	4.86		YAWNING DETECTED
			0.2843	PARTIALLY CLOSED	17.923		YAWNING	57.6428	4.85		YAWNING DETECTED
			0.2851	PARTIALLY CLOSED	17.944		YAWNING	57.7492	4.84		YAWNING DETECTED
			0.2825	PARTIALLY CLOSED	17.976		YAWNING	61.9101	4.84		YAWNING DETECTED
			0.279	PARTIALLY CLOSED	18.018		YAWNING	75.5341	4.83		YAWNING DETECTED
			0.2795	PARTIALLY CLOSED	18.038		YAWNING	79.2852	4.82		YAWNING DETECTED
			0.282	PARTIALLY CLOSED	18.069		YAWNING	88.498	4.81		YAWNING DETECTED
			0.2881	PARTIALLY CLOSED	18.117		YAWNING	98.6086	4.8		YAWNING DETECTED
			0.2892	PARTIALLY CLOSED	18.147		YAWNING	102.1609	4.79		YAWNING DETECTED
			0.2878	PARTIALLY CLOSED	18.162		YAWNING	106.8706	4.78		YAWNING DETECTED
			0.2874	PARTIALLY CLOSED	18.178		YAWNING	109.9011	4.77		YAWNING DETECTED
			0.2852	PARTIALLY CLOSED	18.227		YAWNING	124.8529	4.76		YAWNING DETECTED
			0.2846	PARTIALLY CLOSED	18.274		YAWNING	135.1589	4.75		YAWNING DETECTED
			0.2805	PARTIALLY CLOSED	18.323		YAWNING	137.997	4.74		YAWNING DETECTED
			0.279	PARTIALLY CLOSED	18.348		YAWNING	139.5701	4.73		YAWNING DETECTED
			0.2793	PARTIALLY CLOSED	18.371		YAWNING	145.2339	4.73		YAWNING DETECTED
			0.2845	PARTIALLY CLOSED	18.42		YAWNING	158.4693	4.72		YAWNING DETECTED
			0.2861	PARTIALLY CLOSED	18.457		YAWNING	162.1589	4.71		YAWNING DETECTED
			0.2911	PARTIALLY CLOSED	18.488		YAWNING	170.846	4.7		YAWNING DETECTED
			0.2956	PARTIALLY CLOSED	18.519		YAWNING	179.7491	4.69		YAWNING DETECTED
			0.2952	PARTIALLY CLOSED	18.535		YAWNING	183.0777	4.68		YAWNING DETECTED
			0.3036	EYES OPEN	18.578		YAWNING	190.4711	4.67		YAWNING DETECTED
			0.3019	EYES OPEN	18.596		YAWNING	195.3348	4.66		YAWNING DETECTED
			0.3072	EYES OPEN	18.628		YAWNING	202.2894	4.66		YAWNING DETECTED
			0.3224	EYES OPEN	18.674		YAWNING	224.0718	4.65		YAWNING DETECTED
			0.325	EYES OPEN	18.722		YAWNING	248.2811	4.64		YAWNING DETECTED
			0.3201	EYES OPEN	18.75		YAWNING	245.3794	4.63		YAWNING DETECTED
			0.3149	EYES OPEN	18.771		YAWNING	257.5967	4.62		YAWNING DETECTED
			0.3075	EYES OPEN	18.818		YAWNING	270.0869	4.61		YAWNING DETECTED
			0.3098	EYES OPEN	18.842		YAWNING	262.5143	4.6		YAWNING DETECTED
			0.306	EYES OPEN	18.873		YAWNING	273.3621	4.6		YAWNING DETECTED
			0.3076	EYES OPEN	18.889		YAWNING	269.4805	4.59		YAWNING DETECTED
			0.2867	PARTIALLY CLOSED	18.915		YAWNING	277.3106	4.58		YAWNING DETECTED
			0.2783	PARTIALLY CLOSED	18.979		YAWNING	286.8183	4.57		YAWNING DETECTED
			0.2762	PARTIALLY CLOSED	18.998		YAWNING	287.2633	4.56		YAWNING DETECTED
			0.2587	PARTIALLY CLOSED	19.029		YAWNING	293.5315	4.55		YAWNING DETECTED
			0.2578	PARTIALLY CLOSED	19.076		YAWNING	286.1549	4.55		YAWNING DETECTED
			0.247	PARTIALLY CLOSED	19.124		YAWNING	297.5593	4.54		YAWNING DETECTED
			0.245	PARTIALLY CLOSED	19.154		YAWNING	292.9554	4.53		YAWNING DETECTED
			0.2522	PARTIALLY CLOSED	19.186		YAWNING	294.9059	4.52		YAWNING DETECTED
			0.2373	PARTIALLY CLOSED	19.219		YAWNING	289.6064	4.51		YAWNING DETECTED
			0.2315	PARTIALLY CLOSED	19.249		YAWNING	288.034	4.5		YAWNING DETECTED
			0.2332	PARTIALLY CLOSED	19.268		YAWNING	287.6465	4.5		YAWNING DETECTED
			0.2337	PARTIALLY CLOSED	19.296		YAWNING	288.9783	4.49		YAWNING DETECTED
			0.2353	PARTIALLY CLOSED	19.33		YAWNING	267.0927	4.48		YAWNING DETECTED
			0.2385	PARTIALLY CLOSED	19.378		YAWNING	223.024	4.47		YAWNING DETECTED
			0.2397	PARTIALLY CLOSED	19.405		YAWNING	211.7574	4.46		YAWNING DETECTED
			0.2464	PARTIALLY CLOSED	19.426		YAWNING	165.3745	4.46		YAWNING DETECTED
			0.2524	PARTIALLY CLOSED	19.474		YAWNING	113.279	4.45		YAWNING DETECTED
			0.2562	PARTIALLY CLOSED	19.524		YAWNING	79.939	4.44		YAWNING DETECTED
			0.2578	PARTIALLY CLOSED	19.561		YAWNING	76.0289	4.43		YAWNING DETECTED
			0.2587	PARTIALLY CLOSED	19.576		YAWNING	52.8031	4.42		YAWNING DETECTED
			0.2541	PARTIALLY CLOSED	19.619		YAWNING	25.2263	4.42		YAWNING DETECTED
			0.2528	PARTIALLY CLOSED	19.653		YAWNING	26.1784	4.41		YAWNING DETECTED
			0.2526	PARTIALLY CLOSED	19.668		NORMAL	19.1036	4.4		WARNING
			0.2518	PARTIALLY CLOSED	19.684		NORMAL	16.9111	4.39		WARNING
			0.2494	PARTIALLY CLOSED	19.729		NORMAL	6.0396	4.39		WARNING
			0.2484	PARTIALLY CLOSED	19.778		NORMAL	1.7121	4.38		WARNING
			0.2483	PARTIALLY CLOSED	19.791		NORMAL	1.5867	4.37		WARNING
			0.2486	PARTIALLY CLOSED	19.826		NORMAL	2.6887	4.36		WARNING
			0.2483	PARTIALLY CLOSED	19.875		NORMAL	3.8674	4.36		WARNING
			0.2513	PARTIALLY CLOSED	19.924		NORMAL	5.3166	4.35		WARNING
			0.2526	PARTIALLY CLOSED	19.946		NORMAL	5.113	4.34		WARNING
			0.2529	PARTIALLY CLOSED	19.972		NORMAL	4.6217	4.33		WARNING
			0.2545	PARTIALLY CLOSED	20.021		NORMAL	3.4686	4.33		WARNING
			0.2551	PARTIALLY CLOSED	20.04		NORMAL	3.1194	4.32		WARNING
			0.2554	PARTIALLY CLOSED	20.084		NORMAL	3.0065	4.31		WARNING
			0.2556	PARTIALLY CLOSED	20.117		NORMAL	3.0277	4.3		WARNING
			0.2559	PARTIALLY CLOSED	20.147		NORMAL	2.8939	4.3		WARNING
			0.2518	PARTIALLY CLOSED	20.18		NORMAL	2.234	4.29		WARNING
			0.2498	PARTIALLY CLOSED	20.195		NORMAL	1.9923	4.28		WARNING
			0.1522	EYES CLOSED	20.228		NORMAL	2.9544	4.44		DROWSY
			0.1294	EYES CLOSED	20.276		NORMAL	3.1233	4.61		DROWSY
			0.1637	EYES CLOSED	20.323		NORMAL	2.2439	4.77		DROWSY
			0.1752	EYES CLOSED	20.35		NORMAL	1.9004	4.93		DROWSY
			0.1798	EYES CLOSED	20.37		NORMAL	1.6483	5.09		DROWSY
			0.1838	EYES CLOSED	20.397		NORMAL	1.5951	5.25		DROWSY
			0.1971	EYES CLOSED	20.418		NORMAL	1.8772	5.41		DROWSY
			0.224	PARTIALLY CLOSED	20.483		NORMAL	2.3865	5.41		WARNING
			0.2321	PARTIALLY CLOSED	20.506		NORMAL	2.5122	5.4		WARNING
			0.2421	PARTIALLY CLOSED	20.537		NORMAL	2.672	5.39		WARNING
			0.248	PARTIALLY CLOSED	20.58		NORMAL	2.9222	5.38		WARNING
			0.2506	PARTIALLY CLOSED	20.615		NORMAL	3.0585	5.37		WARNING
			0.2519	PARTIALLY CLOSED	20.63		NORMAL	3.1284	5.36		WARNING
			0.2543	PARTIALLY CLOSED	20.676		NORMAL	3.2562	5.35		WARNING
			0.254	PARTIALLY CLOSED	20.723		NORMAL	3.8957	5.34		WARNING
			0.2539	PARTIALLY CLOSED	20.755		NORMAL	3.7389	5.33		WARNING
			0.2547	PARTIALLY CLOSED	20.772		NORMAL	3.7327	5.32		WARNING
			0.2555	PARTIALLY CLOSED	20.786		NORMAL	3.7125	5.32		WARNING
			0.2557	PARTIALLY CLOSED	20.836		NORMAL	4.0258	5.31		WARNING
			0.2556	PARTIALLY CLOSED	20.884		NORMAL	4.3365	5.3		WARNING
			0.2559	PARTIALLY CLOSED	20.91		NORMAL	4.669	5.29		WARNING
			0.2558	PARTIALLY CLOSED	20.932		NORMAL	6.4047	5.28		WARNING
			0.2556	PARTIALLY CLOSED	20.978		NORMAL	5.6558	5.27		WARNING
			0.2556	PARTIALLY CLOSED	21.002		NORMAL	6.2342	5.26		WARNING
			0.2562	PARTIALLY CLOSED	21.026		NORMAL	13.0013	5.25		WARNING
			0.2582	PARTIALLY CLOSED	21.075		YAWNING	22.0261	5.25		YAWNING DETECTED
			0.259	PARTIALLY CLOSED	21.122		YAWNING	34.114	5.24		YAWNING DETECTED
			0.2594	PARTIALLY CLOSED	21.142		YAWNING	35.1887	5.23		YAWNING DETECTED
			0.2593	PARTIALLY CLOSED	21.169		YAWNING	38.8718	5.22		YAWNING DETECTED
			0.2591	PARTIALLY CLOSED	21.189		YAWNING	37.7475	5.21		YAWNING DETECTED
			0.2606	PARTIALLY CLOSED	21.237		YAWNING	43.5955	5.2		YAWNING DETECTED
			0.2619	PARTIALLY CLOSED	21.283		YAWNING	45.4518	5.19		YAWNING DETECTED
			0.263	PARTIALLY CLOSED	21.314		YAWNING	45.9558	5.19		YAWNING DETECTED
			0.2634	PARTIALLY CLOSED	21.33		YAWNING	48.727	5.18		YAWNING DETECTED
			0.2646	PARTIALLY CLOSED	21.38		YAWNING	49.4639	5.17		YAWNING DETECTED
			0.2652	PARTIALLY CLOSED	21.407		YAWNING	49.8798	5.16		YAWNING DETECTED
			0.2653	PARTIALLY CLOSED	21.428		YAWNING	49.5372	5.15		YAWNING DETECTED
			0.265	PARTIALLY CLOSED	21.474		YAWNING	51.7135	5.14		YAWNING DETECTED
			0.2662	PARTIALLY CLOSED	21.522		YAWNING	52.0674	5.14		YAWNING DETECTED
			0.2666	PARTIALLY CLOSED	21.546		YAWNING	51.9737	5.13		YAWNING DETECTED
			0.2676	PARTIALLY CLOSED	21.586		YAWNING	51.711	5.12		YAWNING DETECTED
			0.2681	PARTIALLY CLOSED	21.607		YAWNING	51.5849	5.11		YAWNING DETECTED
			0.2683	PARTIALLY CLOSED	21.639		YAWNING	50.8928	5.1		YAWNING DETECTED
			0.2695	PARTIALLY CLOSED	21.682		YAWNING	43.5067	5.1		YAWNING DETECTED
			0.2698	PARTIALLY CLOSED	21.7		YAWNING	43.249	5.09		YAWNING DETECTED
			0.2701	PARTIALLY CLOSED	21.73		YAWNING	40.0241	5.08		YAWNING DETECTED
			0.2708	PARTIALLY CLOSED	21.779		YAWNING	33.147	5.07		YAWNING DETECTED
			0.271	PARTIALLY CLOSED	21.794		YAWNING	31.7608	5.06		YAWNING DETECTED
			0.2724	PARTIALLY CLOSED	21.827		YAWNING	28.9467	5.06		YAWNING DETECTED
			0.2728	PARTIALLY CLOSED	21.877		YAWNING	22.7251	5.05		YAWNING DETECTED
			0.2729	PARTIALLY CLOSED	21.904		YAWNING	20.8654	5.04		YAWNING DETECTED
			0.2728	PARTIALLY CLOSED	21.922		NORMAL	19.7462	5.03		WARNING
			0.2718	PARTIALLY CLOSED	21.987		NORMAL	16.9225	5.02		WARNING
			0.2716	PARTIALLY CLOSED	22.014		NORMAL	15.9258	5.02		WARNING
			0.2712	PARTIALLY CLOSED	22.046		NORMAL	16.0548	5.01		WARNING
			0.2711	PARTIALLY CLOSED	22.084		NORMAL	15.5116	5.0		WARNING
			0.2709	PARTIALLY CLOSED	22.109		NORMAL	15.4301	4.99		WARNING
			0.271	PARTIALLY CLOSED	22.132		NORMAL	13.9376	4.98		WARNING
			0.2706	PARTIALLY CLOSED	22.178		NORMAL	13.6295	4.98		WARNING
			0.2705	PARTIALLY CLOSED	22.203		NORMAL	13.6024	4.97		WARNING
			0.2697	PARTIALLY CLOSED	22.226		NORMAL	13.2003	4.96		WARNING
			0.2698	PARTIALLY CLOSED	22.278		NORMAL	12.468	4.95		WARNING
			0.2698	PARTIALLY CLOSED	22.295		NORMAL	12.1615	4.95		WARNING
			0.2692	PARTIALLY CLOSED	22.34		NORMAL	12.2178	4.94		WARNING
			0.2698	PARTIALLY CLOSED	22.387		NORMAL	13.0041	4.93		WARNING
			0.27	PARTIALLY CLOSED	22.419		NORMAL	13.5004	4.92		WARNING
			0.2701	PARTIALLY CLOSED	22.449		NORMAL	17.2248	4.92		WARNING
			0.2705	PARTIALLY CLOSED	22.484		YAWNING	20.8074	4.91		YAWNING DETECTED
			0.2708	PARTIALLY CLOSED	22.512		YAWNING	22.2067	4.9		YAWNING DETECTED
			0.2719	PARTIALLY CLOSED	22.543		YAWNING	23.646	4.89		YAWNING DETECTED
			0.2719	PARTIALLY CLOSED	22.579		YAWNING	29.7319	4.89		YAWNING DETECTED
			0.2717	PARTIALLY CLOSED	22.605		YAWNING	32.5603	4.88		YAWNING DETECTED
			0.272	PARTIALLY CLOSED	22.626		YAWNING	32.8003	4.87		YAWNING DETECTED
			0.2734	PARTIALLY CLOSED	22.675		YAWNING	35.2208	4.86		YAWNING DETECTED
			0.2735	PARTIALLY CLOSED	22.697		YAWNING	36.66	4.86		YAWNING DETECTED
			0.2745	PARTIALLY CLOSED	22.74		YAWNING	37.6506	4.85		YAWNING DETECTED
			0.2732	PARTIALLY CLOSED	22.789		YAWNING	34.2758	4.84		YAWNING DETECTED
			0.2725	PARTIALLY CLOSED	22.822		YAWNING	33.0591	4.83		YAWNING DETECTED
			0.2708	PARTIALLY CLOSED	22.838		YAWNING	39.027	4.83		YAWNING DETECTED
			0.2676	PARTIALLY CLOSED	22.882		YAWNING	43.4932	4.82		YAWNING DETECTED
			0.2692	PARTIALLY CLOSED	22.899		YAWNING	45.355	4.81		YAWNING DETECTED
			0.2672	PARTIALLY CLOSED	22.933		YAWNING	44.4007	4.8		YAWNING DETECTED
			0.2682	PARTIALLY CLOSED	22.981		YAWNING	43.8215	4.8		YAWNING DETECTED
			0.2678	PARTIALLY CLOSED	23.008		YAWNING	44.5429	4.79		YAWNING DETECTED
			0.2679	PARTIALLY CLOSED	23.026		YAWNING	44.1172	4.78		YAWNING DETECTED
			0.2685	PARTIALLY CLOSED	23.092		YAWNING	43.1394	4.78		YAWNING DETECTED
			0.2684	PARTIALLY CLOSED	23.116		YAWNING	42.682	4.77		YAWNING DETECTED
			0.2683	PARTIALLY CLOSED	23.147		YAWNING	42.4557	4.76		YAWNING DETECTED
			0.2683	PARTIALLY CLOSED	23.186		YAWNING	40.7343	4.75		YAWNING DETECTED
			0.2684	PARTIALLY CLOSED	23.208		YAWNING	40.6544	4.75		YAWNING DETECTED
			0.2687	PARTIALLY CLOSED	23.233		YAWNING	37.8495	4.74		YAWNING DETECTED
			0.2691	PARTIALLY CLOSED	23.283		YAWNING	24.0388	4.73		YAWNING DETECTED
			0.269	PARTIALLY CLOSED	23.301		YAWNING	21.1269	4.73		YAWNING DETECTED
			0.2698	PARTIALLY CLOSED	23.331		NORMAL	15.9255	4.72		WARNING
			0.2666	PARTIALLY CLOSED	23.382		NORMAL	11.074	4.71		WARNING
			0.2653	PARTIALLY CLOSED	23.409		NORMAL	10.9772	4.71		WARNING
			0.2654	PARTIALLY CLOSED	23.426		NORMAL	11.1639	4.7		WARNING
			0.2652	PARTIALLY CLOSED	23.493		NORMAL	10.0837	4.69		WARNING
			0.2656	PARTIALLY CLOSED	23.519		NORMAL	10.1446	4.69		WARNING
			0.2653	PARTIALLY CLOSED	23.538		NORMAL	11.8478	4.68		WARNING
			0.2648	PARTIALLY CLOSED	23.587		NORMAL	15.8107	4.67		WARNING
			0.2643	PARTIALLY CLOSED	23.611		NORMAL	16.933	4.66		WARNING
			0.2647	PARTIALLY CLOSED	23.642		YAWNING	22.6013	4.66		YAWNING DETECTED
			0.2649	PARTIALLY CLOSED	23.683		YAWNING	24.0244	4.65		YAWNING DETECTED
			0.2649	PARTIALLY CLOSED	23.703		YAWNING	24.4656	4.64		YAWNING DETECTED
			0.2651	PARTIALLY CLOSED	23.733		YAWNING	33.0714	4.64		YAWNING DETECTED
			0.2664	PARTIALLY CLOSED	23.779		YAWNING	35.5835	4.63		YAWNING DETECTED
			0.2674	PARTIALLY CLOSED	23.796		YAWNING	37.5048	4.62		YAWNING DETECTED
			0.2698	PARTIALLY CLOSED	23.843		YAWNING	44.3733	4.62		YAWNING DETECTED
			0.2704	PARTIALLY CLOSED	23.891		YAWNING	52.2666	4.61		YAWNING DETECTED
			0.2706	PARTIALLY CLOSED	23.919		YAWNING	54.4173	4.6		YAWNING DETECTED
			0.2702	PARTIALLY CLOSED	23.952		YAWNING	53.4442	4.6		YAWNING DETECTED
			0.2708	PARTIALLY CLOSED	23.989		YAWNING	53.6064	4.59		YAWNING DETECTED
			0.2709	PARTIALLY CLOSED	24.014		YAWNING	53.0201	4.58		YAWNING DETECTED
			0.1873	EYES CLOSED	24.034		YAWNING	55.7598	4.72		DROWSY
			0.0897	EYES CLOSED	24.082		YAWNING	60.5225	4.86		DROWSY
			0.0807	EYES CLOSED	24.107		YAWNING	62.2638	4.99		DROWSY
			0.0983	EYES CLOSED	24.131		YAWNING	62.115	5.13		DROWSY
			0.1058	EYES CLOSED	24.154		YAWNING	62.3863	5.26		DROWSY
			0.1288	EYES CLOSED	24.184		YAWNING	62.1904	5.4		DROWSY
			0.177	EYES CLOSED	24.242		YAWNING	63.2954	5.53		DROWSY
			0.2061	PARTIALLY CLOSED	24.29		YAWNING	71.4928	5.52		YAWNING DETECTED
			0.2143	PARTIALLY CLOSED	24.31		YAWNING	75.1644	5.52		YAWNING DETECTED
			0.2263	PARTIALLY CLOSED	24.338		YAWNING	97.681	5.51		YAWNING DETECTED
			0.2573	PARTIALLY CLOSED	24.387		YAWNING	122.2538	5.5		YAWNING DETECTED
			0.263	PARTIALLY CLOSED	24.417		YAWNING	122.6943	5.49		YAWNING DETECTED
			0.2836	PARTIALLY CLOSED	24.447		YAWNING	130.0748	5.49		YAWNING DETECTED
			0.2943	PARTIALLY CLOSED	24.485		YAWNING	141.1532	5.48		YAWNING DETECTED
			0.2922	PARTIALLY CLOSED	24.51		YAWNING	133.6312	5.47		YAWNING DETECTED
			0.2964	PARTIALLY CLOSED	24.534		YAWNING	154.7802	5.46		YAWNING DETECTED
			0.2943	PARTIALLY CLOSED	24.557		YAWNING	150.0968	5.45		YAWNING DETECTED
			0.2957	PARTIALLY CLOSED	24.594		YAWNING	157.6303	5.45		YAWNING DETECTED
			0.2931	PARTIALLY CLOSED	24.644		YAWNING	157.3636	5.44		YAWNING DETECTED
			0.2854	PARTIALLY CLOSED	24.691		YAWNING	173.8868	5.43		YAWNING DETECTED
			0.2886	PARTIALLY CLOSED	24.713		YAWNING	170.6439	5.42		YAWNING DETECTED
			0.2907	PARTIALLY CLOSED	24.738		YAWNING	191.613	5.42		YAWNING DETECTED
			0.2904	PARTIALLY CLOSED	24.786		YAWNING	200.5756	5.41		YAWNING DETECTED
			0.2908	PARTIALLY CLOSED	24.807		YAWNING	209.0529	5.4		YAWNING DETECTED
			0.2881	PARTIALLY CLOSED	24.834		YAWNING	212.4702	5.39		YAWNING DETECTED
			0.302	EYES OPEN	24.884		YAWNING	222.9935	5.39		YAWNING DETECTED
			0.306	EYES OPEN	24.9		YAWNING	229.8895	5.38		YAWNING DETECTED
			0.312	EYES OPEN	24.932		YAWNING	241.5048	5.37		YAWNING DETECTED
			0.3104	EYES OPEN	24.963		YAWNING	245.5101	5.36		YAWNING DETECTED
			0.3104	EYES OPEN	24.996		YAWNING	251.1535	5.36		YAWNING DETECTED
			0.3175	EYES OPEN	25.044		YAWNING	253.6638	5.35		YAWNING DETECTED
			0.3165	EYES OPEN	25.094		YAWNING	257.6612	5.34		YAWNING DETECTED
			0.3186	EYES OPEN	25.116		YAWNING	258.3294	5.34		YAWNING DETECTED
			0.3182	EYES OPEN	25.138		YAWNING	261.7574	5.33		YAWNING DETECTED
			0.3237	EYES OPEN	25.189		YAWNING	263.3552	5.32		YAWNING DETECTED
			0.3243	EYES OPEN	25.225		YAWNING	264.0718	5.31		YAWNING DETECTED
			0.3285	EYES OPEN	25.256		YAWNING	261.5171	5.31		YAWNING DETECTED
			0.322	EYES OPEN	25.286		YAWNING	249.6141	5.3		YAWNING DETECTED
			0.3227	EYES OPEN	25.302		YAWNING	245.2806	5.29		YAWNING DETECTED
			0.3194	EYES OPEN	25.345		YAWNING	213.3391	5.28		YAWNING DETECTED
			0.3196	EYES OPEN	25.363		YAWNING	211.3202	5.28		YAWNING DETECTED
			0.3168	EYES OPEN	25.396		YAWNING	203.4501	5.27		YAWNING DETECTED
			0.3039	EYES OPEN	25.442		YAWNING	187.9852	5.26		YAWNING DETECTED
			0.2996	PARTIALLY CLOSED	25.493		YAWNING	169.9223	5.26		YAWNING DETECTED
			0.2996	PARTIALLY CLOSED	25.519		YAWNING	166.1617	5.25		YAWNING DETECTED
			0.3007	EYES OPEN	25.539		YAWNING	168.5732	5.24		YAWNING DETECTED
			0.2755	PARTIALLY CLOSED	25.589		YAWNING	157.0205	5.23		YAWNING DETECTED
			0.2683	PARTIALLY CLOSED	25.613		YAWNING	160.5955	5.23		YAWNING DETECTED
			0.1212	EYES CLOSED	25.634		YAWNING	151.606	5.35		DROWSY
			0.0817	EYES CLOSED	25.66		YAWNING	153.302	5.48		DROWSY
			0.0779	EYES CLOSED	25.682		YAWNING	145.7755	5.61		DROWSY
			0.0987	EYES CLOSED	25.748		YAWNING	138.8452	5.73		DROWSY
			0.103	EYES CLOSED	25.771		YAWNING	139.2465	5.86		DROWSY
			0.1383	EYES CLOSED	25.795		YAWNING	133.772	5.98		DROWSY
			0.1896	EYES CLOSED	25.845		YAWNING	124.062	6.11		DROWSY
			0.2341	PARTIALLY CLOSED	25.89		YAWNING	115.4203	6.1		YAWNING DETECTED
			0.2437	PARTIALLY CLOSED	25.909		YAWNING	115.2619	6.09		YAWNING DETECTED
			0.2534	PARTIALLY CLOSED	25.941		YAWNING	101.5412	6.08		YAWNING DETECTED
			0.2648	PARTIALLY CLOSED	25.988		YAWNING	89.0878	6.08		YAWNING DETECTED
			0.2684	PARTIALLY CLOSED	26.018		YAWNING	84.1749	6.07		YAWNING DETECTED
			0.2718	PARTIALLY CLOSED	26.035		YAWNING	73.1914	6.06		YAWNING DETECTED
			0.2739	PARTIALLY CLOSED	26.065		YAWNING	69.8134	6.05		YAWNING DETECTED
			0.2762	PARTIALLY CLOSED	26.101		YAWNING	63.5197	6.04		YAWNING DETECTED
			0.276	PARTIALLY CLOSED	26.149		YAWNING	51.5675	6.04		YAWNING DETECTED
			0.2764	PARTIALLY CLOSED	26.172		YAWNING	48.536	6.03		YAWNING DETECTED
			0.2789	PARTIALLY CLOSED	26.203		YAWNING	48.0352	6.02		YAWNING DETECTED
			0.2868	PARTIALLY CLOSED	26.244		YAWNING	49.9654	6.01		YAWNING DETECTED
			0.2926	PARTIALLY CLOSED	26.29		YAWNING	50.676	6.01		YAWNING DETECTED
			0.2943	PARTIALLY CLOSED	26.311		YAWNING	50.5836	6.0		YAWNING DETECTED
			0.2965	PARTIALLY CLOSED	26.338		YAWNING	50.7769	5.99		YAWNING DETECTED
			0.3007	EYES OPEN	26.389		YAWNING	49.8344	5.98		YAWNING DETECTED
			0.3025	EYES OPEN	26.42		YAWNING	50.1427	5.97		YAWNING DETECTED
			0.3078	EYES OPEN	26.439		YAWNING	50.084	5.97		YAWNING DETECTED
			0.3128	EYES OPEN	26.465		YAWNING	50.0102	5.96		YAWNING DETECTED
			0.3347	EYES OPEN	26.499		YAWNING	50.1683	5.95		YAWNING DETECTED
			0.3599	EYES OPEN	26.547		YAWNING	50.0166	5.94		YAWNING DETECTED
			0.367	EYES OPEN	26.575		YAWNING	49.95	5.94		YAWNING DETECTED
			0.3731	EYES OPEN	26.605		YAWNING	50.0688	5.93		YAWNING DETECTED
			0.3761	EYES OPEN	26.642		YAWNING	50.2505	5.92		YAWNING DETECTED
			0.3722	EYES OPEN	26.691		YAWNING	49.1399	5.91		YAWNING DETECTED
			0.3715	EYES OPEN	26.717		YAWNING	48.7536	5.91		YAWNING DETECTED
			0.3717	EYES OPEN	26.749		YAWNING	48.4295	5.9		YAWNING DETECTED
			0.3712	EYES OPEN	26.788		YAWNING	47.8198	5.89		YAWNING DETECTED
			0.3712	EYES OPEN	26.811		YAWNING	47.6313	5.88		YAWNING DETECTED
			0.3701	EYES OPEN	26.851		YAWNING	46.2866	5.87		YAWNING DETECTED
			0.3698	EYES OPEN	26.875		YAWNING	46.2918	5.87		YAWNING DETECTED
			0.3639	EYES OPEN	26.906		YAWNING	45.9571	5.86		YAWNING DETECTED
			0.3472	EYES OPEN	26.945		YAWNING	45.3751	5.85		YAWNING DETECTED
			0.3393	EYES OPEN	26.969		YAWNING	44.5652	5.84		YAWNING DETECTED
			0.3184	EYES OPEN	26.994		YAWNING	44.3322	5.84		YAWNING DETECTED
			0.2737	PARTIALLY CLOSED	27.045		YAWNING	44.4152	5.83		YAWNING DETECTED
			0.2466	PARTIALLY CLOSED	27.091		YAWNING	44.4096	5.82		YAWNING DETECTED
			0.2405	PARTIALLY CLOSED	27.108		YAWNING	44.5563	5.82		YAWNING DETECTED
			0.2334	PARTIALLY CLOSED	27.139		YAWNING	44.4304	5.81		YAWNING DETECTED
			0.232	PARTIALLY CLOSED	27.17		YAWNING	44.2465	5.8		YAWNING DETECTED
			0.2317	PARTIALLY CLOSED	27.187		YAWNING	44.2788	5.79		YAWNING DETECTED
			0.2279	PARTIALLY CLOSED	27.255		YAWNING	44.2117	5.79		YAWNING DETECTED
			0.2272	PARTIALLY CLOSED	27.276		YAWNING	44.13	5.78		YAWNING DETECTED
			0.2267	PARTIALLY CLOSED	27.297		YAWNING	43.4585	5.77		YAWNING DETECTED
			0.2248	PARTIALLY CLOSED	27.346		YAWNING	40.045	5.76		YAWNING DETECTED
			0.2236	PARTIALLY CLOSED	27.37		YAWNING	38.9152	5.76		YAWNING DETECTED
			0.2197	PARTIALLY CLOSED	27.401		YAWNING	37.7323	5.75		YAWNING DETECTED
			0.2183	PARTIALLY CLOSED	27.444		YAWNING	37.2055	5.74		YAWNING DETECTED
			0.217	PARTIALLY CLOSED	27.491		YAWNING	37.8255	5.74		YAWNING DETECTED
			0.2171	PARTIALLY CLOSED	27.51		YAWNING	37.8314	5.73		YAWNING DETECTED
			0.2172	PARTIALLY CLOSED	27.539		YAWNING	37.2113	5.72		YAWNING DETECTED
			0.2169	PARTIALLY CLOSED	27.557		YAWNING	36.9128	5.71		YAWNING DETECTED
			0.2178	PARTIALLY CLOSED	27.603		YAWNING	35.3574	5.71		YAWNING DETECTED
			0.2163	PARTIALLY CLOSED	27.65		YAWNING	35.4106	5.7		YAWNING DETECTED
			0.2158	PARTIALLY CLOSED	27.666		YAWNING	35.465	5.69		YAWNING DETECTED
			0.2138	PARTIALLY CLOSED	27.698		YAWNING	34.0506	5.69		YAWNING DETECTED
			0.2129	PARTIALLY CLOSED	27.748		YAWNING	35.1887	5.68		YAWNING DETECTED
			0.2124	PARTIALLY CLOSED	27.774		YAWNING	35.2906	5.67		YAWNING DETECTED
			0.2126	PARTIALLY CLOSED	27.794		YAWNING	34.8088	5.67		YAWNING DETECTED
			0.2121	PARTIALLY CLOSED	27.841		YAWNING	34.5041	5.66		YAWNING DETECTED
			0.2118	PARTIALLY CLOSED	27.891		YAWNING	34.3102	5.65		YAWNING DETECTED
			0.2116	PARTIALLY CLOSED	27.915		YAWNING	34.1746	5.64		YAWNING DETECTED
			0.2117	PARTIALLY CLOSED	27.939		YAWNING	34.7146	5.64		YAWNING DETECTED
			0.2116	PARTIALLY CLOSED	27.961		YAWNING	34.7899	5.63		YAWNING DETECTED
			0.2113	PARTIALLY CLOSED	28.004		YAWNING	31.8502	5.62		YAWNING DETECTED
			0.2098	PARTIALLY CLOSED	28.051		YAWNING	20.6163	5.62		YAWNING DETECTED
			0.2096	PARTIALLY CLOSED	28.069		NORMAL	19.2796	5.61		WARNING
			0.21	PARTIALLY CLOSED	28.1		NORMAL	10.3074	5.6		WARNING
			0.2112	PARTIALLY CLOSED	28.15		NORMAL	3.8026	5.6		WARNING
			0.2114	PARTIALLY CLOSED	28.178		NORMAL	3.1654	5.59		WARNING
			0.2159	PARTIALLY CLOSED	28.209		NORMAL	1.8208	5.58		WARNING
			0.2242	PARTIALLY CLOSED	28.244		NORMAL	1.6877	5.58		WARNING
			0.2367	PARTIALLY CLOSED	28.292		NORMAL	1.6292	5.57		WARNING
			0.2409	PARTIALLY CLOSED	28.318		NORMAL	1.779	5.56		WARNING
			0.2558	PARTIALLY CLOSED	28.354		NORMAL	2.0941	5.56		WARNING
			0.2601	PARTIALLY CLOSED	28.381		NORMAL	2.2012	5.55		WARNING
			0.2658	PARTIALLY CLOSED	28.401		NORMAL	2.1902	5.54		WARNING
			0.2767	PARTIALLY CLOSED	28.452		NORMAL	2.0664	5.54		WARNING
			0.2796	PARTIALLY CLOSED	28.474		NORMAL	1.9518	5.53		WARNING
			0.284	PARTIALLY CLOSED	28.504		NORMAL	1.7833	5.52		WARNING
			0.2864	PARTIALLY CLOSED	28.548		NORMAL	1.7364	5.52		WARNING
			0.2866	PARTIALLY CLOSED	28.567		NORMAL	1.6735	5.51		WARNING
			0.2876	PARTIALLY CLOSED	28.596		NORMAL	1.5583	5.5		WARNING
			0.2877	PARTIALLY CLOSED	28.646		NORMAL	1.3505	5.5		WARNING
			0.2878	PARTIALLY CLOSED	28.676		NORMAL	1.286	5.49		WARNING
			0.2884	PARTIALLY CLOSED	28.708		NORMAL	1.2817	5.48		WARNING
			0.288	PARTIALLY CLOSED	28.756		NORMAL	1.2557	5.48		WARNING
			0.2879	PARTIALLY CLOSED	28.771		NORMAL	1.2642	5.47		WARNING
			0.288	PARTIALLY CLOSED	28.803		NORMAL	1.3039	5.46		WARNING
			0.2879	PARTIALLY CLOSED	28.851		NORMAL	1.3537	5.46		WARNING
			0.288	PARTIALLY CLOSED	28.871		NORMAL	1.3444	5.45		WARNING
			0.2871	PARTIALLY CLOSED	28.898		NORMAL	1.3595	5.44		WARNING
			0.2863	PARTIALLY CLOSED	28.948		NORMAL	1.3719	5.44		WARNING
			0.286	PARTIALLY CLOSED	28.971		NORMAL	1.3865	5.43		WARNING
			0.286	PARTIALLY CLOSED	29.002		NORMAL	1.4208	5.42		WARNING
			0.2857	PARTIALLY CLOSED	29.045		NORMAL	1.4123	5.42		WARNING
			0.2858	PARTIALLY CLOSED	29.08		NORMAL	1.4094	5.41		WARNING
			0.2855	PARTIALLY CLOSED	29.106		NORMAL	1.394	5.41		WARNING
			0.2882	PARTIALLY CLOSED	29.157		NORMAL	1.3698	5.4		WARNING
			0.2882	PARTIALLY CLOSED	29.189		NORMAL	1.3723	5.39		WARNING
			0.2891	PARTIALLY CLOSED	29.22		NORMAL	1.3578	5.39		WARNING
			0.2936	PARTIALLY CLOSED	29.252		NORMAL	1.2975	5.38		WARNING
			0.295	PARTIALLY CLOSED	29.267		NORMAL	1.2459	5.37		WARNING
			0.2985	PARTIALLY CLOSED	29.3		NORMAL	1.2403	5.37		WARNING
			0.304	EYES OPEN	29.346		NORMAL	1.2637	5.36		ALERT
			0.3056	EYES OPEN	29.36		NORMAL	1.2689	5.36		ALERT
			0.3112	EYES OPEN	29.396		NORMAL	1.2677	5.35		ALERT
			0.3138	EYES OPEN	29.421		NORMAL	1.259	5.34		ALERT
			0.3154	EYES OPEN	29.451		NORMAL	1.2504	5.34		ALERT
			0.3164	EYES OPEN	29.509		NORMAL	1.2778	5.33		ALERT
			0.3174	EYES OPEN	29.558		NORMAL	1.3035	5.32		ALERT
			0.3176	EYES OPEN	29.577		NORMAL	1.2747	5.32		ALERT
			0.3197	EYES OPEN	29.604		NORMAL	1.2573	5.31		ALERT
			0.322	EYES OPEN	29.653		NORMAL	1.2158	5.31		ALERT
			0.3228	EYES OPEN	29.671		NORMAL	1.2086	5.3		ALERT
			0.3229	EYES OPEN	29.699		NORMAL	1.1948	5.29		ALERT
			0.3237	EYES OPEN	29.75		NORMAL	1.1945	5.29		ALERT
			0.3241	EYES OPEN	29.765		NORMAL	1.1795	5.28		ALERT
			0.3132	EYES OPEN	29.795		NORMAL	1.1516	5.28		ALERT
			0.3085	EYES OPEN	29.826		NORMAL	1.1324	5.27		ALERT
			0.303	EYES OPEN	29.858		NORMAL	1.1294	5.26		ALERT
			0.2958	PARTIALLY CLOSED	29.906		NORMAL	1.1364	5.26		WARNING
			0.2902	PARTIALLY CLOSED	29.954		NORMAL	1.2014	5.25		WARNING
			0.2873	PARTIALLY CLOSED	29.981		NORMAL	1.2281	5.25		WARNING
			0.2857	PARTIALLY CLOSED	30.002		NORMAL	1.2237	5.24		WARNING
			0.2859	PARTIALLY CLOSED	30.051		NORMAL	1.2566	5.23		WARNING
			0.2856	PARTIALLY CLOSED	30.089		NORMAL	1.2692	5.23		WARNING
			0.2844	PARTIALLY CLOSED	30.119		NORMAL	1.2821	5.22		WARNING
			0.281	PARTIALLY CLOSED	30.149		NORMAL	1.2682	5.22		WARNING
			0.2798	PARTIALLY CLOSED	30.18		NORMAL	1.2453	5.21		WARNING
			0.2793	PARTIALLY CLOSED	30.199		NORMAL	1.2394	5.2		WARNING
			0.276	PARTIALLY CLOSED	30.226		NORMAL	1.2586	5.2		WARNING
			0.2721	PARTIALLY CLOSED	30.259		NORMAL	1.2247	5.19		WARNING
			0.2635	PARTIALLY CLOSED	30.306		NORMAL	1.2516	5.19		WARNING
			0.259	PARTIALLY CLOSED	30.355		NORMAL	1.2684	5.18		WARNING
			0.2565	PARTIALLY CLOSED	30.38		NORMAL	1.2461	5.17		WARNING
			0.2531	PARTIALLY CLOSED	30.411		NORMAL	1.2301	5.17		WARNING
			0.2512	PARTIALLY CLOSED	30.451		NORMAL	1.2278	5.16		WARNING
			0.2504	PARTIALLY CLOSED	30.474		NORMAL	1.2246	5.16		WARNING
			0.2508	PARTIALLY CLOSED	30.507		NORMAL	1.2244	5.15		WARNING
			0.2508	PARTIALLY CLOSED	30.548		NORMAL	1.2228	5.15		WARNING
			0.2508	PARTIALLY CLOSED	30.568		NORMAL	1.2194	5.14		WARNING
			0.2507	PARTIALLY CLOSED	30.612		NORMAL	1.2329	5.13		WARNING
			0.2501	PARTIALLY CLOSED	30.63		NORMAL	1.2334	5.13		WARNING
			0.2369	PARTIALLY CLOSED	30.66		NORMAL	1.259	5.12		WARNING
			0.2118	PARTIALLY CLOSED	30.706		NORMAL	1.2784	5.12		WARNING
			0.2061	PARTIALLY CLOSED	30.754		NORMAL	1.3044	5.11		WARNING
			0.2038	PARTIALLY CLOSED	30.769		NORMAL	1.3201	5.11		WARNING
			0.2048	PARTIALLY CLOSED	30.803		NORMAL	1.3249	5.1		WARNING
			0.207	PARTIALLY CLOSED	30.853		NORMAL	1.3209	5.09		WARNING
			0.208	PARTIALLY CLOSED	30.879		NORMAL	1.2977	5.09		WARNING
			0.2088	PARTIALLY CLOSED	30.899		NORMAL	1.2926	5.08		WARNING
			0.2096	PARTIALLY CLOSED	30.925		NORMAL	1.2938	5.08		WARNING
			0.21	PARTIALLY CLOSED	30.946		NORMAL	1.2968	5.07		WARNING
			0.2103	PARTIALLY CLOSED	31.01		NORMAL	1.3315	5.07		WARNING
			0.2099	PARTIALLY CLOSED	31.032		NORMAL	1.3238	5.06		WARNING
			0.2077	PARTIALLY CLOSED	31.058		NORMAL	1.3333	5.05		WARNING
			0.207	PARTIALLY CLOSED	31.106		NORMAL	1.3386	5.05		WARNING
			0.2064	PARTIALLY CLOSED	31.154		NORMAL	1.3008	5.04		WARNING
			0.2059	PARTIALLY CLOSED	31.173		NORMAL	1.2938	5.04		WARNING
			0.2058	PARTIALLY CLOSED	31.202		NORMAL	1.2662	5.03		WARNING
			0.1959	EYES CLOSED	31.25		NORMAL	1.2584	5.14		DROWSY
			0.1934	EYES CLOSED	31.266		NORMAL	1.2637	5.24		DROWSY
			0.1124	EYES CLOSED	31.299		NORMAL	1.379	5.34		DROWSY
			0.0931	EYES CLOSED	31.329		NORMAL	1.5166	5.45		DROWSY
			0.0848	EYES CLOSED	31.364		NORMAL	1.5833	5.55		DROWSY
			0.1018	EYES CLOSED	31.411		NORMAL	1.5812	5.65		DROWSY
			0.11	EYES CLOSED	31.438		NORMAL	1.5853	5.75		DROWSY
			0.1223	EYES CLOSED	31.459		NORMAL	1.5665	5.86		DROWSY
			0.1697	EYES CLOSED	31.506		NORMAL	1.5284	5.96		DROWSY
			0.1944	EYES CLOSED	31.554		NORMAL	1.5112	6.06		DROWSY
			0.2025	PARTIALLY CLOSED	31.579		NORMAL	1.5009	6.05		WARNING
			0.2138	PARTIALLY CLOSED	31.61		NORMAL	1.4927	6.05		WARNING
			0.221	PARTIALLY CLOSED	31.65		NORMAL	1.4796	6.04		WARNING
			0.2228	PARTIALLY CLOSED	31.673		NORMAL	1.4804	6.03		WARNING
			0.2258	PARTIALLY CLOSED	31.701		NORMAL	1.4966	6.03		WARNING
			0.228	PARTIALLY CLOSED	31.735		NORMAL	1.5102	6.02		WARNING
			0.2293	PARTIALLY CLOSED	31.766		NORMAL	1.4917	6.02		WARNING
			0.2303	PARTIALLY CLOSED	31.812		NORMAL	1.5886	6.01		WARNING
			0.2304	PARTIALLY CLOSED	31.828		NORMAL	1.6247	6.0		WARNING
			0.2323	PARTIALLY CLOSED	31.86		NORMAL	1.6002	6.0		WARNING
			0.2361	PARTIALLY CLOSED	31.908		NORMAL	1.3836	5.99		WARNING
			0.2401	PARTIALLY CLOSED	31.954		NORMAL	1.3158	5.98		WARNING
			0.2416	PARTIALLY CLOSED	31.987		NORMAL	1.258	5.98		WARNING
			0.2451	PARTIALLY CLOSED	32.003		NORMAL	1.1942	5.97		WARNING
			0.2573	PARTIALLY CLOSED	32.05		NORMAL	1.1222	5.96		WARNING
			0.2599	PARTIALLY CLOSED	32.064		NORMAL	1.1173	5.96		WARNING
			0.2698	PARTIALLY CLOSED	32.114		NORMAL	1.1193	5.95		WARNING
			0.2734	PARTIALLY CLOSED	32.143		NORMAL	1.1251	5.94		WARNING
			0.2827	PARTIALLY CLOSED	32.162		NORMAL	1.1305	5.94		WARNING
			0.2932	PARTIALLY CLOSED	32.215		NORMAL	1.154	5.93		WARNING
			0.2961	PARTIALLY CLOSED	32.235		NORMAL	1.1566	5.93		WARNING
			0.3	EYES OPEN	32.258		NORMAL	1.1457	5.92		ALERT
			0.3027	EYES OPEN	32.306		NORMAL	1.2058	5.91		ALERT
			0.3029	EYES OPEN	32.354		NORMAL	1.414	5.91		ALERT
			0.303	EYES OPEN	32.374		NORMAL	1.6142	5.9		ALERT
			0.2268	PARTIALLY CLOSED	32.403		NORMAL	3.0464	5.89		WARNING
			0.2098	PARTIALLY CLOSED	32.42		NORMAL	3.3873	5.89		WARNING
			0.1625	EYES CLOSED	32.45		NORMAL	8.6909	5.99		DROWSY
			0.1971	EYES CLOSED	32.515		NORMAL	5.8104	6.09		DROWSY
			0.2146	PARTIALLY CLOSED	32.543		NORMAL	6.907	6.08		WARNING
			0.2447	PARTIALLY CLOSED	32.575		NORMAL	10.552	6.07		WARNING
			0.3154	EYES OPEN	32.613		NORMAL	8.513	6.07		ALERT
			0.3488	EYES OPEN	32.636		NORMAL	5.5971	6.06		ALERT
			0.4859	EYES OPEN	32.667		NORMAL	3.6812	6.05		ALERT
			0.7025	EYES OPEN	32.707		NORMAL	6.7213	6.05		ALERT
			0.0	NO FACE	32.754		NO FACE	0.0	6.05		NO FACE
			2.1348	EYES OPEN	32.776		NORMAL	4.6791	6.04		ALERT
			0.0	NO FACE	32.808		NO FACE	0.0	6.04		NO FACE
			2.0331	EYES OPEN	32.823		NORMAL	6.65	6.04		ALERT
			0.4918	EYES OPEN	32.869		NORMAL	3.7897	6.03		ALERT
			0.3909	EYES OPEN	32.916		NORMAL	3.8128	6.02		ALERT
			0.4065	EYES OPEN	32.932		NORMAL	3.2165	6.02		ALERT
			0.0	NO FACE	32.964		NO FACE	0.0	6.02		NO FACE
			0.1871	EYES CLOSED	33.011		NORMAL	8.4331	6.11		DROWSY
			0.17	EYES CLOSED	33.024		NORMAL	7.3851	6.21		DROWSY
			0.2077	PARTIALLY CLOSED	33.058		NORMAL	1.3199	6.2		WARNING
			0.2427	PARTIALLY CLOSED	33.106		NORMAL	1.6617	6.2		WARNING
			0.3801	EYES OPEN	33.157		NORMAL	1.8405	6.19		ALERT
			0.3919	EYES OPEN	33.179		NORMAL	2.2684	6.19		ALERT
			0.3446	EYES OPEN	33.202		NORMAL	3.6405	6.18		ALERT
			0.3302	EYES OPEN	33.226		NORMAL	3.909	6.17		ALERT
			0.3354	EYES OPEN	33.267		NORMAL	4.4176	6.17		ALERT
			0.3224	EYES OPEN	33.314		NORMAL	2.596	6.16		ALERT
			0.2948	PARTIALLY CLOSED	33.334		NORMAL	3.4901	6.15		WARNING
			0.2886	PARTIALLY CLOSED	33.363		NORMAL	2.289	6.15		WARNING
			0.3465	EYES OPEN	33.411		NORMAL	2.6631	6.14		ALERT
			0.3345	EYES OPEN	33.443		NORMAL	2.2307	6.13		ALERT
			0.3287	EYES OPEN	33.474		NORMAL	2.0951	6.13		ALERT
			0.359	EYES OPEN	33.508		NORMAL	2.732	6.12		ALERT
			0.3767	EYES OPEN	33.554		NORMAL	3.6601	6.12		ALERT
			0.347	EYES OPEN	33.581		NORMAL	3.5818	6.11		ALERT
			0.3343	EYES OPEN	33.618		NORMAL	2.7963	6.1		ALERT
			0.3183	EYES OPEN	33.642		NORMAL	1.0747	6.1		ALERT
			0.3401	EYES OPEN	33.666		NORMAL	2.1043	6.09		ALERT
			0.3515	EYES OPEN	33.717		NORMAL	1.7195	6.09		ALERT
			0.3349	EYES OPEN	33.751		NORMAL	1.6337	6.08		ALERT
			0.3026	EYES OPEN	33.782		NORMAL	3.678	6.07		ALERT
			0.3352	EYES OPEN	33.811		NORMAL	4.2476	6.07		ALERT
			0.3462	EYES OPEN	33.843		NORMAL	4.7699	6.06		ALERT
			0.3263	EYES OPEN	33.86		NORMAL	2.9608	6.05		ALERT
			0.3218	EYES OPEN	33.91		NORMAL	3.0067	6.05		ALERT
			0.3251	EYES OPEN	33.937		NORMAL	2.5812	6.04		ALERT
			0.329	EYES OPEN	33.968		NORMAL	3.3261	6.04		ALERT
			0.284	PARTIALLY CLOSED	34.02		NORMAL	2.5943	6.03		WARNING
			0.296	PARTIALLY CLOSED	34.044		NORMAL	2.278	6.02		WARNING
			0.3013	EYES OPEN	34.066		NORMAL	3.2037	6.02		ALERT
			0.3058	EYES OPEN	34.114		NORMAL	4.231	6.01		ALERT
			0.3094	EYES OPEN	34.137		NORMAL	4.715	6.01		ALERT
			0.3135	EYES OPEN	34.163		NORMAL	6.1587	6.0		ALERT
			0.3167	EYES OPEN	34.21		NORMAL	3.9867	5.99		ALERT
			0.3133	EYES OPEN	34.231		NORMAL	3.3905	5.99		ALERT
			0.3185	EYES OPEN	34.263		NORMAL	3.6141	5.98		ALERT
			0.3177	EYES OPEN	34.308		NORMAL	3.3558	5.98		ALERT
			0.319	EYES OPEN	34.323		NORMAL	3.4457	5.97		ALERT
			0.3374	EYES OPEN	34.37		NORMAL	5.26	5.96		ALERT
			0.3271	EYES OPEN	34.419		NORMAL	4.0604	5.96		ALERT
			0.3219	EYES OPEN	34.447		NORMAL	2.8041	5.95		ALERT
			0.3211	EYES OPEN	34.479		NORMAL	4.2023	5.95		ALERT
			0.3106	EYES OPEN	34.517		NORMAL	4.8629	5.94		ALERT
			0.3087	EYES OPEN	34.542		NORMAL	5.0076	5.93		ALERT
			0.3065	EYES OPEN	34.562		NORMAL	4.7619	5.93		ALERT
			0.3031	EYES OPEN	34.61		NORMAL	4.3609	5.92		ALERT
			0.3061	EYES OPEN	34.636		NORMAL	4.2015	5.92		ALERT
			0.3051	EYES OPEN	34.659		NORMAL	3.4611	5.91		ALERT
			0.2961	PARTIALLY CLOSED	34.708		NORMAL	3.7586	5.91		WARNING
			0.3002	EYES OPEN	34.729		NORMAL	3.8201	5.9		ALERT
			0.299	PARTIALLY CLOSED	34.771		YAWNING	29.8336	5.89		YAWNING DETECTED
			0.2978	PARTIALLY CLOSED	34.82		NORMAL	18.9	5.89		WARNING
			0.298	PARTIALLY CLOSED	34.84		NORMAL	15.9222	5.88		WARNING
			0.2974	PARTIALLY CLOSED	34.868		NORMAL	12.1046	5.88		WARNING
			0.2952	PARTIALLY CLOSED	34.916		NORMAL	10.1225	5.87		WARNING
			0.2959	PARTIALLY CLOSED	34.948		NORMAL	8.8641	5.87		WARNING
			0.2958	PARTIALLY CLOSED	34.978		NORMAL	6.1973	5.86		WARNING
			0.2962	PARTIALLY CLOSED	35.012		NORMAL	3.6562	5.85		WARNING
			0.2957	PARTIALLY CLOSED	35.04		NORMAL	2.7344	5.85		WARNING
			0.2888	PARTIALLY CLOSED	35.059		NORMAL	2.0218	5.84		WARNING
			0.2982	PARTIALLY CLOSED	35.122		NORMAL	2.577	5.84		WARNING
			0.3	EYES OPEN	35.149		NORMAL	2.7684	5.83		ALERT
			0.3015	EYES OPEN	35.18		NORMAL	1.9859	5.83		ALERT
			0.3004	EYES OPEN	35.218		NORMAL	1.9742	5.82		ALERT
			0.3056	EYES OPEN	35.242		NORMAL	2.2886	5.81		ALERT
			0.3	PARTIALLY CLOSED	35.268		NORMAL	2.652	5.81		WARNING
			0.3008	EYES OPEN	35.317		NORMAL	3.2133	5.8		ALERT
			0.3057	EYES OPEN	35.352		NORMAL	3.539	5.8		ALERT
			0.3018	EYES OPEN	35.368		NORMAL	3.3266	5.79		ALERT
			0.3055	EYES OPEN	35.411		NORMAL	3.1857	5.79		ALERT
			0.3031	EYES OPEN	35.431		NORMAL	3.0406	5.78		ALERT
			0.3001	EYES OPEN	35.458		NORMAL	3.0666	5.77		ALERT
			0.288	PARTIALLY CLOSED	35.522		NORMAL	2.7721	5.77		WARNING
			0.2889	PARTIALLY CLOSED	35.541		NORMAL	2.8953	5.76		WARNING
			0.29	PARTIALLY CLOSED	35.571		NORMAL	2.7751	5.76		WARNING
			0.2957	PARTIALLY CLOSED	35.621		NORMAL	2.6925	5.75		WARNING
			0.2967	PARTIALLY CLOSED	35.65		NORMAL	2.7055	5.75		WARNING
			0.2998	PARTIALLY CLOSED	35.681		NORMAL	2.5067	5.74		WARNING
			0.3023	EYES OPEN	35.716		NORMAL	2.6138	5.74		ALERT
			0.3025	EYES OPEN	35.744		NORMAL	2.659	5.73		ALERT
			0.3008	EYES OPEN	35.762		NORMAL	2.7198	5.73		ALERT
			0.2994	PARTIALLY CLOSED	35.81		NORMAL	2.5809	5.72		WARNING
			0.2987	PARTIALLY CLOSED	35.835		NORMAL	2.4944	5.71		WARNING
			0.2982	PARTIALLY CLOSED	35.873		NORMAL	2.5713	5.71		WARNING
			0.2844	PARTIALLY CLOSED	35.924		NORMAL	2.8361	5.7		WARNING
			0.2807	PARTIALLY CLOSED	35.945		NORMAL	2.8788	5.7		WARNING
			0.1314	EYES CLOSED	35.971		NORMAL	3.1867	5.79		DROWSY
			0.0989	EYES CLOSED	36.019		NORMAL	3.8141	5.88		DROWSY
			0.0987	EYES CLOSED	36.039		NORMAL	3.9989	5.97		DROWSY
			0.1363	EYES CLOSED	36.066		NORMAL	3.7417	6.05		DROWSY
			0.159	EYES CLOSED	36.116		NORMAL	3.6345	6.14		DROWSY
			0.1671	EYES CLOSED	36.131		NORMAL	3.5385	6.23		DROWSY
			0.2136	PARTIALLY CLOSED	36.164		NORMAL	3.4009	6.23		WARNING
			0.2475	PARTIALLY CLOSED	36.214		NORMAL	3.2912	6.22		WARNING
			0.2596	PARTIALLY CLOSED	36.239		NORMAL	3.235	6.21		WARNING
			0.2638	PARTIALLY CLOSED	36.275		NORMAL	2.9064	6.21		WARNING
			0.2702	PARTIALLY CLOSED	36.322		NORMAL	3.0874	6.2		WARNING
			0.2725	PARTIALLY CLOSED	36.349		NORMAL	3.1628	6.2		WARNING
			0.2765	PARTIALLY CLOSED	36.379		NORMAL	2.913	6.19		WARNING
			0.2821	PARTIALLY CLOSED	36.419		NORMAL	2.8538	6.19		WARNING
			0.283	PARTIALLY CLOSED	36.441		NORMAL	2.7285	6.18		WARNING
			0.2883	PARTIALLY CLOSED	36.467		NORMAL	2.5649	6.17		WARNING
			0.2863	PARTIALLY CLOSED	36.515		NORMAL	3.0684	6.17		WARNING
			0.2868	PARTIALLY CLOSED	36.535		NORMAL	3.2234	6.16		WARNING
			0.2861	PARTIALLY CLOSED	36.563		NORMAL	3.1003	6.16		WARNING
			0.2863	PARTIALLY CLOSED	36.581		NORMAL	2.9771	6.15		WARNING
			0.2837	PARTIALLY CLOSED	36.629		NORMAL	2.3625	6.15		WARNING
			0.2835	PARTIALLY CLOSED	36.676		NORMAL	2.4722	6.14		WARNING
			0.283	PARTIALLY CLOSED	36.727		NORMAL	1.9666	6.13		WARNING
			0.2821	PARTIALLY CLOSED	36.753		NORMAL	1.9494	6.13		WARNING
			0.2822	PARTIALLY CLOSED	36.784		NORMAL	1.7218	6.12		WARNING
			0.283	PARTIALLY CLOSED	36.819		NORMAL	1.5459	6.12		WARNING
			0.2842	PARTIALLY CLOSED	36.846		NORMAL	1.465	6.11		WARNING
			0.2842	PARTIALLY CLOSED	36.877		NORMAL	1.5237	6.11		WARNING
			0.2848	PARTIALLY CLOSED	36.915		NORMAL	1.4351	6.1		WARNING
			0.2853	PARTIALLY CLOSED	36.939		NORMAL	1.4123	6.09		WARNING
			0.2851	PARTIALLY CLOSED	36.965		NORMAL	1.3978	6.09		WARNING
			0.2849	PARTIALLY CLOSED	36.986		NORMAL	1.5069	6.08		WARNING
			0.2852	PARTIALLY CLOSED	37.025		NORMAL	1.3202	6.08		WARNING
			0.2835	PARTIALLY CLOSED	37.076		NORMAL	1.1734	6.07		WARNING
			0.2835	PARTIALLY CLOSED	37.124		NORMAL	1.2213	6.07		WARNING
			0.2836	PARTIALLY CLOSED	37.141		NORMAL	1.2315	6.06		WARNING
			0.2852	PARTIALLY CLOSED	37.172		NORMAL	1.2971	6.06		WARNING
			0.2847	PARTIALLY CLOSED	37.221		NORMAL	1.5897	6.05		WARNING
			0.2852	PARTIALLY CLOSED	37.235		NORMAL	1.6276	6.04		WARNING
			0.2852	PARTIALLY CLOSED	37.269		NORMAL	1.6482	6.04		WARNING
			0.2836	PARTIALLY CLOSED	37.317		NORMAL	1.5641	6.03		WARNING
			0.2837	PARTIALLY CLOSED	37.344		NORMAL	1.5739	6.03		WARNING
			0.2831	PARTIALLY CLOSED	37.381		NORMAL	1.9319	6.02		WARNING
			0.2833	PARTIALLY CLOSED	37.42		NORMAL	2.0341	6.02		WARNING
			0.285	PARTIALLY CLOSED	37.45		NORMAL	1.8611	6.01		WARNING
			0.2871	PARTIALLY CLOSED	37.481		NORMAL	1.8278	6.01		WARNING
			0.2884	PARTIALLY CLOSED	37.522		NORMAL	1.7113	6.0		WARNING
			0.2883	PARTIALLY CLOSED	37.544		NORMAL	1.7285	5.99		WARNING
			0.291	PARTIALLY CLOSED	37.571		NORMAL	1.6853	5.99		WARNING
			0.2893	PARTIALLY CLOSED	37.62		NORMAL	1.7123	5.98		WARNING
			0.2882	PARTIALLY CLOSED	37.651		NORMAL	1.7735	5.98		WARNING
			0.2883	PARTIALLY CLOSED	37.667		NORMAL	1.793	5.97		WARNING
			0.288	PARTIALLY CLOSED	37.716		NORMAL	1.7781	5.97		WARNING
			0.2879	PARTIALLY CLOSED	37.746		NORMAL	1.7602	5.96		WARNING
			0.2888	PARTIALLY CLOSED	37.78		NORMAL	1.687	5.96		WARNING
			0.2892	PARTIALLY CLOSED	37.808		NORMAL	1.6273	5.95		WARNING
			0.2915	PARTIALLY CLOSED	37.827		NORMAL	1.5614	5.95		WARNING
			0.2931	PARTIALLY CLOSED	37.876		NORMAL	1.4708	5.94		WARNING
			0.2924	PARTIALLY CLOSED	37.922		NORMAL	1.3291	5.94		WARNING
			0.2919	PARTIALLY CLOSED	37.948		NORMAL	1.2958	5.93		WARNING
			0.293	PARTIALLY CLOSED	37.971		NORMAL	1.2114	5.92		WARNING
			0.2933	PARTIALLY CLOSED	38.018		NORMAL	1.2205	5.92		WARNING
			0.294	PARTIALLY CLOSED	38.042		NORMAL	1.1194	5.91		WARNING
			0.2933	PARTIALLY CLOSED	38.066		NORMAL	1.1424	5.91		WARNING
			0.2932	PARTIALLY CLOSED	38.087		NORMAL	1.2012	5.9		WARNING
			0.2935	PARTIALLY CLOSED	38.132		NORMAL	1.7767	5.9		WARNING
			0.2941	PARTIALLY CLOSED	38.18		NORMAL	1.7874	5.89		WARNING
			0.2938	PARTIALLY CLOSED	38.198		NORMAL	1.742	5.89		WARNING
			0.2936	PARTIALLY CLOSED	38.227		NORMAL	1.8123	5.88		WARNING
			0.2959	PARTIALLY CLOSED	38.275		NORMAL	1.5493	5.88		WARNING
			0.2969	PARTIALLY CLOSED	38.325		NORMAL	1.5874	5.87		WARNING
			0.2962	PARTIALLY CLOSED	38.355		NORMAL	1.5933	5.87		WARNING
			0.2963	PARTIALLY CLOSED	38.37		NORMAL	1.6103	5.86		WARNING
			0.2928	PARTIALLY CLOSED	38.419		NORMAL	1.6191	5.86		WARNING
			0.2916	PARTIALLY CLOSED	38.447		NORMAL	1.6031	5.85		WARNING
			0.2897	PARTIALLY CLOSED	38.467		NORMAL	1.6891	5.85		WARNING
			0.2884	PARTIALLY CLOSED	38.494		NORMAL	1.7619	5.84		WARNING
			0.2872	PARTIALLY CLOSED	38.53		NORMAL	1.8081	5.84		WARNING
			0.286	PARTIALLY CLOSED	38.578		NORMAL	1.7508	5.83		WARNING
			0.2868	PARTIALLY CLOSED	38.603		NORMAL	1.6009	5.83		WARNING
			0.2874	PARTIALLY CLOSED	38.649		NORMAL	1.2939	5.82		WARNING
			0.2879	PARTIALLY CLOSED	38.681		NORMAL	1.2331	5.81		WARNING
			0.2889	PARTIALLY CLOSED	38.725		NORMAL	1.1942	5.81		WARNING
			0.2894	PARTIALLY CLOSED	38.758		NORMAL	1.1743	5.8		WARNING
			0.2889	PARTIALLY CLOSED	38.788		NORMAL	1.1965	5.8		WARNING
			0.2914	PARTIALLY CLOSED	38.819		NORMAL	1.3128	5.79		WARNING
			0.2924	PARTIALLY CLOSED	38.851		NORMAL	1.5486	5.79		WARNING
			0.2922	PARTIALLY CLOSED	38.885		NORMAL	1.5618	5.78		WARNING
			0.292	PARTIALLY CLOSED	38.898		NORMAL	1.5573	5.78		WARNING
			0.2922	PARTIALLY CLOSED	38.931		NORMAL	1.5829	5.77		WARNING
			0.2922	PARTIALLY CLOSED	38.982		NORMAL	1.6517	5.77		WARNING
			0.293	PARTIALLY CLOSED	39.005		NORMAL	1.56	5.76		WARNING
			0.2926	PARTIALLY CLOSED	39.028		NORMAL	1.6084	5.76		WARNING
			0.2926	PARTIALLY CLOSED	39.073		NORMAL	1.667	5.75		WARNING
			0.2922	PARTIALLY CLOSED	39.123		NORMAL	1.5601	5.75		WARNING
			0.2918	PARTIALLY CLOSED	39.146		NORMAL	1.5541	5.74		WARNING
			0.292	PARTIALLY CLOSED	39.177		NORMAL	1.5944	5.74		WARNING
			0.2933	PARTIALLY CLOSED	39.221		NORMAL	1.575	5.73		WARNING
			0.2938	PARTIALLY CLOSED	39.24		NORMAL	1.5586	5.73		WARNING
			0.298	PARTIALLY CLOSED	39.284		NORMAL	1.6352	5.72		WARNING
			0.3001	EYES OPEN	39.317		NORMAL	1.6304	5.72		ALERT
			0.3005	EYES OPEN	39.349		NORMAL	1.7577	5.71		ALERT
			0.3	EYES OPEN	39.38		NORMAL	1.6172	5.71		ALERT
			0.2997	PARTIALLY CLOSED	39.395		NORMAL	1.6167	5.7		WARNING
			0.2994	PARTIALLY CLOSED	39.428		NORMAL	1.5765	5.7		WARNING
			0.2942	PARTIALLY CLOSED	39.479		NORMAL	1.4551	5.69		WARNING
			0.0914	EYES CLOSED	39.522		NORMAL	2.4404	5.78		DROWSY
			0.0788	EYES CLOSED	39.535		NORMAL	2.5022	5.86		DROWSY
			0.1141	EYES CLOSED	39.571		NORMAL	1.7252	5.94		DROWSY
			0.1235	EYES CLOSED	39.596		NORMAL	1.3796	6.02		DROWSY
			0.1985	EYES CLOSED	39.635		NORMAL	1.6133	6.1		DROWSY
			0.2392	PARTIALLY CLOSED	39.683		NORMAL	1.3127	6.09		WARNING
			0.245	PARTIALLY CLOSED	39.704		NORMAL	1.1498	6.09		WARNING
			0.2447	PARTIALLY CLOSED	39.73		NORMAL	1.2283	6.08		WARNING
			0.2497	PARTIALLY CLOSED	39.779		NORMAL	2.2988	6.08		WARNING
			0.246	PARTIALLY CLOSED	39.797		NORMAL	2.4499	6.07		WARNING
			0.2817	PARTIALLY CLOSED	39.829		NORMAL	4.1082	6.07		WARNING
			0.2785	PARTIALLY CLOSED	39.876		NORMAL	2.4551	6.06		WARNING
			0.3132	EYES OPEN	39.925		NORMAL	4.7098	6.06		ALERT
			0.3173	EYES OPEN	39.953		NORMAL	4.5887	6.05		ALERT
			0.3427	EYES OPEN	39.974		NORMAL	6.5086	6.05		ALERT
			0.3522	EYES OPEN	39.998		NORMAL	5.4906	6.04		ALERT
			0.4245	EYES OPEN	40.034		NORMAL	6.5252	6.04		ALERT
			0.606	EYES OPEN	40.082		NORMAL	2.8674	6.03		ALERT
			0.5863	EYES OPEN	40.107		NORMAL	2.8654	6.03		ALERT
			0.8026	EYES OPEN	40.131		NORMAL	2.9255	6.02		ALERT
			0.8098	EYES OPEN	40.178		NORMAL	1.7065	6.02		ALERT
			0.8288	EYES OPEN	40.2		NORMAL	1.7789	6.01		ALERT
			1.0982	EYES OPEN	40.231		NORMAL	2.0097	6.01		ALERT
			1.0979	EYES OPEN	40.277		NORMAL	2.2502	6.0		ALERT
			0.4533	EYES OPEN	40.324		NORMAL	2.672	6.0		ALERT
			0.3959	EYES OPEN	40.353		NORMAL	5.7295	5.99		ALERT
			0.2494	PARTIALLY CLOSED	40.387		NORMAL	3.1681	5.99		WARNING
			0.2543	PARTIALLY CLOSED	40.415		NORMAL	5.2546	5.98		WARNING
			0.2037	PARTIALLY CLOSED	40.446		NORMAL	2.8711	5.98		WARNING
			0.1602	EYES CLOSED	40.482		NORMAL	5.2203	6.06		DROWSY
			0.1378	EYES CLOSED	40.509		NORMAL	4.4097	6.13		DROWSY
			0.1228	EYES CLOSED	40.541		NORMAL	5.2299	6.21		DROWSY
			0.1336	EYES CLOSED	40.578		NORMAL	4.3659	6.29		DROWSY
			0.1278	EYES CLOSED	40.603		NORMAL	4.3948	6.37		DROWSY
			0.1431	EYES CLOSED	40.626		NORMAL	3.3067	6.45		DROWSY
			0.1584	EYES CLOSED	40.676		NORMAL	2.2998	6.53		DROWSY
			0.1706	EYES CLOSED	40.724		NORMAL	2.5188	6.61		DROWSY
			0.1741	EYES CLOSED	40.743		NORMAL	2.1224	6.68		DROWSY
			0.1925	EYES CLOSED	40.791		NORMAL	1.5246	6.76		DROWSY
			0.1925	EYES CLOSED	40.82		NORMAL	1.8562	6.84		DROWSY
			0.1988	EYES CLOSED	40.85		NORMAL	1.4374	6.92		DROWSY
			0.1957	EYES CLOSED	40.885		NORMAL	1.0357	6.99		DROWSY
			0.1998	EYES CLOSED	40.911		NORMAL	1.0426	7.07		DROWSY
			0.2226	PARTIALLY CLOSED	40.941		NORMAL	1.5528	7.07		WARNING
			0.2705	PARTIALLY CLOSED	40.978		NORMAL	1.7163	7.06		WARNING
			0.2748	PARTIALLY CLOSED	41.003		NORMAL	1.7014	7.05		WARNING
			0.2824	PARTIALLY CLOSED	41.026		NORMAL	1.8332	7.05		WARNING
			0.2916	PARTIALLY CLOSED	41.078		NORMAL	1.72	7.04		WARNING
			0.2894	PARTIALLY CLOSED	41.113		NORMAL	1.5814	7.04		WARNING
			0.2872	PARTIALLY CLOSED	41.144		NORMAL	1.715	7.03		WARNING
			0.2887	PARTIALLY CLOSED	41.186		NORMAL	1.6445	7.02		WARNING
			0.2886	PARTIALLY CLOSED	41.207		NORMAL	1.8045	7.02		WARNING
			0.286	PARTIALLY CLOSED	41.238		NORMAL	1.782	7.01		WARNING
			0.2848	PARTIALLY CLOSED	41.285		NORMAL	1.8544	7.01		WARNING
			0.2835	PARTIALLY CLOSED	41.316		NORMAL	1.8429	7.0		WARNING
			0.2833	PARTIALLY CLOSED	41.331		NORMAL	1.9215	7.0		WARNING
			0.2817	PARTIALLY CLOSED	41.381		NORMAL	1.8253	6.99		WARNING
			0.1715	EYES CLOSED	2026-08-31 11:42:35		NOT YAWNING	6.16	100.0		DROWSY - HIGH PERCLOS
			0.3213	PARTIALLY CLOSED	2026-08-31 11:42:36		NOT YAWNING	3.27	81.25		DROWSY - HIGH PERCLOS
			0.3211	PARTIALLY CLOSED	2026-08-31 11:42:37		NOT YAWNING	3.48	46.03		ALERT
			0.3309	PARTIALLY CLOSED	2026-08-31 11:42:38		YAWNING	28.34	30.85		YAWNING DETECTED
			0.3303	PARTIALLY CLOSED	2026-08-31 11:42:39		NOT YAWNING	17.05	23.2		ALERT
			0.2975	EYES CLOSED	2026-08-31 11:42:40		NOT YAWNING	19.36	23.72		EYES CLOSED
			0.2953	EYES CLOSED	2026-08-31 11:42:41		NOT YAWNING	16.44	30.65		EYES CLOSED
			0.2915	EYES CLOSED	2026-08-31 11:42:42		NOT YAWNING	16.8	35.65		EYES CLOSED
			0.2477	EYES CLOSED	2026-08-31 11:42:43		NOT YAWNING	17.23	35.63		EYES CLOSED
			0.3633	EYES OPEN	2026-08-31 11:42:44		NOT YAWNING	18.05	33.33		ALERT
			0.3004	PARTIALLY CLOSED	2026-08-31 11:42:45		NOT YAWNING	2.77	36.57		ALERT
			0.2816	EYES CLOSED	2026-08-31 11:42:46		NOT YAWNING	3.17	38.64		EYES CLOSED
			0.2725	EYES CLOSED	2026-08-31 11:42:47		NOT YAWNING	6.48	43.78		EYES CLOSED
			0.289	EYES CLOSED	2026-08-31 11:42:48		NOT YAWNING	3.14	47.5		EYES CLOSED
			0.3071	PARTIALLY CLOSED	2026-08-31 11:42:49		NOT YAWNING	3.15	48.72		ALERT
			0.2965	EYES CLOSED	2026-08-31 11:42:50		NOT YAWNING	3.25	45.77		EYES CLOSED
			0.7061	EYES OPEN	2026-08-31 11:42:51		NOT YAWNING	9.3	46.34		ALERT
			0.7781	EYES OPEN	2026-08-31 11:42:52		NOT YAWNING	8.79	43.68		ALERT
			0.2305	EYES CLOSED	2026-08-31 11:42:53		NOT YAWNING	3.81	45.03		EYES CLOSED
			0.1674	EYES CLOSED	2026-08-31 12:06:18		NOT YAWNING	2.61	100.0		DROWSY - HIGH PERCLOS
			0.2903	EYES CLOSED	2026-08-31 12:06:19		NOT YAWNING	2.57	28.12		EYES CLOSED
			0.3144	PARTIALLY CLOSED	2026-08-31 12:06:20		YAWNING	22.35	61.9		YAWNING DETECTED
			0.3794	EYES OPEN	2026-08-31 12:06:21		NOT YAWNING	15.71	47.87		ALERT
			0.2912	EYES CLOSED	2026-08-31 12:06:22		NOT YAWNING	2.7	48.39		EYES CLOSED
			0.2827	EYES CLOSED	2026-08-31 12:06:23		NOT YAWNING	2.73	58.97		EYES CLOSED
			0.278	EYES CLOSED	2026-08-31 12:06:24		NOT YAWNING	3.09	65.78		EYES CLOSED
			0.3636	EYES OPEN	2026-08-31 12:06:25		NOT YAWNING	3.1	64.52		ALERT
			0.2971	EYES CLOSED	2026-08-31 12:06:26		NOT YAWNING	3.21	57.89		EYES CLOSED
			0.2817	EYES CLOSED	2026-08-31 12:06:27		NOT YAWNING	3.11	61.15		EYES CLOSED
			0.2723	EYES CLOSED	2026-08-31 12:06:28		NOT YAWNING	3.11	65.05		EYES CLOSED
			0.2418	EYES CLOSED	2026-08-31 12:06:29		NOT YAWNING	3.05	68.14		EYES CLOSED
			0.2641	EYES CLOSED	2026-08-31 12:06:30		NOT YAWNING	3.19	70.89		EYES CLOSED
			0.3332	PARTIALLY CLOSED	2026-08-31 12:06:31		NOT YAWNING	3.28	68.83		ALERT
			0.2571	EYES CLOSED	2026-08-31 12:06:32		YAWNING	25.72	66.67		EYES CLOSED
			0.2796	EYES CLOSED	2026-08-31 12:06:34		NOT YAWNING	15.08	68.83		EYES CLOSED
			0.3015	PARTIALLY CLOSED	2026-08-31 12:06:35		NOT YAWNING	9.55	70.39		ALERT
			0.0779	EYES CLOSED	2026-08-31 12:06:36		NOT YAWNING	3.05	68.26		EYES CLOSED
			0.2726	EYES CLOSED	2026-08-31 12:06:37		NOT YAWNING	2.81	70.04		EYES CLOSED
			0.2716	EYES CLOSED	2026-08-31 12:06:42		NOT YAWNING	3.23	100.0		DROWSY - HIGH PERCLOS
			0.3075	PARTIALLY CLOSED	2026-08-31 12:06:43		NOT YAWNING	3.17	28.12		ALERT
			0.0819	EYES CLOSED	2026-08-31 12:06:44		YAWNING	21.94	32.26		EYES CLOSED
			0.2978	EYES CLOSED	2026-08-31 12:06:45		YAWNING	22.69	54.35		EYES CLOSED
			0.2734	EYES CLOSED	2026-08-31 12:06:46		YAWNING	51.99	65.57		EYES CLOSED
			0.2618	EYES CLOSED	2026-08-31 12:06:47		YAWNING	32.62	72.37		EYES CLOSED
			0.2863	EYES CLOSED	2026-08-31 12:06:48		YAWNING	21.6	76.92		EYES CLOSED
			0.2878	EYES CLOSED	2026-08-31 12:06:49		YAWNING	22.2	80.28		DROWSY - HIGH PERCLOS
			0.0934	EYES CLOSED	2026-08-31 12:06:50		YAWNING	21.79	82.72		DROWSY - HIGH PERCLOS
			0.1264	EYES CLOSED	2026-08-31 12:06:51		YAWNING	22.15	84.67		DROWSY - HIGH PERCLOS
			0.2894	EYES CLOSED	2026-08-31 12:06:52		YAWNING	20.7	86.18		DROWSY - HIGH PERCLOS
			0.219	EYES CLOSED	2026-08-31 12:06:53		YAWNING	21.66	87.46		DROWSY - HIGH PERCLOS
			0.2455	EYES CLOSED	2026-08-31 12:06:54		YAWNING	25.66	88.52		DROWSY - HIGH PERCLOS
			0.249	EYES CLOSED	2026-08-31 12:06:55		YAWNING	28.2	89.39		DROWSY - HIGH PERCLOS
			0.2964	EYES CLOSED	2026-08-31 12:06:56		YAWNING	28.12	89.91		DROWSY - HIGH PERCLOS
			0.2783	EYES CLOSED	2026-08-31 12:06:57		NOT YAWNING	2.8	90.59		DROWSY - HIGH PERCLOS
			0.3011	PARTIALLY CLOSED	2026-08-31 12:06:58		NOT YAWNING	2.58	90.14		DROWSY - HIGH PERCLOS
			0.3051	PARTIALLY CLOSED	2026-08-31 12:06:59		NOT YAWNING	2.54	84.75		DROWSY - HIGH PERCLOS
2026-08-31 12:07:07	0.2809	0.2648	0.2728	PARTIALLY CLOSED	0.0013		NO YAWN	0.0			NORMAL
2026-08-31 12:07:08	0.3345	0.312	0.3233	EYES OPEN	0.0026		NO YAWN	9.38			NORMAL
2026-08-31 12:07:09	0.3077	0.2869	0.2973	PARTIALLY CLOSED	0.0022		NO YAWN	4.84			NORMAL
2026-08-31 12:07:10	0.3071	0.2914	0.2993	PARTIALLY CLOSED	0.0035		NO YAWN	9.68			NORMAL
2026-08-31 12:07:11	0.3106	0.2907	0.3006	EYES OPEN	0.0047		NO YAWN	7.32			NORMAL
2026-08-31 12:07:12	0.2483	0.2355	0.2419	PARTIALLY CLOSED	0.0048		NO YAWN	5.84			NORMAL
2026-08-31 12:07:13	0.3293	0.3131	0.3212	EYES OPEN	0.0053		NO YAWN	4.89			NORMAL
2026-08-31 12:07:14	0.2785	0.2643	0.2714	PARTIALLY CLOSED	0.0055		NO YAWN	6.51			NORMAL
2026-08-31 12:07:15	0.3072	0.2893	0.2982	PARTIALLY CLOSED	0.2774		NO YAWN	5.71			NORMAL
2026-08-31 12:07:16	0.3069	0.2964	0.3017	EYES OPEN	0.4403		NO YAWN	6.88			NORMAL
2026-08-31 12:07:17	0.2932	0.2957	0.2945	PARTIALLY CLOSED	0.7266		YAWNING	6.21			YAWNING DETECTED
2026-08-31 12:07:18	0.2747	0.2722	0.2734	PARTIALLY CLOSED	0.9303		YAWNING	7.12			YAWNING DETECTED
2026-08-31 12:07:19	0.2825	0.2764	0.2794	PARTIALLY CLOSED	1.0545		YAWNING	7.9			YAWNING DETECTED
2026-08-31 12:07:20	0.2722	0.2792	0.2757	PARTIALLY CLOSED	0.7633		YAWNING	7.29			YAWNING DETECTED
2026-08-31 12:07:21	0.2651	0.2685	0.2668	PARTIALLY CLOSED	0.5919		NO YAWN	6.78			NORMAL
2026-08-31 12:07:22	0.2449	0.2501	0.2475	PARTIALLY CLOSED	0.5341		NO YAWN	7.63			NORMAL
2026-08-31 12:07:23	0.2634	0.2442	0.2538	PARTIALLY CLOSED	0.0037		NO YAWN	7.16			NORMAL
2026-08-31 12:07:24	0.261	0.2481	0.2545	PARTIALLY CLOSED	0.4623		NO YAWN	6.74			NORMAL
2026-08-31 12:07:25	0.2691	0.2703	0.2697	PARTIALLY CLOSED	0.6028		YAWNING	7.45			YAWNING DETECTED
2026-08-31 12:07:26	0.2547	0.254	0.2543	PARTIALLY CLOSED	0.6224		YAWNING	7.06			YAWNING DETECTED
2026-08-31 12:07:27	0.0373	0.0309	0.0341	EYES CLOSED	0.1688		NO YAWN	7.19			EYES CLOSED
2026-08-31 12:07:28	0.2692	0.2703	0.2698	PARTIALLY CLOSED	0.7164		YAWNING	7.63			YAWNING DETECTED
2026-08-31 12:07:29	0.2182	0.2257	0.222	PARTIALLY CLOSED	0.771		YAWNING	8.32			YAWNING DETECTED
2026-08-31 12:07:30	0.2645	0.2645	0.2645	PARTIALLY CLOSED	0.1894		NO YAWN	7.95			NORMAL
2026-08-31 12:07:31	0.2315	0.2204	0.2259	PARTIALLY CLOSED	0.0061		NO YAWN	7.62			NORMAL
2026-08-31 12:07:32	0.1746	0.1295	0.1521	EYES CLOSED	0.0015		NO YAWN	8.76			EYES CLOSED
2026-08-31 12:07:33	0.1811	0.1231	0.1521	EYES CLOSED	0.0014		NO YAWN	9.8			EYES CLOSED
2026-08-31 12:07:34	0.3181	0.3052	0.3116	EYES OPEN	0.0196		NO YAWN	10.88			NORMAL
2026-08-31 12:07:35	0.3409	0.3155	0.3282	EYES OPEN	0.0044		NO YAWN	11.44			NORMAL
2026-08-31 12:07:36	0.2973	0.2729	0.2851	PARTIALLY CLOSED	0.003		NO YAWN	11.6			NORMAL
2026-08-31 12:07:37	0.2965	0.2808	0.2887	PARTIALLY CLOSED	0.0012		NO YAWN	11.22			NORMAL
2026-08-31 12:07:38	0.1083	0.1181	0.1132	EYES CLOSED	0.0022		NO YAWN	10.96			EYES CLOSED
2026-08-31 12:07:39	0.2908	0.2652	0.278	PARTIALLY CLOSED	0.0023		NO YAWN	10.93			NORMAL
2026-08-31 12:07:40	0.3154	0.2813	0.2984	PARTIALLY CLOSED	0.212		NO YAWN	10.59			NORMAL
2026-08-31 12:07:41	0.2243	0.1892	0.2068	PARTIALLY CLOSED	0.3877		NO YAWN	10.29			NORMAL
2026-08-31 12:07:42	0.3301	0.283	0.3066	EYES OPEN	0.5268		NO YAWN	10.37			NORMAL
2026-08-31 12:07:43	0.3046	0.2749	0.2898	PARTIALLY CLOSED	0.7003		YAWNING	10.54			YAWNING DETECTED
2026-08-31 12:07:44	0.308	0.2819	0.2949	PARTIALLY CLOSED	0.6205		YAWNING	10.26			YAWNING DETECTED
2026-08-31 12:07:45	0.0986	0.1285	0.1135	EYES CLOSED	0.6088		YAWNING	10.5			EYES CLOSED
2026-08-31 12:07:46	0.3008	0.2695	0.2852	PARTIALLY CLOSED	0.6112		YAWNING	10.32			YAWNING DETECTED
2026-08-31 12:07:47	0.3073	0.3485	0.3279	EYES OPEN	0.0843		NO YAWN	10.47			NORMAL
2026-08-31 12:07:48	0.225	0.3228	0.2739	PARTIALLY CLOSED	0.0417		NO YAWN	10.21			NORMAL
2026-08-31 12:07:49	0.2456	0.2926	0.2691	PARTIALLY CLOSED	0.0033		NO YAWN	10.2			NORMAL
2026-08-31 12:07:50	0.2713	0.2585	0.2649	PARTIALLY CLOSED	0.0026		NO YAWN	9.97			NORMAL
2026-08-31 20:59:53	0.2641	0.2625	0.2633	PARTIALLY CLOSED	0.1586		NO YAWN	0.0			NORMAL
2026-08-31 20:59:54	0.2249	0.2124	0.2187	PARTIALLY CLOSED	0.1603		NO YAWN	43.33			NORMAL
2026-08-31 20:59:55	0.1744	0.1317	0.153	EYES CLOSED	0.0067		NO YAWN	36.67			EYES CLOSED
2026-08-31 20:59:56	0.2167	0.1863	0.2015	PARTIALLY CLOSED	0.5673		NO YAWN	30.0			NORMAL
2026-08-31 20:59:57	0.2086	0.1809	0.1947	PARTIALLY CLOSED	0.4317		NO YAWN	22.5			NORMAL
2026-08-31 20:59:58	0.1656	0.1084	0.137	EYES CLOSED	0.4433		NO YAWN	26.49			EYES CLOSED
2026-08-31 20:59:59	0.1809	0.1591	0.17	EYES CLOSED	0.3575		NO YAWN	29.83			EYES CLOSED
2026-08-31 21:00:00	0.2229	0.2084	0.2156	PARTIALLY CLOSED	0.0062		NO YAWN	30.66			NORMAL
2026-08-31 21:00:01	0.3836	0.3593	0.3714	EYES OPEN	0.1361		NO YAWN	31.4			NORMAL
2026-08-31 21:00:02	0.3489	0.3397	0.3443	EYES OPEN	0.2438		NO YAWN	27.84			NORMAL
2026-08-31 21:00:03	0.1643	0.1511	0.1577	EYES CLOSED	0.1648		NO YAWN	26.64			EYES CLOSED
2026-08-31 21:00:04	0.2781	0.2633	0.2707	PARTIALLY CLOSED	0.0479		NO YAWN	29.34			NORMAL
2026-08-31 21:00:05	0.1307	0.0882	0.1095	EYES CLOSED	0.0937		NO YAWN	31.04			EYES CLOSED
2026-08-31 21:00:06	0.3711	0.3562	0.3637	EYES OPEN	0.1369		NO YAWN	32.49			NORMAL
2026-08-31 21:00:07	0.3503	0.3359	0.3431	EYES OPEN	0.2334		NO YAWN	30.12			NORMAL
2026-08-31 21:00:08	0.0741	0.0632	0.0687	EYES CLOSED	0.2203		NO YAWN	28.57			EYES CLOSED
2026-08-31 21:00:09	0.3253	0.3132	0.3193	EYES OPEN	0.2711		NO YAWN	27.16			NORMAL
2026-08-31 21:00:10	0.12	0.0818	0.1009	EYES CLOSED	0.6684		YAWNING	26.74			EYES CLOSED
2026-08-31 21:00:11	0.311	0.3005	0.3058	EYES OPEN	0.0734		NO YAWN	29.62			NORMAL
2026-08-31 21:00:12	0.3551	0.3475	0.3513	EYES OPEN	0.7376		YAWNING	28.08			YAWNING DETECTED
2026-08-31 21:00:13	0.3432	0.339	0.3411	EYES OPEN	0.647		YAWNING	26.69			YAWNING DETECTED
2026-08-31 21:00:14	0.1316	0.0885	0.11	EYES CLOSED	0.0394		NO YAWN	28.57			EYES CLOSED
2026-09-01 10:59:27	0.3459	0.2773	0.3116	EYES OPEN	0.0037		NO YAWN	0.0			NORMAL
2026-09-01 10:59:28	0.3162	0.2721	0.2942	PARTIALLY CLOSED	0.0032		NO YAWN	6.9			NORMAL
2026-09-01 10:59:29	0.3317	0.3201	0.3259	EYES OPEN	0.1189		NO YAWN	3.39			NORMAL
2026-09-01 10:59:30	0.2361	0.1867	0.2114	PARTIALLY CLOSED	0.0059		NO YAWN	2.25			NORMAL
2026-09-01 10:59:31	0.2013	0.1578	0.1795	EYES CLOSED	0.0092		NO YAWN	19.17			EYES CLOSED
2026-09-01 10:59:32	0.2802	0.2603	0.2702	PARTIALLY CLOSED	0.0092		NO YAWN	15.23			NORMAL
2026-09-01 10:59:33	0.1313	0.055	0.0932	EYES CLOSED	0.0212		NO YAWN	15.47			EYES CLOSED
2026-09-01 10:59:34	0.3517	0.3411	0.3464	EYES OPEN	0.0133		NO YAWN	14.22			NORMAL
2026-09-01 10:59:35	0.3076	0.2979	0.3027	EYES OPEN	0.2228		NO YAWN	12.4			NORMAL
2026-09-01 10:59:36	0.3032	0.3083	0.3057	EYES OPEN	0.5588		NO YAWN	12.5			NORMAL
2026-09-01 10:59:37	0.2881	0.2957	0.2919	PARTIALLY CLOSED	0.6256		YAWNING	11.26			YAWNING DETECTED
2026-09-01 10:59:38	0.2881	0.2995	0.2938	PARTIALLY CLOSED	0.6016		YAWNING	10.21			YAWNING DETECTED
2026-09-01 10:59:39	0.2911	0.2895	0.2903	PARTIALLY CLOSED	0.5698		NO YAWN	10.99			NORMAL
2026-09-01 10:59:40	0.2949	0.298	0.2964	PARTIALLY CLOSED	0.4744		NO YAWN	10.13			NORMAL
2026-09-01 10:59:41	0.3155	0.3169	0.3162	EYES OPEN	0.7582		YAWNING	9.41			YAWNING DETECTED
2026-09-01 10:59:42	0.2963	0.2994	0.2979	PARTIALLY CLOSED	0.5122		NO YAWN	8.77			NORMAL
2026-09-01 10:59:43	0.2867	0.2838	0.2852	PARTIALLY CLOSED	0.0168		NO YAWN	9.47			NORMAL
2026-09-01 10:59:44	0.2358	0.2175	0.2266	PARTIALLY CLOSED	0.0027		NO YAWN	9.88			NORMAL
2026-09-01 10:59:45	0.3969	0.3387	0.3678	EYES OPEN	0.0034		NO YAWN	10.24			NORMAL
2026-09-01 10:59:46	0.3745	0.3381	0.3563	EYES OPEN	0.0046		NO YAWN	9.71			NORMAL
2026-09-01 10:59:47	0.4823	0.3909	0.4366	EYES OPEN	0.0047		NO YAWN	9.21			NORMAL
2026-09-01 10:59:48	0.2505	0.2303	0.2404	PARTIALLY CLOSED	0.0164		NO YAWN	8.78			NORMAL
2026-09-01 10:59:49	0.4784	0.399	0.4387	EYES OPEN	0.0068		NO YAWN	8.37			NORMAL
2026-09-01 10:59:50	0.1057	0.1995	0.1526	EYES CLOSED	0.0127		NO YAWN	8.3			EYES CLOSED
2026-09-01 10:59:51	0.2654	0.2602	0.2628	PARTIALLY CLOSED	0.0038		NO YAWN	8.77			NORMAL
2026-09-01 10:59:52	0.2497	0.2471	0.2484	PARTIALLY CLOSED	0.0076		NO YAWN	8.94			NORMAL
2026-09-01 10:59:53	0.3446	0.3001	0.3224	EYES OPEN	0.0297		NO YAWN	9.23			NORMAL
2026-09-01 10:59:54	0.2347	0.1476	0.1912	PARTIALLY CLOSED	0.0079		NO YAWN	9.49			NORMAL
2026-09-01 10:59:55	0.3011	0.2118	0.2565	PARTIALLY CLOSED	0.0062		NO YAWN	9.74			NORMAL
			0.0846	EYES CLOSED	2026-09-01 11:05:02		NOT YAWNING	3.31	100.0		DROWSY - HIGH PERCLOS
			0.3067	PARTIALLY CLOSED	2026-09-01 11:05:03		YAWNING	22.76	46.88		YAWNING DETECTED
			0.3084	PARTIALLY CLOSED	2026-09-01 11:05:04		YAWNING	25.1	23.81		YAWNING DETECTED
			0.3036	PARTIALLY CLOSED	2026-09-01 11:05:05		NOT YAWNING	17.71	15.96		ALERT
			0.3119	PARTIALLY CLOSED	2026-09-01 11:05:06		YAWNING	38.39	20.97		YAWNING DETECTED
			0.3963	EYES OPEN	2026-09-01 11:05:07		YAWNING	45.85	16.77		YAWNING DETECTED
			0.2616	EYES CLOSED	2026-09-01 11:05:08		YAWNING	40.7	21.62		EYES CLOSED
			0.2978	EYES CLOSED	2026-09-01 11:05:09		YAWNING	38.21	32.87		EYES CLOSED
			0.2781	EYES CLOSED	2026-09-01 11:05:10		YAWNING	35.03	35.63		EYES CLOSED
			0.3479	PARTIALLY CLOSED	2026-09-01 11:05:11		YAWNING	34.15	38.85		YAWNING DETECTED
			0.2994	EYES CLOSED	2026-09-01 11:05:12		YAWNING	24.21	42.35		EYES CLOSED
			0.276	EYES CLOSED	2026-09-01 11:05:13		NOT YAWNING	9.71	47.18		EYES CLOSED
			0.3034	PARTIALLY CLOSED	2026-09-01 11:05:14		YAWNING	39.49	49.73		YAWNING DETECTED
			0.3064	PARTIALLY CLOSED	2026-09-01 11:05:15		YAWNING	27.28	48.37		YAWNING DETECTED
			0.1179	EYES CLOSED	2026-09-01 11:05:16		NOT YAWNING	2.98	48.95		EYES CLOSED
			0.1075	EYES CLOSED	2026-09-01 11:05:18		NOT YAWNING	2.66	52.39		EYES CLOSED
			0.3058	PARTIALLY CLOSED	2026-09-01 11:05:19		NOT YAWNING	3.32	53.67		ALERT
			0.1048	EYES CLOSED	2026-09-01 11:05:20		NOT YAWNING	3.65	54.13		EYES CLOSED
			0.1003	EYES CLOSED	2026-09-01 11:05:21		NOT YAWNING	4.44	56.62		EYES CLOSED
			0.0888	EYES CLOSED	2026-09-01 11:05:22		NOT YAWNING	4.2	58.86		EYES CLOSED
			0.1099	EYES CLOSED	2026-09-01 11:05:23		NOT YAWNING	3.7	60.88		EYES CLOSED
			0.3207	PARTIALLY CLOSED	2026-09-01 11:05:24		NOT YAWNING	6.71	61.93		ALERT
2026-09-01 11:05:30	0.1566	0.1484	0.1525	EYES CLOSED	0.0038		NO YAWN	100.0			DROWSY
2026-09-01 11:05:31	0.3107	0.2857	0.2982	PARTIALLY CLOSED	0.0628		NO YAWN	15.62			NORMAL
2026-09-01 11:05:32	0.34	0.3397	0.3398	EYES OPEN	0.5676		NO YAWN	7.94			NORMAL
2026-09-01 11:05:34	0.1781	0.196	0.1871	PARTIALLY CLOSED	0.6248		YAWNING	11.7			YAWNING DETECTED
2026-09-01 11:05:35	0.312	0.3086	0.3103	EYES OPEN	0.5742		NO YAWN	8.87			NORMAL
2026-09-01 11:05:36	0.3179	0.3264	0.3222	EYES OPEN	0.5786		NO YAWN	9.68			NORMAL
2026-09-01 11:05:37	0.3306	0.3257	0.3281	EYES OPEN	0.5803		NO YAWN	8.11			NORMAL
2026-09-01 11:05:38	0.3681	0.3545	0.3613	EYES OPEN	0.5923		NO YAWN	6.94			NORMAL
2026-09-01 11:05:39	0.2821	0.285	0.2835	PARTIALLY CLOSED	0.4157		NO YAWN	8.1			NORMAL
2026-09-01 11:05:40	0.2396	0.2362	0.2379	PARTIALLY CLOSED	0.1538		NO YAWN	9.71			NORMAL
2026-09-01 11:05:41	0.2202	0.1963	0.2082	PARTIALLY CLOSED	0.1038		NO YAWN	8.74			NORMAL
2026-09-01 11:05:42	0.1861	0.1449	0.1655	EYES CLOSED	0.0784		NO YAWN	14.16			EYES CLOSED
2026-09-01 11:05:43	0.0448	0.0314	0.0381	EYES CLOSED	0.1896		NO YAWN	14.05			EYES CLOSED
2026-09-01 11:05:44	0.3281	0.3169	0.3225	EYES OPEN	0.2749		NO YAWN	13.75			NORMAL
2026-09-01 11:05:45	0.2703	0.2265	0.2484	PARTIALLY CLOSED	0.0018		NO YAWN	14.15			NORMAL
2026-09-02 11:39:33	0.2589	0.2542	0.2566	PARTIALLY CLOSED	0.015		NO YAWN	0.0			NORMAL
2026-09-02 11:39:34	0.2732	0.3039	0.2885	PARTIALLY CLOSED	0.0576		NO YAWN	0.0			NORMAL
2026-09-02 11:39:35	0.2285	0.2264	0.2274	PARTIALLY CLOSED	0.0279		NO YAWN	0.0			NORMAL
2026-09-02 11:39:36	0.2109	0.21	0.2104	PARTIALLY CLOSED	0.0287		NO YAWN	0.0			NORMAL
2026-09-02 11:39:37	0.288	0.3087	0.2984	PARTIALLY CLOSED	0.0124		NO YAWN	4.17			NORMAL
2026-09-02 11:39:38	0.3034	0.312	0.3077	EYES OPEN	0.018		NO YAWN	3.31			NORMAL
2026-09-02 11:39:39	0.247	0.3018	0.2744	PARTIALLY CLOSED	0.0075		NO YAWN	6.08			NORMAL
2026-09-02 11:39:40	0.2982	0.3179	0.3081	EYES OPEN	0.0167		NO YAWN	5.19			NORMAL
2026-09-02 11:39:41	0.3126	0.3436	0.3281	EYES OPEN	0.0276		NO YAWN	7.02			NORMAL
2026-09-02 11:39:42	0.4048	1.0968	0.7508	EYES OPEN	0.0431		NO YAWN	6.23			NORMAL
2026-09-02 11:39:43	0.2406	0.2567	0.2487	PARTIALLY CLOSED	0.0068		NO YAWN	6.27			NORMAL
2026-09-02 11:46:32	0.2718	0.2517	0.2618	PARTIALLY CLOSED	0.1917		NO YAWN	0.0			NORMAL
2026-09-02 11:46:33	0.2872	0.2905	0.2888	PARTIALLY CLOSED	0.0937		NO YAWN	9.38			NORMAL
2026-09-02 11:46:34	0.3334	0.3152	0.3243	EYES OPEN	0.114		NO YAWN	4.84			NORMAL
2026-09-02 11:46:35	0.3234	0.3073	0.3154	EYES OPEN	0.238		NO YAWN	3.26			NORMAL
2026-09-02 11:46:36	0.2798	0.2817	0.2808	PARTIALLY CLOSED	0.6329		YAWNING	5.74			YAWNING DETECTED
2026-09-02 11:46:37	0.2991	0.3044	0.3017	EYES OPEN	0.5476		NO YAWN	4.61			NORMAL
2026-09-02 11:46:38	0.2994	0.3009	0.3001	EYES OPEN	0.6092		YAWNING	6.56			YAWNING DETECTED
2026-09-02 11:46:39	0.3226	0.3175	0.3201	EYES OPEN	0.8205		YAWNING	5.63			YAWNING DETECTED
2026-09-02 11:46:40	0.2915	0.2938	0.2927	PARTIALLY CLOSED	0.4845		NO YAWN	4.92			NORMAL
2026-09-02 11:46:41	0.3047	0.3103	0.3075	EYES OPEN	0.7233		YAWNING	4.36			YAWNING DETECTED
2026-09-02 11:46:42	0.112	0.0994	0.1057	EYES CLOSED	0.4302		NO YAWN	5.57			EYES CLOSED
2026-09-02 11:46:43	0.2359	0.2794	0.2576	PARTIALLY CLOSED	0.0418		NO YAWN	8.93			NORMAL
2026-09-02 11:46:44	0.1954	0.1934	0.1944	PARTIALLY CLOSED	0.0171		NO YAWN	8.2			NORMAL
2026-09-02 14:00:09	0.2475	0.2443	0.2459	PARTIALLY CLOSED	0.0031		NO YAWN	0.0			NORMAL
2026-09-02 14:00:10	0.254	0.2738	0.2639	PARTIALLY CLOSED	0.013		NO YAWN	0.0			NORMAL
2026-09-02 14:00:11	0.2743	0.2838	0.2791	PARTIALLY CLOSED	0.0053		NO YAWN	0.0			NORMAL
2026-09-02 14:00:12	0.2626	0.2609	0.2617	PARTIALLY CLOSED	0.0041		NO YAWN	0.0			NORMAL
2026-09-02 14:00:13	0.2943	0.282	0.2882	PARTIALLY CLOSED	0.0066		NO YAWN	0.0			NORMAL
2026-09-02 14:00:14	0.2488	0.2534	0.2511	PARTIALLY CLOSED	0.0039		NO YAWN	0.0			NORMAL
2026-09-02 14:00:15	0.2842	0.2785	0.2813	PARTIALLY CLOSED	0.0034		NO YAWN	0.0			NORMAL
2026-09-02 14:00:16	0.2633	0.2598	0.2616	PARTIALLY CLOSED	0.0031		NO YAWN	2.96			NORMAL
2026-09-02 14:00:17	0.1366	0.1587	0.1476	EYES CLOSED	0.0042		NO YAWN	4.33			EYES CLOSED
2026-09-02 14:00:18	0.2202	0.2328	0.2265	PARTIALLY CLOSED	0.0041		NO YAWN	5.88			NORMAL
2026-09-02 14:00:19	0.2557	0.2634	0.2595	PARTIALLY CLOSED	0.0047		NO YAWN	12.77			NORMAL
2026-09-02 14:00:20	0.2664	0.2749	0.2707	PARTIALLY CLOSED	0.0037		NO YAWN	12.46			NORMAL
2026-09-02 14:00:21	0.0974	0.1	0.0987	EYES CLOSED	0.0087		NO YAWN	17.15			EYES CLOSED
2026-09-02 14:00:22	0.0884	0.0815	0.085	EYES CLOSED	0.0089		NO YAWN	24.0			EYES CLOSED
2026-09-02 14:00:23	0.2732	0.2716	0.2724	PARTIALLY CLOSED	0.0042		NO YAWN	24.88			NORMAL
2026-09-02 14:00:24	0.1661	0.1759	0.171	EYES CLOSED	0.0047		NO YAWN	24.08			EYES CLOSED
2026-09-02 14:00:25	0.2549	0.2724	0.2637	PARTIALLY CLOSED	0.0036		NO YAWN	23.49			NORMAL
2026-09-02 14:00:26	0.288	0.2862	0.2871	PARTIALLY CLOSED	0.0065		NO YAWN	22.63			NORMAL
2026-09-02 14:00:27	0.2795	0.263	0.2713	PARTIALLY CLOSED	0.0337		NO YAWN	21.33			NORMAL
2026-09-02 14:00:28	0.2837	0.2582	0.271	PARTIALLY CLOSED	0.0376		NO YAWN	20.18			NORMAL
2026-09-02 14:00:29	0.2618	0.2609	0.2614	PARTIALLY CLOSED	0.0051		NO YAWN	19.18			NORMAL
2026-09-02 14:00:30	0.2725	0.2718	0.2722	PARTIALLY CLOSED	0.0092		NO YAWN	18.15			NORMAL
2026-09-02 14:00:31	0.2471	0.2462	0.2466	PARTIALLY CLOSED	0.0104		NO YAWN	17.31			NORMAL
2026-09-02 14:00:32	0.2505	0.2511	0.2508	PARTIALLY CLOSED	0.0498		NO YAWN	16.52			NORMAL
2026-09-02 14:00:33	0.2465	0.252	0.2493	PARTIALLY CLOSED	0.0017		NO YAWN	15.82			NORMAL
2026-09-02 14:00:34	0.2759	0.2928	0.2844	PARTIALLY CLOSED	0.0018		NO YAWN	15.31			NORMAL
2026-09-02 14:00:35	0.2147	0.2433	0.229	PARTIALLY CLOSED	0.0065		NO YAWN	14.69			NORMAL
2026-09-02 14:00:36	0.2249	0.2559	0.2404	PARTIALLY CLOSED	0.0064		NO YAWN	14.18			NORMAL
2026-09-02 14:00:37	0.2444	0.2607	0.2526	PARTIALLY CLOSED	0.0401		NO YAWN	13.63			NORMAL
2026-09-02 14:00:38	0.2358	0.2604	0.2481	PARTIALLY CLOSED	0.0025		NO YAWN	13.14			NORMAL
2026-09-02 14:00:39	0.2469	0.2757	0.2613	PARTIALLY CLOSED	0.0165		NO YAWN	12.7			NORMAL
2026-09-02 14:00:40	0.2538	0.2697	0.2618	PARTIALLY CLOSED	0.0127		NO YAWN	12.27			NORMAL
2026-09-02 14:00:41	0.2673	0.268	0.2677	PARTIALLY CLOSED	0.3252		NO YAWN	11.87			NORMAL
2026-09-02 14:00:42	0.2729	0.273	0.2729	PARTIALLY CLOSED	0.2462		NO YAWN	11.52			NORMAL
2026-09-02 14:00:43	0.2374	0.2387	0.2381	PARTIALLY CLOSED	0.0293		NO YAWN	11.17			NORMAL
2026-09-02 14:00:44	0.2715	0.2873	0.2794	PARTIALLY CLOSED	0.0121		NO YAWN	10.83			NORMAL
2026-09-02 14:00:45	0.3551	0.3576	0.3564	EYES OPEN	0.0177		NO YAWN	10.54			NORMAL
2026-09-02 14:00:46	0.2715	0.2827	0.2771	PARTIALLY CLOSED	0.0116		NO YAWN	10.24			NORMAL
2026-09-02 14:00:47	0.2887	0.3035	0.2961	PARTIALLY CLOSED	0.0091		NO YAWN	9.96			NORMAL
2026-09-02 14:00:48	0.2796	0.2726	0.2761	PARTIALLY CLOSED	0.2836		NO YAWN	9.71			NORMAL
2026-09-02 14:00:49	0.2661	0.2668	0.2665	PARTIALLY CLOSED	0.2895		NO YAWN	9.89			NORMAL
2026-09-02 14:00:50	0.2548	0.2605	0.2577	PARTIALLY CLOSED	0.135		NO YAWN	9.64			NORMAL
2026-09-07 11:49:53	0.3614	0.3105	0.336	EYES OPEN	0.0114		NO YAWN	0.0			NORMAL
2026-09-07 11:49:54	0.3545	0.311	0.3328	EYES OPEN	0.5142		NO YAWN	0.0			NORMAL
2026-09-07 11:49:55	0.3299	0.296	0.3129	EYES OPEN	0.5645		NO YAWN	0.0			NORMAL
2026-09-07 11:49:56	0.326	0.2944	0.3102	EYES OPEN	0.6643		YAWNING	0.0			YAWNING DETECTED
2026-09-07 11:49:57	0.3279	0.2892	0.3086	EYES OPEN	0.67		YAWNING	0.0			YAWNING DETECTED
2026-09-07 11:49:58	0.2959	0.2652	0.2805	PARTIALLY CLOSED	0.0081		NO YAWN	0.0			NORMAL
2026-09-07 11:50:46	0.3229	0.2777	0.3003	EYES OPEN	0.1079		NO YAWN	0.0			NORMAL
2026-09-07 11:50:47	0.3814	0.3091	0.3452	EYES OPEN	0.4024		NO YAWN	9.38			NORMAL
2026-09-07 11:50:48	0.3343	0.2917	0.313	EYES OPEN	0.3497		NO YAWN	4.84			NORMAL
2026-09-07 11:50:49	0.3347	0.2927	0.3137	EYES OPEN	0.4024		NO YAWN	3.23			NORMAL
2026-09-07 11:50:50	0.3331	0.2868	0.31	EYES OPEN	0.3899		NO YAWN	2.44			NORMAL
2026-09-07 11:50:51	0.3285	0.2797	0.3041	EYES OPEN	0.3748		NO YAWN	1.94			NORMAL
2026-09-07 11:50:52	0.3377	0.2838	0.3107	EYES OPEN	0.3502		NO YAWN	1.61			NORMAL
2026-09-07 11:50:53	0.195	0.126	0.1605	EYES CLOSED	0.0063		NO YAWN	6.45			EYES CLOSED
2026-09-07 12:04:30	0.3221	0.3012	0.3116	EYES OPEN	0.0082		NO YAWN	0.0	0.0	LOW BLINK RATE	NORMAL
2026-09-07 12:04:31	0.3098	0.2949	0.3024	EYES OPEN	0.0012		NO YAWN	0.0	0.0	LOW BLINK RATE	NORMAL
2026-09-07 12:04:32	0.3024	0.2996	0.301	EYES OPEN	0.0028		NO YAWN	7.94	1.0	LOW BLINK RATE	NORMAL
2026-09-07 12:04:33	0.3145	0.3025	0.3085	EYES OPEN	0.0038		NO YAWN	5.32	1.0	LOW BLINK RATE	NORMAL
2026-09-07 12:04:34	0.303	0.2944	0.2987	PARTIALLY CLOSED	0.6155		YAWNING	4.03	1.0	LOW BLINK RATE	YAWNING DETECTED
2026-09-07 12:04:36	0.2845	0.2739	0.2792	PARTIALLY CLOSED	0.5905		NO YAWN	3.23	1.0	LOW BLINK RATE	NORMAL
2026-09-07 12:04:37	0.2862	0.2723	0.2793	PARTIALLY CLOSED	0.4256		NO YAWN	2.7	1.0	LOW BLINK RATE	NORMAL
2026-09-07 12:04:38	0.2671	0.2569	0.262	PARTIALLY CLOSED	0.0026		NO YAWN	5.56	2.0	LOW BLINK RATE	NORMAL
2026-09-07 12:04:39	0.2767	0.2659	0.2713	PARTIALLY CLOSED	0.0047		NO YAWN	4.88	2.0	LOW BLINK RATE	NORMAL
2026-09-07 12:04:40	0.2731	0.2621	0.2676	PARTIALLY CLOSED	0.0055		NO YAWN	4.33	2.0	LOW BLINK RATE	NORMAL
2026-09-07 12:04:41	0.3188	0.5277	0.4232	EYES OPEN	0.0262		NO YAWN	4.89	3.0	LOW BLINK RATE	NORMAL
2026-09-07 12:04:42	0.4428	0.7474	0.5951	EYES OPEN	0.0192		NO YAWN	4.45	3.0	LOW BLINK RATE	NORMAL
2026-09-07 12:04:43	0.3043	0.3008	0.3025	EYES OPEN	0.0049		NO YAWN	4.08	3.0	LOW BLINK RATE	NORMAL
2026-09-07 12:04:44	0.295	0.3051	0.3001	EYES OPEN	0.536		NO YAWN	3.77	3.0	LOW BLINK RATE	NORMAL
2026-09-07 12:04:45	0.2845	0.2961	0.2903	PARTIALLY CLOSED	0.5574		NO YAWN	4.2	4.0	LOW BLINK RATE	NORMAL
2026-09-07 12:04:46	0.2443	0.2801	0.2622	PARTIALLY CLOSED	0.0135		NO YAWN	3.91	4.0	LOW BLINK RATE	NORMAL
2026-09-07 12:04:47	0.4441	0.9287	0.6864	EYES OPEN	0.0241		NO YAWN	3.88	5.0	LOW BLINK RATE	NORMAL
2026-09-07 12:04:48	0.2262	0.4363	0.3312	EYES OPEN	0.0725		NO YAWN	3.65	5.0	LOW BLINK RATE	NORMAL
2026-09-07 12:04:49	0.3007	0.354	0.3274	EYES OPEN	0.0684		NO YAWN	3.45	5.0	LOW BLINK RATE	NORMAL
2026-09-07 12:04:50	0.2368	0.2493	0.2431	PARTIALLY CLOSED	0.3828		NO YAWN	3.78	6.0	LOW BLINK RATE	NORMAL
2026-09-07 12:04:51	0.3051	0.2918	0.2984	PARTIALLY CLOSED	0.1923		NO YAWN	3.59	6.0	LOW BLINK RATE	NORMAL
2026-09-07 12:04:52	0.2145	0.1526	0.1835	PARTIALLY CLOSED	0.0029		NO YAWN	3.73	7.0	LOW BLINK RATE	NORMAL
2026-09-07 12:04:53	0.3202	0.297	0.3086	EYES OPEN	0.0069		NO YAWN	4.3	8.0	LOW BLINK RATE	NORMAL
2026-09-07 12:04:54	0.1846	0.1439	0.1642	EYES CLOSED	0.0016		NO YAWN	5.25	8.0	LOW BLINK RATE	EYES CLOSED
2026-09-07 12:04:55	0.3097	0.2932	0.3014	EYES OPEN	0.0021		NO YAWN	5.71	10.0	NORMAL BLINK RATE	NORMAL
2026-09-07 12:04:56	0.327	0.3069	0.317	EYES OPEN	0.3602		NO YAWN	5.48	10.0	NORMAL BLINK RATE	NORMAL
2026-09-07 12:04:57	0.3339	0.3223	0.3281	EYES OPEN	0.6369		YAWNING	5.27	10.0	NORMAL BLINK RATE	YAWNING DETECTED
2026-09-07 12:04:58	0.2747	0.2877	0.2812	PARTIALLY CLOSED	0.6009		YAWNING	5.68	11.0	NORMAL BLINK RATE	YAWNING DETECTED
2026-09-07 12:04:59	0.3123	0.306	0.3092	EYES OPEN	0.3796		NO YAWN	7.12	13.0	NORMAL BLINK RATE	NORMAL
2026-09-07 12:05:00	0.3202	0.3073	0.3137	EYES OPEN	0.311		NO YAWN	8.0	15.0	NORMAL BLINK RATE	NORMAL
2026-09-07 12:05:01	0.2407	0.2043	0.2225	PARTIALLY CLOSED	0.0343		NO YAWN	8.17	16.0	NORMAL BLINK RATE	NORMAL
2026-09-07 12:05:02	0.2994	0.2941	0.2967	PARTIALLY CLOSED	0.1178		NO YAWN	8.54	17.0	NORMAL BLINK RATE	NORMAL
2026-09-07 12:05:03	0.0606	0.0401	0.0503	EYES CLOSED	0.017		NO YAWN	9.19	18.0	NORMAL BLINK RATE	EYES CLOSED
2026-09-07 12:05:04	0.287	0.2754	0.2812	PARTIALLY CLOSED	0.016		NO YAWN	9.71	20.0	NORMAL BLINK RATE	NORMAL
2026-09-07 12:05:05	0.2707	0.2625	0.2666	PARTIALLY CLOSED	0.0142		NO YAWN	9.9	21.0	NORMAL BLINK RATE	NORMAL
2026-09-07 12:05:06	0.2855	0.2781	0.2818	PARTIALLY CLOSED	0.0215		NO YAWN	10.09	22.0	NORMAL BLINK RATE	NORMAL
2026-09-07 12:05:07	0.1821	0.1265	0.1543	EYES CLOSED	0.0277		NO YAWN	10.9	22.0	NORMAL BLINK RATE	EYES CLOSED
2026-09-07 12:05:08	0.2937	0.2866	0.2901	PARTIALLY CLOSED	0.106		NO YAWN	11.05	23.0	NORMAL BLINK RATE	NORMAL
2026-09-07 12:05:09	0.2578	0.2693	0.2635	PARTIALLY CLOSED	0.1731		NO YAWN	10.76	23.0	NORMAL BLINK RATE	NORMAL
2026-09-07 12:05:10	0.2352	0.2513	0.2433	PARTIALLY CLOSED	0.1027		NO YAWN	10.49	23.0	NORMAL BLINK RATE	NORMAL
2026-09-07 12:05:11	0.2388	0.2702	0.2545	PARTIALLY CLOSED	0.1362		NO YAWN	10.71	24.0	NORMAL BLINK RATE	NORMAL
2026-09-07 12:05:12	0.3974	0.6793	0.5383	EYES OPEN	0.1367		NO YAWN	10.61	25.0	NORMAL BLINK RATE	NORMAL
2026-09-07 12:05:13	0.4457	1.0481	0.7469	EYES OPEN	0.0448		NO YAWN	10.36	25.0	NORMAL BLINK RATE	NORMAL
2026-09-07 12:05:14	0.254	0.267	0.2605	PARTIALLY CLOSED	0.1419		NO YAWN	10.27	26.0	NORMAL BLINK RATE	NORMAL
2026-09-07 12:05:15	0.1732	0.1983	0.1857	PARTIALLY CLOSED	0.1193		NO YAWN	10.19	27.0	NORMAL BLINK RATE	NORMAL
2026-09-07 12:05:16	0.2227	0.2304	0.2266	PARTIALLY CLOSED	0.0133		NO YAWN	10.11	28.0	NORMAL BLINK RATE	NORMAL
2026-09-07 12:05:17	0.4154	0.8943	0.6548	EYES OPEN	0.0237		NO YAWN	9.89	28.0	NORMAL BLINK RATE	NORMAL
2026-09-07 12:05:18	0.4432	0.8711	0.6572	EYES OPEN	0.0214		NO YAWN	9.67	28.0	NORMAL BLINK RATE	NORMAL
2026-09-07 12:05:19	0.425	1.065	0.745	EYES OPEN	0.0096		NO YAWN	9.48	28.0	NORMAL BLINK RATE	NORMAL
2026-09-07 12:05:20	0.454	1.1926	0.8233	EYES OPEN	0.0183		NO YAWN	9.28	28.0	NORMAL BLINK RATE	NORMAL
2026-09-07 12:05:21	0.211	0.2267	0.2189	PARTIALLY CLOSED	0.0567		NO YAWN	9.36	30.0	NORMAL BLINK RATE	NORMAL
2026-09-07 12:05:22	0.2505	0.2548	0.2527	PARTIALLY CLOSED	0.1072		NO YAWN	9.17	30.0	NORMAL BLINK RATE	NORMAL
2026-09-07 12:05:23	0.2479	0.224	0.236	PARTIALLY CLOSED	0.0062		NO YAWN	9.0	30.0	NORMAL BLINK RATE	NORMAL
2026-09-07 12:05:29	0.3178	0.2949	0.3063	EYES OPEN	0.011		NO YAWN	0.0	0.0	LOW BLINK RATE	NORMAL
2026-09-07 12:05:30	0.3061	0.2734	0.2898	PARTIALLY CLOSED	0.0016		NO YAWN	0.0	0.0	LOW BLINK RATE	NORMAL
2026-09-07 12:05:31	0.2739	0.2591	0.2665	PARTIALLY CLOSED	0.0094		NO YAWN	9.84	1.0	LOW BLINK RATE	NORMAL
2026-09-07 12:05:32	0.339	0.3165	0.3277	EYES OPEN	0.007		NO YAWN	6.59	1.0	LOW BLINK RATE	NORMAL
2026-09-07 12:05:33	0.3352	0.3195	0.3274	EYES OPEN	0.0074		NO YAWN	4.96	1.0	LOW BLINK RATE	NORMAL
2026-09-07 12:05:34	0.3369	0.3193	0.3281	EYES OPEN	0.007		NO YAWN	3.95	1.0	LOW BLINK RATE	NORMAL
2026-09-07 12:05:35	0.3441	0.3268	0.3354	EYES OPEN	0.0075		NO YAWN	3.28	1.0	LOW BLINK RATE	NORMAL
2026-09-07 12:05:36	0.3336	0.3183	0.326	EYES OPEN	0.0072		NO YAWN	2.82	1.0	LOW BLINK RATE	NORMAL
2026-09-07 12:05:37	0.3337	0.3204	0.327	EYES OPEN	0.0081		NO YAWN	2.46	1.0	LOW BLINK RATE	NORMAL
2026-09-07 12:05:38	0.3321	0.3169	0.3245	EYES OPEN	0.0075		NO YAWN	4.01	2.0	LOW BLINK RATE	NORMAL
2026-09-07 12:05:39	0.3311	0.3163	0.3237	EYES OPEN	0.0076		NO YAWN	3.61	2.0	LOW BLINK RATE	NORMAL
2026-09-07 12:05:40	0.3126	0.2991	0.3059	EYES OPEN	0.0079		NO YAWN	3.28	2.0	LOW BLINK RATE	NORMAL
2026-09-07 12:05:41	0.3171	0.3036	0.3103	EYES OPEN	0.0083		NO YAWN	3.01	2.0	LOW BLINK RATE	NORMAL
2026-09-07 12:05:42	0.32	0.3059	0.3129	EYES OPEN	0.008		NO YAWN	2.77	2.0	LOW BLINK RATE	NORMAL
2026-09-07 12:05:43	0.3082	0.2963	0.3023	EYES OPEN	0.0078		NO YAWN	2.58	2.0	LOW BLINK RATE	NORMAL
2026-09-07 12:05:44	0.3403	0.3226	0.3314	EYES OPEN	0.0028		NO YAWN	2.4	2.0	LOW BLINK RATE	NORMAL
2026-09-07 12:05:45	0.1638	0.1507	0.1573	EYES CLOSED	0.0081		NO YAWN	3.48	2.0	LOW BLINK RATE	EYES CLOSED
2026-09-07 12:05:46	0.3233	0.3147	0.319	EYES OPEN	0.0055		NO YAWN	3.28	3.0	LOW BLINK RATE	NORMAL
2026-09-07 12:05:47	0.3183	0.3109	0.3146	EYES OPEN	0.0066		NO YAWN	3.09	3.0	LOW BLINK RATE	NORMAL
2026-09-07 12:05:48	0.3045	0.2959	0.3002	EYES OPEN	0.0648		NO YAWN	2.93	3.0	LOW BLINK RATE	NORMAL
2026-09-07 12:05:49	0.32	0.3104	0.3152	EYES OPEN	0.3483		NO YAWN	2.78	3.0	LOW BLINK RATE	NORMAL
2026-09-07 12:05:50	0.2972	0.2885	0.2928	PARTIALLY CLOSED	0.5057		NO YAWN	2.65	3.0	LOW BLINK RATE	NORMAL
2026-09-07 12:05:51	0.3017	0.2903	0.296	PARTIALLY CLOSED	0.0273		NO YAWN	3.42	4.0	LOW BLINK RATE	NORMAL
2026-09-07 12:05:52	0.3559	0.3431	0.3495	EYES OPEN	0.3234		NO YAWN	3.27	4.0	LOW BLINK RATE	NORMAL
2026-09-07 12:05:53	0.409	0.3916	0.4003	EYES OPEN	0.0137		NO YAWN	3.13	4.0	LOW BLINK RATE	NORMAL
2026-09-07 12:05:54	0.3492	0.3364	0.3428	EYES OPEN	0.0064		NO YAWN	3.01	4.0	LOW BLINK RATE	NORMAL
2026-09-07 12:05:55	0.2749	0.2667	0.2708	PARTIALLY CLOSED	0.0065		NO YAWN	3.64	5.0	LOW BLINK RATE	NORMAL
2026-09-07 12:05:57	0.3444	0.3368	0.3406	EYES OPEN	0.0062		NO YAWN	3.51	5.0	LOW BLINK RATE	NORMAL
2026-09-07 12:05:58	0.3291	0.3143	0.3217	EYES OPEN	0.0068		NO YAWN	3.39	5.0	LOW BLINK RATE	NORMAL
2026-09-07 12:05:59	0.3461	0.3347	0.3404	EYES OPEN	0.3793		NO YAWN	3.27	5.0	LOW BLINK RATE	NORMAL
2026-09-07 12:06:00	0.3534	0.3392	0.3463	EYES OPEN	0.6694		YAWNING	3.16	5.0	LOW BLINK RATE	YAWNING DETECTED
2026-09-07 12:06:01	0.1612	0.1377	0.1494	EYES CLOSED	0.6077		YAWNING	3.48	5.0	LOW BLINK RATE	EYES CLOSED
2026-09-07 12:06:02	0.3444	0.3372	0.3408	EYES OPEN	0.3139		NO YAWN	3.48	6.0	LOW BLINK RATE	NORMAL
2026-09-07 12:06:03	0.3246	0.3166	0.3206	EYES OPEN	0.0024		NO YAWN	3.37	6.0	LOW BLINK RATE	NORMAL
2026-09-07 12:06:04	0.3201	0.3116	0.3159	EYES OPEN	0.0054		NO YAWN	3.28	6.0	LOW BLINK RATE	NORMAL
2026-09-07 12:06:05	0.3251	0.308	0.3165	EYES OPEN	0.0046		NO YAWN	3.18	6.0	LOW BLINK RATE	NORMAL
2026-09-07 12:06:06	0.3848	0.3686	0.3767	EYES OPEN	0.0066		NO YAWN	3.09	6.0	LOW BLINK RATE	NORMAL
2026-09-07 12:06:07	0.3389	0.3334	0.3361	EYES OPEN	0.4556		NO YAWN	3.36	7.0	LOW BLINK RATE	NORMAL
2026-09-07 12:06:08	0.2389	0.2206	0.2298	PARTIALLY CLOSED	0.0255		NO YAWN	3.27	7.0	LOW BLINK RATE	NORMAL2026-09-07 12:17:35,0.3035,0.282,0.2928,PARTIALLY CLOSED,0.0117,NO YAWN,0.0,0.0,LOW BLINK RATE,NORMAL
2026-09-07 12:17:36,0.311,0.291,0.301,EYES OPEN,0.4998,NO YAWN,0.0,0.0,LOW BLINK RATE,NORMAL
2026-09-07 12:17:37,0.3605,0.2773,0.3189,EYES OPEN,0.004,NO YAWN,6.35,1.0,LOW BLINK RATE,NORMAL
2026-09-07 12:17:38,0.2923,0.2562,0.2743,PARTIALLY CLOSED,0.6909,YAWNING,4.26,1.0,LOW BLINK RATE,YAWNING DETECTED
2026-09-07 12:17:39,0.2422,0.1932,0.2177,PARTIALLY CLOSED,0.0158,NO YAWN,7.26,2.0,LOW BLINK RATE,NORMAL
2026-09-07 12:21:02,0.2564,0.2416,0.249,PARTIALLY CLOSED,0.0043,NO YAWN,0.0,0.0,LOW BLINK RATE,NORMAL
2026-09-07 12:21:03,0.2271,0.1948,0.2109,PARTIALLY CLOSED,0.0347,NO YAWN,0.0,0.0,LOW BLINK RATE,NORMAL
2026-09-07 12:21:04,0.3104,0.2862,0.2983,PARTIALLY CLOSED,0.0064,NO YAWN,4.76,1.0,LOW BLINK RATE,NORMAL
2026-09-07 12:21:05,0.3115,0.281,0.2963,PARTIALLY CLOSED,0.2562,NO YAWN,3.19,1.0,LOW BLINK RATE,NORMAL
2026-09-07 12:21:06,0.3117,0.2935,0.3026,EYES OPEN,0.3116,NO YAWN,2.42,1.0,LOW BLINK RATE,NORMAL
2026-09-07 12:21:07,0.3042,0.2815,0.2928,PARTIALLY CLOSED,0.3051,NO YAWN,1.94,1.0,LOW BLINK RATE,NORMAL
2026-09-07 12:21:08,0.2046,0.2053,0.205,PARTIALLY CLOSED,0.3488,NO YAWN,12.43,5.0,LOW BLINK RATE,NORMAL
2026-09-07 12:21:09,0.119,0.1031,0.111,EYES CLOSED,0.3494,NO YAWN,17.59,9.0,LOW BLINK RATE,EYES CLOSED
2026-09-07 12:21:10,0.2783,0.2753,0.2768,PARTIALLY CLOSED,0.3504,NO YAWN,20.73,14.0,NORMAL BLINK RATE,NORMAL
2026-09-07 12:21:11,0.3374,0.3253,0.3313,EYES OPEN,0.3698,NO YAWN,24.91,19.0,NORMAL BLINK RATE,NORMAL
2026-09-07 12:21:12,0.3638,0.3438,0.3538,EYES OPEN,0.5296,NO YAWN,22.48,19.0,NORMAL BLINK RATE,NORMAL
2026-09-07 12:21:13,0.3473,0.3347,0.341,EYES OPEN,0.5623,NO YAWN,21.3,20.0,NORMAL BLINK RATE,NORMAL
2026-09-07 12:21:14,0.3655,0.3455,0.3555,EYES OPEN,0.4895,NO YAWN,19.57,20.0,NORMAL BLINK RATE,NORMAL
2026-09-07 12:21:15,0.3062,0.2874,0.2968,PARTIALLY CLOSED,0.4535,NO YAWN,18.05,20.0,NORMAL BLINK RATE,NORMAL
2026-09-07 12:21:16,0.2586,0.2433,0.2509,PARTIALLY CLOSED,0.2197,NO YAWN,16.78,20.0,NORMAL BLINK RATE,NORMAL
2026-09-07 12:21:17,0.2468,0.2244,0.2356,PARTIALLY CLOSED,0.0024,NO YAWN,20.22,21.0,NORMAL BLINK RATE,NORMAL
2026-09-07 12:27:58,0.2824,0.2669,0.2747,PARTIALLY CLOSED,0.0092,NO YAWN,0.0,0.0,LOW BLINK RATE,NORMAL
2026-09-07 12:27:59,0.3021,0.2648,0.2834,PARTIALLY CLOSED,0.0209,NO YAWN,0.0,0.0,LOW BLINK RATE,NORMAL
2026-09-07 12:28:00,0.2921,0.257,0.2745,PARTIALLY CLOSED,0.2324,NO YAWN,0.0,0.0,LOW BLINK RATE,NORMAL
2026-09-07 12:28:01,0.3412,0.2981,0.3196,EYES OPEN,0.0751,NO YAWN,0.0,0.0,LOW BLINK RATE,NORMAL
2026-09-07 12:28:02,0.35,0.304,0.327,EYES OPEN,0.0027,NO YAWN,0.0,0.0,LOW BLINK RATE,NORMAL
2026-09-07 12:28:03,0.3484,0.3053,0.3269,EYES OPEN,0.0177,NO YAWN,0.0,0.0,LOW BLINK RATE,NORMAL
2026-09-07 12:28:04,0.1446,0.1028,0.1237,EYES CLOSED,0.3938,NO YAWN,0.61,0.0,LOW BLINK RATE,EYES CLOSED
2026-09-07 12:28:05,0.3505,0.3152,0.3328,EYES OPEN,0.2285,NO YAWN,1.06,1.0,LOW BLINK RATE,NORMAL
2026-09-07 12:28:06,0.3463,0.3099,0.3281,EYES OPEN,0.0241,NO YAWN,0.94,1.0,LOW BLINK RATE,NORMAL
2026-09-07 12:28:07,0.3603,0.3224,0.3413,EYES OPEN,0.0696,NO YAWN,0.84,1.0,LOW BLINK RATE,NORMAL
2026-09-07 12:28:08,0.3383,0.3016,0.32,EYES OPEN,0.0462,NO YAWN,0.77,1.0,LOW BLINK RATE,NORMAL
2026-09-07 12:28:09,0.0977,0.0693,0.0835,EYES CLOSED,0.0048,NO YAWN,1.06,1.0,LOW BLINK RATE,EYES CLOSED
2026-09-07 12:28:10,0.2152,0.1708,0.193,PARTIALLY CLOSED,0.0023,NO YAWN,1.6,2.0,LOW BLINK RATE,NORMAL
2026-09-07 12:29:41,0.2819,0.2477,0.2648,PARTIALLY CLOSED,0.0063,NO YAWN,0.0,0.0,LOW BLINK RATE,NORMAL
2026-09-07 12:29:42,0.3126,0.2812,0.2969,PARTIALLY CLOSED,0.0038,NO YAWN,18.75,1.0,LOW BLINK RATE,NORMAL
2026-09-07 12:29:43,0.2647,0.2793,0.272,PARTIALLY CLOSED,0.0017,NO YAWN,15.87,2.0,LOW BLINK RATE,NORMAL
2026-09-07 12:29:44,0.2988,0.3133,0.306,EYES OPEN,0.0039,NO YAWN,10.64,2.0,LOW BLINK RATE,NORMAL
2026-09-07 12:29:45,0.3467,0.3656,0.3562,EYES OPEN,0.0053,NO YAWN,8.06,2.0,LOW BLINK RATE,NORMAL
2026-09-07 12:29:46,0.3295,0.3474,0.3384,EYES OPEN,0.0059,NO YAWN,9.68,3.0,LOW BLINK RATE,NORMAL
2026-09-07 12:29:47,0.2123,0.1524,0.1823,PARTIALLY CLOSED,0.0027,NO YAWN,11.35,4.0,LOW BLINK RATE,NORMAL
2026-09-07 12:33:36,0.3555,0.3031,0.3293,EYES OPEN,0.0112,NO YAWN,0.0,NORMAL
2026-09-07 12:33:37,0.3774,0.331,0.3542,EYES OPEN,0.0088,NO YAWN,0.0,NORMAL
2026-09-07 12:33:38,0.3793,0.3204,0.3498,EYES OPEN,0.0468,NO YAWN,0.0,NORMAL
2026-09-07 12:33:39,0.1325,0.0878,0.1102,EYES CLOSED,0.0036,NO YAWN,1.06,EYES CLOSED
2026-09-07 12:33:40,0.3906,0.3485,0.3696,EYES OPEN,0.366,NO YAWN,8.06,NORMAL
2026-09-07 12:33:41,0.3749,0.3203,0.3476,EYES OPEN,0.371,NO YAWN,9.68,NORMAL
2026-09-07 12:33:49,0.2955,0.3171,0.3063,EYES OPEN,0.0174,NO YAWN,0.0,0.0,LOW BLINK RATE,NORMAL
2026-09-07 12:33:50,0.2815,0.3251,0.3033,EYES OPEN,0.0354,NO YAWN,0.0,0.0,LOW BLINK RATE,NORMAL
2026-09-07 12:33:51,0.3177,0.3314,0.3245,EYES OPEN,0.0023,NO YAWN,0.0,0.0,LOW BLINK RATE,NORMAL
2026-09-07 12:36:42,0.2608,0.2078,0.2343,PARTIALLY CLOSED,0.0067,NO YAWN,0.0,0.0,LOW BLINK RATE,NORMAL
2026-09-07 12:36:43,0.3056,0.2892,0.2974,PARTIALLY CLOSED,0.0175,NO YAWN,0.0,0.0,LOW BLINK RATE,NORMAL
2026-09-07 12:36:44,0.3603,0.2948,0.3275,EYES OPEN,0.2185,NO YAWN,0.0,0.0,LOW BLINK RATE,NORMAL
2026-09-07 12:36:45,0.3504,0.3017,0.3261,EYES OPEN,0.0058,NO YAWN,7.69,3.0,LOW BLINK RATE,NORMAL
2026-09-07 12:36:46,0.3234,0.29,0.3067,EYES OPEN,0.0012,NO YAWN,13.93,7.0,LOW BLINK RATE,NORMAL
2026-09-07 12:36:47,0.3749,0.3586,0.3667,EYES OPEN,0.8672,YAWNING,13.07,8.0,LOW BLINK RATE,YAWNING DETECTED
2026-09-07 12:36:48,0.2726,0.2613,0.267,PARTIALLY CLOSED,0.5776,NO YAWN,10.93,8.0,LOW BLINK RATE,NORMAL
2026-09-07 12:36:49,0.2902,0.2783,0.2843,PARTIALLY CLOSED,0.0036,NO YAWN,13.08,9.0,LOW BLINK RATE,NORMAL
2026-09-07 12:36:50,0.2936,0.2731,0.2834,PARTIALLY CLOSED,0.0027,NO YAWN,11.52,9.0,LOW BLINK RATE,NORMAL
2026-09-07 12:36:51,0.3017,0.2903,0.296,PARTIALLY CLOSED,0.0022,NO YAWN,11.68,10.0,NORMAL BLINK RATE,NORMAL
2026-09-07 12:36:52,0.2702,0.2555,0.2628,PARTIALLY CLOSED,0.0032,NO YAWN,10.53,10.0,NORMAL BLINK RATE,NORMAL
2026-09-07 12:36:54,0.301,0.384,0.3425,EYES OPEN,0.0073,NO YAWN,10.45,11.0,NORMAL BLINK RATE,NORMAL
2026-09-07 12:36:55,0.2634,0.2842,0.2738,PARTIALLY CLOSED,0.0065,NO YAWN,10.38,12.0,NORMAL BLINK RATE,NORMAL
2026-09-07 12:36:56,0.2867,0.2763,0.2815,PARTIALLY CLOSED,0.0024,NO YAWN,11.11,13.0,NORMAL BLINK RATE,NORMAL
2026-09-07 12:36:57,0.2889,0.2863,0.2876,PARTIALLY CLOSED,0.0075,NO YAWN,11.5,14.0,NORMAL BLINK RATE,NORMAL
2026-09-07 12:36:58,0.1497,0.1438,0.1468,EYES CLOSED,0.004,NO YAWN,15.1,15.0,NORMAL BLINK RATE,EYES CLOSED
2026-09-07 12:36:59,0.0911,0.09,0.0905,EYES CLOSED,0.0144,NO YAWN,20.33,15.0,NORMAL BLINK RATE,EYES CLOSED
2026-09-07 12:37:00,0.1092,0.077,0.0931,EYES CLOSED,0.0027,NO YAWN,24.76,16.0,NORMAL BLINK RATE,EYES CLOSED
2026-09-07 12:37:01,0.1693,0.1691,0.1692,EYES CLOSED,0.0053,NO YAWN,29.01,16.0,NORMAL BLINK RATE,EYES CLOSED
2026-09-07 12:37:02,0.1242,0.184,0.1541,EYES CLOSED,0.0376,NO YAWN,32.53,17.0,NORMAL BLINK RATE,EYES CLOSED
2026-09-07 12:37:03,0.0909,0.0689,0.0799,EYES CLOSED,0.0186,NO YAWN,35.96,17.0,NORMAL BLINK RATE,EYES CLOSED
2026-09-07 12:37:04,0.1048,0.0912,0.098,EYES CLOSED,0.0102,NO YAWN,38.65,18.0,NORMAL BLINK RATE,EYES CLOSED
2026-09-07 12:37:05,0.1126,0.126,0.1193,EYES CLOSED,0.0055,NO YAWN,41.49,18.0,NORMAL BLINK RATE,EYES CLOSED
2026-09-07 12:37:06,0.1174,0.1583,0.1378,EYES CLOSED,0.0064,NO YAWN,44.0,18.0,NORMAL BLINK RATE,EYES CLOSED
2026-09-07 12:37:07,0.1017,0.0805,0.0911,EYES CLOSED,0.0058,NO YAWN,46.37,18.0,NORMAL BLINK RATE,EYES CLOSED
2026-09-07 12:37:08,0.2213,0.2448,0.2331,PARTIALLY CLOSED,0.0084,NO YAWN,48.09,20.0,NORMAL BLINK RATE,NORMAL
2026-09-07 12:37:09,0.2705,0.2661,0.2683,PARTIALLY CLOSED,0.0065,NO YAWN,46.97,21.0,NORMAL BLINK RATE,NORMAL
2026-09-07 12:40:17,0.3141,0.3518,0.333,EYES OPEN,0.0165,NO YAWN,0.0,0.0,LOW BLINK RATE,NORMAL
2026-09-07 12:40:18,0.3037,0.3366,0.3201,EYES OPEN,0.0049,NO YAWN,0.0,0.0,LOW BLINK RATE,NORMAL
2026-09-07 12:40:19,0.32,0.3403,0.3302,EYES OPEN,0.0022,NO YAWN,0.0,0.0,LOW BLINK RATE,NORMAL
2026-09-07 12:40:20,0.1152,0.1165,0.1159,EYES CLOSED,0.0121,NO YAWN,8.51,1.0,LOW BLINK RATE,EYES CLOSED
2026-09-07 12:40:21,0.1995,0.196,0.1978,PARTIALLY CLOSED,0.3048,NO YAWN,12.9,4.0,LOW BLINK RATE,NORMAL
2026-09-07 12:40:22,0.3087,0.2813,0.295,PARTIALLY CLOSED,0.0015,NO YAWN,18.06,7.0,LOW BLINK RATE,NORMAL
2026-09-07 12:40:23,0.2832,0.2738,0.2785,PARTIALLY CLOSED,0.0022,NO YAWN,15.14,7.0,LOW BLINK RATE,NORMAL
2026-09-07 12:40:24,0.2573,0.2813,0.2693,PARTIALLY CLOSED,0.0038,NO YAWN,15.28,8.0,LOW BLINK RATE,NORMAL
2026-09-07 12:40:25,0.268,0.2673,0.2677,PARTIALLY CLOSED,0.0167,NO YAWN,15.45,9.0,LOW BLINK RATE,NORMAL
2026-09-07 12:40:26,0.3221,0.3728,0.3475,EYES OPEN,0.0088,NO YAWN,14.08,10.0,NORMAL BLINK RATE,NORMAL
2026-09-07 12:40:27,0.3064,0.2868,0.2966,PARTIALLY CLOSED,0.0108,NO YAWN,12.7,10.0,NORMAL BLINK RATE,NORMAL
2026-09-07 12:40:28,0.3245,0.2707,0.2976,PARTIALLY CLOSED,0.014,NO YAWN,11.54,10.0,NORMAL BLINK RATE,NORMAL
2026-09-07 12:40:29,0.1619,0.1497,0.1558,EYES CLOSED,0.0173,NO YAWN,14.67,10.0,NORMAL BLINK RATE,EYES CLOSED
2026-09-07 12:40:30,0.1079,0.0426,0.0753,EYES CLOSED,0.0203,NO YAWN,16.79,11.0,NORMAL BLINK RATE,EYES CLOSED
2026-09-07 12:40:31,0.0,0.0,0.0,NO FACE,0.0,NO YAWN,15.85,12.0,NORMAL BLINK RATE,NORMAL
2026-09-07 12:40:32,0.1229,0.1144,0.1187,EYES CLOSED,0.0061,NO YAWN,17.39,12.0,NORMAL BLINK RATE,EYES CLOSED
2026-09-07 12:44:24,0.3282,0.3382,0.3332,EYES OPEN,0.008,0.6,NO YAWN,0.0,0.0,LOW BLINK RATE,NORMAL
2026-09-07 12:44:25,0.3467,0.3469,0.3468,EYES OPEN,0.0063,0.6,NO YAWN,3.12,1.0,LOW BLINK RATE,NORMAL
2026-09-07 12:44:26,0.2375,0.2501,0.2438,PARTIALLY CLOSED,0.0067,0.6,NO YAWN,9.52,3.0,LOW BLINK RATE,NORMAL
2026-09-07 12:44:27,0.316,0.3514,0.3337,EYES OPEN,0.019,0.6,NO YAWN,6.38,3.0,LOW BLINK RATE,NORMAL
2026-09-07 12:44:28,0.3139,0.2913,0.3026,EYES OPEN,0.0061,0.6,NO YAWN,7.26,4.0,LOW BLINK RATE,NORMAL
2026-09-07 12:44:30,0.308,0.2951,0.3015,EYES OPEN,0.0025,0.6,NO YAWN,5.81,4.0,LOW BLINK RATE,NORMAL
2026-09-07 12:44:31,0.3066,0.2931,0.2999,PARTIALLY CLOSED,0.0041,0.6,NO YAWN,7.03,5.0,LOW BLINK RATE,NORMAL
2026-09-07 12:44:32,0.3183,0.303,0.3107,EYES OPEN,0.0033,0.6,NO YAWN,6.31,5.0,LOW BLINK RATE,NORMAL
2026-09-07 12:44:33,0.2459,0.2239,0.2349,PARTIALLY CLOSED,0.0039,0.6,NO YAWN,5.65,5.0,LOW BLINK RATE,NORMAL
2026-09-07 12:44:34,0.299,0.2953,0.2971,PARTIALLY CLOSED,0.0038,0.6,NO YAWN,5.14,5.0,LOW BLINK RATE,NORMAL
2026-09-07 12:44:35,0.3004,0.2952,0.2978,PARTIALLY CLOSED,0.0071,0.6,NO YAWN,4.71,5.0,LOW BLINK RATE,NORMAL
2026-09-07 12:44:36,0.1981,0.1851,0.1916,PARTIALLY CLOSED,0.0072,0.6,NO YAWN,6.0,6.0,LOW BLINK RATE,NORMAL
2026-09-07 12:44:37,0.2986,0.2909,0.2947,PARTIALLY CLOSED,0.0089,0.6,NO YAWN,6.19,7.0,LOW BLINK RATE,NORMAL
2026-09-07 12:44:38,0.2674,0.2792,0.2733,PARTIALLY CLOSED,0.134,0.6,NO YAWN,5.78,7.0,LOW BLINK RATE,NORMAL
2026-09-07 12:44:39,0.279,0.2725,0.2758,PARTIALLY CLOSED,0.0704,0.6,NO YAWN,5.41,7.0,LOW BLINK RATE,NORMAL
2026-09-07 12:44:40,0.2789,0.2752,0.277,PARTIALLY CLOSED,0.0581,0.6,NO YAWN,5.85,8.0,LOW BLINK RATE,NORMAL
2026-09-07 12:44:41,0.293,0.2837,0.2884,PARTIALLY CLOSED,0.0058,0.6,NO YAWN,5.53,8.0,LOW BLINK RATE,NORMAL
2026-09-07 12:44:42,0.2985,0.293,0.2957,PARTIALLY CLOSED,0.0042,0.6,NO YAWN,5.24,8.0,LOW BLINK RATE,NORMAL
2026-09-07 12:44:43,0.255,0.2472,0.2511,PARTIALLY CLOSED,0.0044,0.6,NO YAWN,4.98,8.0,LOW BLINK RATE,NORMAL
2026-09-07 12:44:44,0.2719,0.2698,0.2709,PARTIALLY CLOSED,0.0031,0.6,NO YAWN,4.74,8.0,LOW BLINK RATE,NORMAL
2026-09-07 12:44:45,0.1319,0.0801,0.106,EYES CLOSED,0.0038,0.6,NO YAWN,4.73,8.0,LOW BLINK RATE,EYES CLOSED
2026-09-07 12:44:46,0.2906,0.287,0.2888,PARTIALLY CLOSED,0.0039,0.6,NO YAWN,4.91,9.0,LOW BLINK RATE,NORMAL
2026-09-07 12:44:47,0.295,0.2903,0.2926,PARTIALLY CLOSED,0.0045,0.6,NO YAWN,4.68,9.0,LOW BLINK RATE,NORMAL
2026-09-07 12:44:48,0.2962,0.2938,0.295,PARTIALLY CLOSED,0.0054,0.6,NO YAWN,4.84,10.0,NORMAL BLINK RATE,NORMAL
2026-09-07 12:44:49,0.2986,0.2946,0.2966,PARTIALLY CLOSED,0.0054,0.6,NO YAWN,4.64,10.0,NORMAL BLINK RATE,NORMAL
2026-09-07 12:44:50,0.2642,0.254,0.2591,PARTIALLY CLOSED,0.0041,0.6,NO YAWN,4.47,10.0,NORMAL BLINK RATE,NORMAL
2026-09-07 12:44:51,0.2639,0.254,0.2589,PARTIALLY CLOSED,0.0051,0.6,NO YAWN,4.31,10.0,NORMAL BLINK RATE,NORMAL
2026-09-07 12:44:52,0.2801,0.2691,0.2746,PARTIALLY CLOSED,0.0049,0.6,NO YAWN,4.47,11.0,NORMAL BLINK RATE,NORMAL
2026-09-07 12:44:53,0.2682,0.255,0.2616,PARTIALLY CLOSED,0.0038,0.6,NO YAWN,4.32,11.0,NORMAL BLINK RATE,NORMAL
2026-09-07 12:44:54,0.273,0.2606,0.2668,PARTIALLY CLOSED,0.0022,0.6,NO YAWN,4.19,11.0,NORMAL BLINK RATE,NORMAL
2026-09-07 12:44:55,0.2722,0.2615,0.2669,PARTIALLY CLOSED,0.0017,0.6,NO YAWN,4.06,11.0,NORMAL BLINK RATE,NORMAL
2026-09-07 12:44:56,0.2755,0.2585,0.267,PARTIALLY CLOSED,0.002,0.6,NO YAWN,4.59,12.0,NORMAL BLINK RATE,NORMAL
2026-09-07 12:44:57,0.2825,0.2659,0.2742,PARTIALLY CLOSED,0.0035,0.6,NO YAWN,4.44,12.0,NORMAL BLINK RATE,NORMAL
2026-09-07 12:44:58,0.3135,0.2988,0.3062,EYES OPEN,0.0032,0.6,NO YAWN,4.81,13.0,NORMAL BLINK RATE,NORMAL
2026-09-07 12:44:59,0.2995,0.2776,0.2885,PARTIALLY CLOSED,0.0037,0.6,NO YAWN,4.67,13.0,NORMAL BLINK RATE,NORMAL
2026-09-07 12:51:11,0.3756,0.3479,0.3618,EYES OPEN,0.0179,0.6,NO YAWN,0.0,0.0,LOW BLINK RATE,NORMAL
2026-09-07 12:51:12,0.3049,0.2754,0.2902,PARTIALLY CLOSED,0.0096,0.6,NO YAWN,18.75,2.0,LOW BLINK RATE,NORMAL
2026-09-07 12:51:13,0.3077,0.2763,0.292,PARTIALLY CLOSED,0.6568,0.6,YAWNING,9.68,2.0,LOW BLINK RATE,YAWNING DETECTED
2026-09-07 12:51:14,0.2788,0.2454,0.2621,PARTIALLY CLOSED,0.1747,0.6,NO YAWN,26.09,5.0,LOW BLINK RATE,NORMAL
2026-09-07 12:51:15,0.3601,0.3217,0.3409,EYES OPEN,0.0976,0.6,NO YAWN,19.67,5.0,LOW BLINK RATE,NORMAL
2026-09-07 12:51:16,0.447,0.3465,0.3967,EYES OPEN,0.1668,0.6,NO YAWN,15.69,5.0,LOW BLINK RATE,NORMAL
2026-09-07 12:51:17,0.3425,0.3213,0.3319,EYES OPEN,0.0032,0.6,NO YAWN,14.75,6.0,LOW BLINK RATE,NORMAL
2026-09-07 12:51:18,0.3654,0.3228,0.3441,EYES OPEN,0.5053,0.6,NO YAWN,14.02,7.0,LOW BLINK RATE,NORMAL
2026-09-07 12:54:12,0.335,0.4137,0.3743,EYES OPEN,0.0058,0.6,NO YAWN,0.0,0.0,LOW BLINK RATE,NORMAL
2026-09-07 12:54:13,0.242,0.25,0.246,PARTIALLY CLOSED,0.0027,0.6,NO YAWN,18.75,2.0,LOW BLINK RATE,NORMAL
2026-09-07 12:54:14,0.3681,0.3483,0.3582,EYES OPEN,0.007,0.6,NO YAWN,17.74,3.0,LOW BLINK RATE,NORMAL
2026-09-07 12:54:15,0.3924,0.2745,0.3335,EYES OPEN,0.0103,0.6,NO YAWN,12.9,4.0,LOW BLINK RATE,NORMAL
2026-09-07 12:54:16,0.3135,0.2841,0.2988,PARTIALLY CLOSED,0.3217,0.6,NO YAWN,17.89,7.0,LOW BLINK RATE,NORMAL
2026-09-07 12:54:17,0.3281,0.3049,0.3165,EYES OPEN,0.5265,0.6,NO YAWN,20.78,10.0,NORMAL BLINK RATE,NORMAL
2026-09-07 12:54:18,0.3532,0.3214,0.3373,EYES OPEN,0.4532,0.6,NO YAWN,18.48,11.0,NORMAL BLINK RATE,NORMAL
2026-09-07 12:54:19,0.2295,0.1843,0.2069,PARTIALLY CLOSED,0.0027,0.6,NO YAWN,19.07,12.0,NORMAL BLINK RATE,NORMAL
2026-09-07 12:57:46,0.3024,0.3066,0.3045,EYES OPEN,0.0059,0.6,NO YAWN,0.0,0.0,LOW BLINK RATE,NORMAL
2026-09-07 12:57:47,0.2912,0.298,0.2946,PARTIALLY CLOSED,0.0015,0.6,NO YAWN,18.75,1.0,LOW BLINK RATE,NORMAL
2026-09-07 12:57:48,0.4398,0.3469,0.3934,EYES OPEN,0.2545,0.6,NO YAWN,9.68,1.0,LOW BLINK RATE,NORMAL
2026-09-07 12:57:49,0.4319,0.3795,0.4057,EYES OPEN,0.0095,0.6,NO YAWN,6.52,1.0,LOW BLINK RATE,NORMAL
2026-09-07 12:57:50,0.379,0.3948,0.3869,EYES OPEN,0.0058,0.6,NO YAWN,4.92,1.0,LOW BLINK RATE,NORMAL
2026-09-07 12:57:51,0.3353,0.3424,0.3388,EYES OPEN,0.0022,0.6,NO YAWN,3.92,1.0,LOW BLINK RATE,NORMAL
2026-09-07 12:57:52,0.3594,0.3517,0.3556,EYES OPEN,0.0081,0.6,NO YAWN,3.28,1.0,LOW BLINK RATE,NORMAL
2026-09-07 12:57:53,0.3218,0.3098,0.3158,EYES OPEN,0.0068,0.6,NO YAWN,2.8,1.0,LOW BLINK RATE,NORMAL
2026-09-07 12:57:54,0.297,0.2825,0.2898,PARTIALLY CLOSED,0.0144,0.6,NO YAWN,2.46,1.0,LOW BLINK RATE,NORMAL
2026-09-07 12:57:55,0.3322,0.3217,0.327,EYES OPEN,0.0067,0.6,NO YAWN,3.27,2.0,LOW BLINK RATE,NORMAL
2026-09-07 12:57:56,0.3205,0.3229,0.3217,EYES OPEN,0.0045,0.6,NO YAWN,2.95,2.0,LOW BLINK RATE,NORMAL
2026-09-07 12:57:57,0.3064,0.4024,0.3544,EYES OPEN,0.0161,0.6,NO YAWN,2.68,2.0,LOW BLINK RATE,NORMAL
2026-09-07 12:57:58,0.3067,0.4018,0.3542,EYES OPEN,0.011,0.6,NO YAWN,2.45,2.0,LOW BLINK RATE,NORMAL
2026-09-07 12:57:59,0.3318,0.3507,0.3413,EYES OPEN,0.0059,0.6,NO YAWN,3.02,3.0,LOW BLINK RATE,NORMAL
2026-09-07 12:58:00,0.3259,0.3059,0.3159,EYES OPEN,0.0042,0.6,NO YAWN,2.8,3.0,LOW BLINK RATE,NORMAL
2026-09-07 12:58:01,0.0676,0.0497,0.0587,EYES CLOSED,0.0105,0.6,NO YAWN,3.7,4.0,LOW BLINK RATE,EYES CLOSED
2026-09-07 13:09:20,0.2629,0.2363,0.2496,PARTIALLY CLOSED,0.0062,0.6,NO YAWN,0.0,0.0,LOW BLINK RATE,NORMAL
2026-09-07 13:09:21,0.2727,0.2518,0.2623,PARTIALLY CLOSED,0.0021,0.6,NO YAWN,9.38,1.0,LOW BLINK RATE,NORMAL
2026-09-07 13:09:22,0.154,0.1072,0.1306,EYES CLOSED,0.0044,0.6,NO YAWN,23.81,3.0,LOW BLINK RATE,EYES CLOSED
2026-09-07 13:09:23,0.1484,0.0805,0.1145,EYES CLOSED,0.0026,0.6,NO YAWN,26.6,5.0,LOW BLINK RATE,EYES CLOSED
2026-09-07 13:09:24,0.0947,0.0873,0.091,EYES CLOSED,0.0008,0.6,NO YAWN,26.61,7.0,LOW BLINK RATE,EYES CLOSED
2026-09-07 13:09:25,0.299,0.2697,0.2844,PARTIALLY CLOSED,0.0018,0.6,NO YAWN,27.1,9.0,LOW BLINK RATE,NORMAL
